time,elapsed_s,step_elapsed_s,cycle,step_index,setpoint_C,temperature_C,error_C,in_band,peltier_duty,peltier_direction
2026-09-14T10:53:05,0.0,0.0,1,0,21.0,27.687,-6.687,0,0.0,off
2026-09-14T10:53:10,5.0,5.0,1,0,21.0,27.750,-6.750,0,0.0,off
2026-09-14T10:53:15,10.0,10.0,1,0,21.0,27.812,-6.812,0,0.0,off
2026-09-14T10:53:20,15.0,15.0,1,0,21.0,27.812,-6.812,0,0.0,off
2026-09-14T10:53:25,20.0,20.0,1,0,21.0,27.812,-6.812,0,0.0,off
2026-09-14T10:53:30,25.0,25.0,1,0,21.0,27.812,-6.812,0,0.0,off
2026-09-14T10:53:35,30.0,30.0,1,0,21.0,27.750,-6.750,0,0.0,off
2026-09-14T10:53:40,35.0,35.0,1,0,21.0,27.687,-6.687,0,0.0,off
2026-09-14T10:53:45,40.0,40.0,1,0,21.0,27.687,-6.687,0,0.0,off
2026-09-14T10:53:50,45.0,45.0,1,0,21.0,27.625,-6.625,0,0.0,off
2026-09-14T10:53:55,50.0,50.0,1,0,21.0,27.562,-6.562,0,0.0,off
2026-09-14T10:54:00,55.0,55.0,1,0,21.0,27.437,-6.437,0,0.0,off
2026-09-14T10:54:05,60.0,60.0,1,0,21.0,27.437,-6.437,0,0.0,off
2026-09-14T10:54:10,65.0,65.0,1,0,21.0,27.312,-6.312,0,0.0,off
2026-09-14T10:54:15,70.0,70.0,1,0,21.0,27.250,-6.250,0,0.0,off
2026-09-14T10:54:20,75.0,75.0,1,0,21.0,27.187,-6.187,0,0.0,off
2026-09-14T10:54:25,80.0,80.0,1,0,21.0,27.125,-6.125,0,0.0,off
2026-09-14T10:54:30,85.0,85.0,1,0,21.0,27.000,-6.000,0,0.0,off
2026-09-14T10:54:35,90.0,90.0,1,0,21.0,26.937,-5.937,0,0.0,off
2026-09-14T10:54:40,95.0,95.0,1,0,21.0,26.875,-5.875,0,0.0,off
2026-09-14T10:54:45,100.0,100.0,1,0,21.0,26.812,-5.812,0,0.0,off
2026-09-14T10:54:50,105.0,105.0,1,0,21.0,26.750,-5.750,0,0.0,off
2026-09-14T10:54:55,110.0,110.0,1,0,21.0,26.625,-5.625,0,0.0,off
2026-09-14T10:55:00,115.0,115.0,1,0,21.0,26.625,-5.625,0,0.0,off
2026-09-14T10:55:05,120.0,120.0,1,0,21.0,26.562,-5.562,0,0.0,off
2026-09-14T10:55:10,125.0,125.0,1,0,21.0,26.437,-5.437,0,0.0,off
2026-09-14T10:55:15,130.0,130.0,1,0,21.0,26.375,-5.375,0,0.0,off
2026-09-14T10:55:20,135.0,135.0,1,0,21.0,26.312,-5.312,0,0.0,off
2026-09-14T10:55:25,140.0,140.0,1,0,21.0,26.250,-5.250,0,0.0,off
2026-09-14T10:55:30,145.0,145.0,1,0,21.0,26.187,-5.187,0,0.0,off
2026-09-14T10:55:35,150.0,150.0,1,0,21.0,26.062,-5.062,0,0.0,off
2026-09-14T10:55:40,155.0,155.0,1,0,21.0,26.062,-5.062,0,0.0,off
2026-09-14T10:55:45,160.0,160.0,1,0,21.0,25.937,-4.937,0,0.0,off
2026-09-14T10:55:50,165.0,165.0,1,0,21.0,25.937,-4.937,0,0.0,off
2026-09-14T10:55:55,170.0,170.0,1,0,21.0,25.812,-4.812,0,0.0,off
2026-09-14T10:56:00,175.0,175.0,1,0,21.0,25.750,-4.750,0,0.0,off
2026-09-14T10:56:05,180.0,180.0,1,0,21.0,25.750,-4.750,0,0.0,off
2026-09-14T10:56:10,185.0,185.0,1,0,21.0,25.687,-4.687,0,0.0,off
2026-09-14T10:56:15,190.0,190.0,1,0,21.0,25.625,-4.625,0,0.0,off
2026-09-14T10:56:20,195.0,195.0,1,0,21.0,25.562,-4.562,0,0.0,off
2026-09-14T10:56:25,200.0,200.0,1,0,21.0,25.500,-4.500,0,0.0,off
2026-09-14T10:56:30,205.0,205.0,1,0,21.0,25.437,-4.437,0,0.0,off
2026-09-14T10:56:35,210.0,210.0,1,0,21.0,25.375,-4.375,0,0.0,off
2026-09-14T10:56:40,215.0,215.0,1,0,21.0,25.250,-4.250,0,0.0,off
2026-09-14T10:56:45,220.0,220.0,1,0,21.0,25.250,-4.250,0,0.0,off
2026-09-14T10:56:50,225.0,225.0,1,0,21.0,25.187,-4.187,0,0.0,off
2026-09-14T10:56:55,230.0,230.0,1,0,21.0,25.125,-4.125,0,0.0,off
2026-09-14T10:57:00,235.0,235.0,1,0,21.0,25.062,-4.062,0,0.0,off
2026-09-14T10:57:05,240.0,240.0,1,0,21.0,25.000,-4.000,0,0.0,off
2026-09-14T10:57:10,245.0,245.0,1,0,21.0,24.937,-3.937,0,0.0,off
2026-09-14T10:57:15,250.0,250.0,1,0,21.0,24.937,-3.937,0,0.0,off
2026-09-14T10:57:20,255.0,255.0,1,0,21.0,24.812,-3.812,0,0.0,off
2026-09-14T10:57:25,260.0,260.0,1,0,21.0,24.812,-3.812,0,0.0,off
2026-09-14T10:57:30,265.0,265.0,1,0,21.0,24.750,-3.750,0,0.0,off
2026-09-14T10:57:35,270.0,270.0,1,0,21.0,24.687,-3.687,0,0.0,off
2026-09-14T10:57:40,275.0,275.0,1,0,21.0,24.687,-3.687,0,0.0,off
2026-09-14T10:57:45,280.0,280.0,1,0,21.0,24.625,-3.625,0,0.0,off
2026-09-14T10:57:50,285.0,285.0,1,0,21.0,24.562,-3.562,0,0.0,off
2026-09-14T10:57:55,290.0,290.0,1,0,21.0,24.500,-3.500,0,0.0,off
2026-09-14T10:58:00,295.0,295.0,1,0,21.0,24.500,-3.500,0,0.0,off
2026-09-14T10:58:05,300.0,300.0,1,0,21.0,24.437,-3.437,0,0.0,off
2026-09-14T10:58:10,305.0,305.0,1,0,21.0,24.375,-3.375,0,0.0,off
2026-09-14T10:58:15,310.0,310.0,1,0,21.0,24.375,-3.375,0,0.0,off
2026-09-14T10:58:20,315.0,315.0,1,0,21.0,24.312,-3.312,0,0.0,off
2026-09-14T10:58:25,320.0,320.0,1,0,21.0,24.250,-3.250,0,0.0,off
2026-09-14T10:58:30,325.0,325.0,1,0,21.0,24.187,-3.187,0,0.0,off
2026-09-14T10:58:35,330.0,330.0,1,0,21.0,24.187,-3.187,0,0.0,off
2026-09-14T10:58:40,335.0,335.0,1,0,21.0,24.125,-3.125,0,0.0,off
2026-09-14T10:58:45,340.0,340.0,1,0,21.0,24.062,-3.062,0,0.0,off
2026-09-14T10:58:50,345.0,345.0,1,0,21.0,24.000,-3.000,0,0.0,off
2026-09-14T10:58:55,350.0,350.0,1,0,21.0,24.000,-3.000,0,0.0,off
2026-09-14T10:59:00,355.0,355.0,1,0,21.0,23.937,-2.937,0,0.0,off
2026-09-14T10:59:05,360.0,360.0,1,0,21.0,23.875,-2.875,0,0.0,off
2026-09-14T10:59:10,365.0,365.0,1,0,21.0,23.875,-2.875,0,0.0,off
2026-09-14T10:59:15,370.0,370.0,1,0,21.0,23.812,-2.812,0,0.0,off
2026-09-14T10:59:20,375.0,375.0,1,0,21.0,23.812,-2.812,0,0.0,off
2026-09-14T10:59:25,380.0,380.0,1,0,21.0,23.750,-2.750,0,0.0,off
2026-09-14T10:59:30,385.0,385.0,1,0,21.0,23.687,-2.687,0,0.0,off
2026-09-14T10:59:35,390.0,390.0,1,0,21.0,23.687,-2.687,0,0.0,off
2026-09-14T10:59:40,395.0,395.0,1,0,21.0,23.625,-2.625,0,0.0,off
2026-09-14T10:59:45,400.0,400.0,1,0,21.0,23.562,-2.562,0,0.0,off
2026-09-14T10:59:50,405.0,405.0,1,0,21.0,23.562,-2.562,0,0.0,off
2026-09-14T10:59:55,410.0,410.0,1,0,21.0,23.500,-2.500,0,0.0,off
2026-09-14T11:00:00,415.0,415.0,1,0,21.0,23.500,-2.500,0,0.0,off
2026-09-14T11:00:06,420.0,420.0,1,0,21.0,23.437,-2.437,0,0.0,off
2026-09-14T11:00:10,425.0,425.0,1,0,21.0,23.437,-2.437,0,0.0,off
2026-09-14T11:00:15,430.0,430.0,1,0,21.0,23.375,-2.375,0,0.0,off
2026-09-14T11:00:20,435.0,435.0,1,0,21.0,23.312,-2.312,0,0.0,off
2026-09-14T11:00:25,440.0,440.0,1,0,21.0,23.312,-2.312,0,0.0,off
2026-09-14T11:00:30,445.0,445.0,1,0,21.0,23.250,-2.250,0,0.0,off
2026-09-14T11:00:35,450.0,450.0,1,0,21.0,23.250,-2.250,0,0.0,off
2026-09-14T11:00:40,455.0,455.0,1,0,21.0,23.187,-2.187,0,0.0,off
2026-09-14T11:00:45,460.0,460.0,1,0,21.0,23.187,-2.187,0,0.0,off
2026-09-14T11:00:50,465.0,465.0,1,0,21.0,23.125,-2.125,0,0.0,off
2026-09-14T11:00:55,470.0,470.0,1,0,21.0,23.125,-2.125,0,0.0,off
2026-09-14T11:01:00,475.0,475.0,1,0,21.0,23.062,-2.062,0,0.0,off
2026-09-14T11:01:05,480.0,480.0,1,0,21.0,23.062,-2.062,0,0.0,off
2026-09-14T11:01:10,485.0,485.0,1,0,21.0,23.000,-2.000,0,0.0,off
2026-09-14T11:01:15,490.0,490.0,1,0,21.0,23.000,-2.000,0,0.0,off
2026-09-14T11:01:20,495.0,495.0,1,0,21.0,22.937,-1.937,0,0.0,off
2026-09-14T11:01:25,500.0,500.0,1,0,21.0,22.937,-1.937,0,0.0,off
2026-09-14T11:01:30,505.0,505.0,1,0,21.0,22.875,-1.875,0,0.0,off
2026-09-14T11:01:35,510.0,510.0,1,0,21.0,22.875,-1.875,0,0.0,off
2026-09-14T11:01:40,515.0,515.0,1,0,21.0,22.812,-1.812,0,0.0,off
2026-09-14T11:01:45,520.0,520.0,1,0,21.0,22.812,-1.812,0,0.0,off
2026-09-14T11:01:50,525.0,525.0,1,0,21.0,22.750,-1.750,0,0.0,off
2026-09-14T11:01:55,530.0,530.0,1,0,21.0,22.687,-1.687,0,0.0,off
2026-09-14T11:02:00,535.0,535.0,1,0,21.0,22.687,-1.687,0,0.0,off
2026-09-14T11:02:05,540.0,540.0,1,0,21.0,22.687,-1.687,0,0.0,off
2026-09-14T11:02:10,545.0,545.0,1,0,21.0,22.625,-1.625,0,0.0,off
2026-09-14T11:02:16,550.0,550.0,1,0,21.0,22.625,-1.625,0,0.0,off
2026-09-14T11:02:20,555.0,555.0,1,0,21.0,22.625,-1.625,0,0.0,off
2026-09-14T11:02:25,560.0,560.0,1,0,21.0,22.562,-1.562,0,0.0,off
2026-09-14T11:02:30,565.0,565.0,1,0,21.0,22.500,-1.500,0,0.0,off
2026-09-14T11:02:36,570.0,570.0,1,0,21.0,22.500,-1.500,0,0.0,off
2026-09-14T11:02:40,575.0,575.0,1,0,21.0,22.437,-1.437,0,0.0,off
2026-09-14T11:02:45,580.0,580.0,1,0,21.0,22.437,-1.437,0,0.0,off
2026-09-14T11:02:50,585.0,585.0,1,0,21.0,22.437,-1.437,0,0.0,off
2026-09-14T11:02:56,590.0,590.0,1,0,21.0,22.437,-1.437,0,0.0,off
2026-09-14T11:03:00,595.0,595.0,1,0,21.0,22.375,-1.375,0,0.0,off
2026-09-14T11:03:05,600.0,600.0,1,0,21.0,22.312,-1.312,0,0.0,off
2026-09-14T11:03:10,605.0,605.0,1,0,21.0,22.312,-1.312,0,0.0,off
2026-09-14T11:03:16,610.0,610.0,1,0,21.0,22.312,-1.312,0,0.0,off
2026-09-14T11:03:20,615.0,615.0,1,0,21.0,22.250,-1.250,0,0.0,off
2026-09-14T11:03:25,620.0,620.0,1,0,21.0,22.250,-1.250,0,0.0,off
2026-09-14T11:03:30,625.0,625.0,1,0,21.0,22.250,-1.250,0,0.0,off
2026-09-14T11:03:36,630.0,630.0,1,0,21.0,22.187,-1.187,0,0.0,off
2026-09-14T11:03:40,635.0,635.0,1,0,21.0,22.187,-1.187,0,0.0,off
2026-09-14T11:03:45,640.0,640.0,1,0,21.0,22.125,-1.125,0,0.0,off
2026-09-14T11:03:50,645.0,645.0,1,0,21.0,22.125,-1.125,0,0.0,off
2026-09-14T11:03:56,650.0,650.0,1,0,21.0,22.125,-1.125,0,0.0,off
2026-09-14T11:04:00,655.0,655.0,1,0,21.0,22.062,-1.062,0,0.0,off
2026-09-14T11:04:05,660.0,660.0,1,0,21.0,22.062,-1.062,0,0.0,off
2026-09-14T11:04:10,665.0,665.0,1,0,21.0,22.062,-1.062,0,0.0,off
2026-09-14T11:04:16,670.0,670.0,1,0,21.0,22.000,-1.000,0,0.0,off
2026-09-14T11:04:20,675.0,675.0,1,0,21.0,22.000,-1.000,0,0.0,off
2026-09-14T11:04:25,680.0,680.0,1,0,21.0,21.937,-0.937,0,0.0,off
2026-09-14T11:04:30,685.0,685.0,1,0,21.0,21.937,-0.937,0,0.0,off
2026-09-14T11:04:36,690.0,690.0,1,0,21.0,21.875,-0.875,0,0.0,off
2026-09-14T11:04:40,695.0,695.0,1,0,21.0,21.875,-0.875,0,0.0,off
2026-09-14T11:04:45,700.0,700.0,1,0,21.0,21.875,-0.875,0,0.0,off
2026-09-14T11:04:50,705.0,705.0,1,0,21.0,21.875,-0.875,0,0.0,off
2026-09-14T11:04:56,710.0,710.0,1,0,21.0,21.812,-0.812,0,0.0,off
2026-09-14T11:05:00,715.0,715.0,1,0,21.0,21.812,-0.812,0,0.0,off
2026-09-14T11:05:05,720.0,720.0,1,0,21.0,21.812,-0.812,0,0.0,off
2026-09-14T11:05:10,725.0,725.0,1,0,21.0,21.750,-0.750,0,0.0,off
2026-09-14T11:05:16,730.0,730.0,1,0,21.0,21.750,-0.750,0,0.0,off
2026-09-14T11:05:20,735.0,735.0,1,0,21.0,21.750,-0.750,0,0.0,off
2026-09-14T11:05:25,740.0,740.0,1,0,21.0,21.687,-0.687,0,0.0,off
2026-09-14T11:05:30,745.0,745.0,1,0,21.0,21.687,-0.687,0,0.0,off
2026-09-14T11:05:36,750.0,750.0,1,0,21.0,21.625,-0.625,0,0.0,off
2026-09-14T11:05:40,755.0,755.0,1,0,21.0,21.625,-0.625,0,0.0,off
2026-09-14T11:05:45,760.0,760.0,1,0,21.0,21.625,-0.625,0,0.0,off
2026-09-14T11:05:51,765.0,765.0,1,0,21.0,21.562,-0.562,0,0.0,off
2026-09-14T11:05:56,770.0,770.0,1,0,21.0,21.562,-0.562,0,0.0,off
2026-09-14T11:06:00,775.0,775.0,1,0,21.0,21.562,-0.562,0,0.0,off
2026-09-14T11:06:05,780.0,780.0,1,0,21.0,21.500,-0.500,0,0.0,off
2026-09-14T11:06:10,785.0,785.0,1,0,21.0,21.500,-0.500,0,0.0,off
2026-09-14T11:06:16,790.0,790.0,1,0,21.0,21.500,-0.500,0,0.0,off
2026-09-14T11:06:20,795.0,795.0,1,0,21.0,21.500,-0.500,0,0.0,off
2026-09-14T11:06:25,800.0,800.0,1,0,21.0,21.437,-0.437,0,0.0,off
2026-09-14T11:06:30,805.0,805.0,1,0,21.0,21.437,-0.437,0,0.0,off
2026-09-14T11:06:36,810.0,810.0,1,0,21.0,21.437,-0.437,0,0.0,off
2026-09-14T11:06:40,815.0,815.0,1,0,21.0,21.375,-0.375,0,0.0,off
2026-09-14T11:06:45,820.0,820.0,1,0,21.0,21.375,-0.375,0,0.0,off
2026-09-14T11:06:50,825.0,825.0,1,0,21.0,21.375,-0.375,0,0.0,off
2026-09-14T11:06:56,830.0,830.0,1,0,21.0,21.375,-0.375,0,0.0,off
2026-09-14T11:07:00,835.0,835.0,1,0,21.0,21.312,-0.312,0,0.0,off
2026-09-14T11:07:05,840.0,840.0,1,0,21.0,21.375,-0.375,0,0.0,off
2026-09-14T11:07:10,845.0,845.0,1,0,21.0,21.312,-0.312,0,0.0,off
2026-09-14T11:07:16,850.0,850.0,1,0,21.0,21.312,-0.312,0,0.0,off
2026-09-14T11:07:20,855.0,855.0,1,0,21.0,21.312,-0.312,0,0.0,off
2026-09-14T11:07:25,860.0,860.0,1,0,21.0,21.250,-0.250,1,0.0,off
2026-09-14T11:07:30,865.0,865.0,1,0,21.0,21.250,-0.250,1,0.0,off
2026-09-14T11:07:36,870.0,870.0,1,0,21.0,21.250,-0.250,1,0.0,off
2026-09-14T11:07:40,875.0,875.0,1,0,21.0,21.250,-0.250,1,0.0,off
2026-09-14T11:07:45,880.0,880.0,1,0,21.0,21.250,-0.250,1,0.0,off
2026-09-14T11:07:50,885.0,885.0,1,0,21.0,21.250,-0.250,1,0.0,off
2026-09-14T11:07:56,890.0,890.0,1,0,21.0,21.187,-0.187,1,0.0,off
2026-09-14T11:08:00,895.0,895.0,1,0,21.0,21.250,-0.250,1,0.0,off
2026-09-14T11:08:05,900.0,900.0,1,0,21.0,21.187,-0.187,1,0.0,off
2026-09-14T11:08:10,905.0,905.0,1,0,21.0,21.187,-0.187,1,0.0,off
2026-09-14T11:08:16,910.0,910.0,1,0,21.0,21.187,-0.187,1,0.0,off
2026-09-14T11:08:20,915.0,915.0,1,0,21.0,21.187,-0.187,1,0.0,off
2026-09-14T11:08:25,920.0,0.0,1,1,23.0,21.187,1.813,0,37.9,heat
2026-09-14T11:08:31,925.0,5.0,1,1,23.0,21.187,1.813,0,38.0,heat
2026-09-14T11:08:36,930.0,10.0,1,1,23.0,21.187,1.813,0,38.2,heat
2026-09-14T11:08:40,935.0,15.0,1,1,23.0,21.187,1.813,0,38.3,heat
2026-09-14T11:08:45,940.0,20.0,1,1,23.0,21.250,1.750,0,37.7,heat
2026-09-14T11:08:51,945.0,25.0,1,1,23.0,21.312,1.688,0,37.1,heat
2026-09-14T11:08:56,950.0,30.0,1,1,23.0,21.500,1.500,0,34.9,heat
2026-09-14T11:09:00,955.0,35.0,1,1,23.0,21.687,1.313,0,32.8,heat
2026-09-14T11:09:06,960.0,40.0,1,1,23.0,21.875,1.125,0,30.6,heat
2026-09-14T11:09:11,965.0,45.0,1,1,23.0,22.125,0.875,0,27.7,heat
2026-09-14T11:09:16,970.0,50.0,1,1,23.0,22.437,0.563,0,24.0,heat
2026-09-14T11:09:20,975.0,55.0,1,1,23.0,22.687,0.313,0,21.0,heat
2026-09-14T11:09:25,980.0,60.0,1,1,23.0,23.000,0.000,1,17.2,heat
2026-09-14T11:09:31,985.0,65.0,1,1,23.0,23.312,-0.312,0,0.0,off
2026-09-14T11:09:36,990.0,70.0,1,1,23.0,23.625,-0.625,0,0.0,off
2026-09-14T11:09:40,995.0,75.0,1,1,23.0,23.812,-0.812,0,0.0,off
2026-09-14T11:09:45,1000.0,80.0,1,1,23.0,24.125,-1.125,0,0.0,off
2026-09-14T11:09:51,1005.0,85.0,1,1,23.0,24.312,-1.312,0,0.0,off
2026-09-14T11:09:56,1010.0,90.0,1,1,23.0,24.500,-1.500,0,0.0,off
2026-09-14T11:10:00,1015.0,95.0,1,1,23.0,24.625,-1.625,0,0.0,off
2026-09-14T11:10:05,1020.0,100.0,1,1,23.0,24.750,-1.750,0,0.0,off
2026-09-14T11:10:11,1025.0,105.0,1,1,23.0,24.812,-1.812,0,0.0,off
2026-09-14T11:10:16,1030.0,110.0,1,1,23.0,24.875,-1.875,0,0.0,off
2026-09-14T11:10:20,1035.0,115.0,1,1,23.0,24.875,-1.875,0,0.0,off
2026-09-14T11:10:25,1040.0,120.0,1,1,23.0,24.875,-1.875,0,0.0,off
2026-09-14T11:10:31,1045.0,125.0,1,1,23.0,24.875,-1.875,0,0.0,off
2026-09-14T11:10:36,1050.0,130.0,1,1,23.0,24.875,-1.875,0,0.0,off
2026-09-14T11:10:40,1055.0,135.0,1,1,23.0,24.875,-1.875,0,0.0,off
2026-09-14T11:10:46,1060.0,140.0,1,1,23.0,24.875,-1.875,0,0.0,off
2026-09-14T11:10:51,1065.0,145.0,1,1,23.0,24.875,-1.875,0,0.0,off
2026-09-14T11:10:56,1070.0,150.0,1,1,23.0,24.812,-1.812,0,0.0,off
2026-09-14T11:11:01,1075.0,155.0,1,1,23.0,24.750,-1.750,0,0.0,off
2026-09-14T11:11:06,1080.0,160.0,1,1,23.0,24.750,-1.750,0,0.0,off
2026-09-14T11:11:11,1085.0,165.0,1,1,23.0,24.750,-1.750,0,0.0,off
2026-09-14T11:11:16,1090.0,170.0,1,1,23.0,24.687,-1.687,0,0.0,off
2026-09-14T11:11:21,1095.0,175.0,1,1,23.0,24.687,-1.687,0,0.0,off
2026-09-14T11:11:26,1100.1,180.0,1,1,23.0,24.625,-1.625,0,0.0,off
2026-09-14T11:11:31,1105.1,185.0,1,1,23.0,24.562,-1.562,0,0.0,off
2026-09-14T11:11:36,1110.1,190.0,1,1,23.0,24.562,-1.562,0,0.0,off
2026-09-14T11:11:41,1115.1,195.0,1,1,23.0,24.500,-1.500,0,0.0,off
2026-09-14T11:11:46,1120.1,200.0,1,1,23.0,24.500,-1.500,0,0.0,off
2026-09-14T11:11:51,1125.1,205.0,1,1,23.0,24.437,-1.437,0,0.0,off
2026-09-14T11:11:56,1130.1,210.0,1,1,23.0,24.437,-1.437,0,0.0,off
2026-09-14T11:12:01,1135.1,215.0,1,1,23.0,24.375,-1.375,0,0.0,off
2026-09-14T11:12:06,1140.1,220.0,1,1,23.0,24.375,-1.375,0,0.0,off
2026-09-14T11:12:11,1145.1,225.0,1,1,23.0,24.312,-1.312,0,0.0,off
2026-09-14T11:12:16,1150.1,230.0,1,1,23.0,24.312,-1.312,0,0.0,off
2026-09-14T11:12:21,1155.1,235.0,1,1,23.0,24.250,-1.250,0,0.0,off
2026-09-14T11:12:26,1160.1,240.0,1,1,23.0,24.250,-1.250,0,0.0,off
2026-09-14T11:12:31,1165.1,245.0,1,1,23.0,24.187,-1.187,0,0.0,off
2026-09-14T11:12:36,1170.1,250.0,1,1,23.0,24.187,-1.187,0,0.0,off
2026-09-14T11:12:41,1175.1,255.0,1,1,23.0,24.125,-1.125,0,0.0,off
2026-09-14T11:12:46,1180.1,260.0,1,1,23.0,24.125,-1.125,0,0.0,off
2026-09-14T11:12:51,1185.1,265.0,1,1,23.0,24.062,-1.062,0,0.0,off
2026-09-14T11:12:56,1190.1,270.0,1,1,23.0,24.062,-1.062,0,0.0,off
2026-09-14T11:13:01,1195.1,275.0,1,1,23.0,24.062,-1.062,0,0.0,off
2026-09-14T11:13:06,1200.1,280.0,1,1,23.0,24.000,-1.000,0,0.0,off
2026-09-14T11:13:11,1205.1,285.0,1,1,23.0,24.000,-1.000,0,0.0,off
2026-09-14T11:13:16,1210.1,290.0,1,1,23.0,24.000,-1.000,0,0.0,off
2026-09-14T11:13:21,1215.1,295.0,1,1,23.0,23.937,-0.937,0,0.0,off
2026-09-14T11:13:26,1220.1,300.0,1,1,23.0,23.937,-0.937,0,0.0,off
2026-09-14T11:13:31,1225.1,305.0,1,1,23.0,23.875,-0.875,0,0.0,off
2026-09-14T11:13:36,1230.1,310.0,1,1,23.0,23.875,-0.875,0,0.0,off
2026-09-14T11:13:41,1235.1,315.0,1,1,23.0,23.812,-0.812,0,0.0,off
2026-09-14T11:13:46,1240.1,320.0,1,1,23.0,23.812,-0.812,0,0.0,off
2026-09-14T11:13:51,1245.1,325.0,1,1,23.0,23.812,-0.812,0,0.0,off
2026-09-14T11:13:56,1250.1,330.0,1,1,23.0,23.750,-0.750,0,0.0,off
2026-09-14T11:14:01,1255.1,335.0,1,1,23.0,23.750,-0.750,0,0.0,off
2026-09-14T11:14:06,1260.1,340.0,1,1,23.0,23.687,-0.687,0,0.0,off
2026-09-14T11:14:11,1265.1,345.0,1,1,23.0,23.687,-0.687,0,0.0,off
2026-09-14T11:14:16,1270.1,350.0,1,1,23.0,23.687,-0.687,0,0.0,off
2026-09-14T11:14:21,1275.1,355.0,1,1,23.0,23.625,-0.625,0,0.0,off
2026-09-14T11:14:26,1280.1,360.0,1,1,23.0,23.625,-0.625,0,0.0,off
2026-09-14T11:14:31,1285.1,365.0,1,1,23.0,23.625,-0.625,0,0.0,off
2026-09-14T11:14:36,1290.1,370.0,1,1,23.0,23.562,-0.562,0,0.0,off
2026-09-14T11:14:41,1295.1,375.0,1,1,23.0,23.562,-0.562,0,0.0,off
2026-09-14T11:14:46,1300.1,380.0,1,1,23.0,23.562,-0.562,0,0.0,off
2026-09-14T11:14:51,1305.1,385.0,1,1,23.0,23.500,-0.500,0,0.0,off
2026-09-14T11:14:56,1310.1,390.0,1,1,23.0,23.500,-0.500,0,0.0,off
2026-09-14T11:15:01,1315.1,395.0,1,1,23.0,23.437,-0.437,0,0.0,off
2026-09-14T11:15:06,1320.1,400.0,1,1,23.0,23.437,-0.437,0,0.0,off
2026-09-14T11:15:11,1325.1,405.0,1,1,23.0,23.437,-0.437,0,0.0,off
2026-09-14T11:15:16,1330.1,410.0,1,1,23.0,23.375,-0.375,0,0.0,off
2026-09-14T11:15:21,1335.1,415.0,1,1,23.0,23.375,-0.375,0,0.0,off
2026-09-14T11:15:26,1340.1,420.0,1,1,23.0,23.375,-0.375,0,0.0,off
2026-09-14T11:15:31,1345.1,425.0,1,1,23.0,23.312,-0.312,0,0.0,off
2026-09-14T11:15:36,1350.1,430.0,1,1,23.0,23.312,-0.312,0,0.0,off
2026-09-14T11:15:41,1355.1,435.0,1,1,23.0,23.312,-0.312,0,0.0,off
2026-09-14T11:15:46,1360.1,440.0,1,1,23.0,23.250,-0.250,1,0.0,off
2026-09-14T11:15:51,1365.1,445.0,1,1,23.0,23.250,-0.250,1,0.0,off
2026-09-14T11:15:56,1370.1,450.0,1,1,23.0,23.250,-0.250,1,0.0,off
2026-09-14T11:16:01,1375.1,455.0,1,1,23.0,23.187,-0.187,1,0.0,off
2026-09-14T11:16:06,1380.1,460.0,1,1,23.0,23.187,-0.187,1,0.0,off
2026-09-14T11:16:11,1385.1,465.0,1,1,23.0,23.125,-0.125,1,0.0,off
2026-09-14T11:16:16,1390.1,470.0,1,1,23.0,23.125,-0.125,1,0.0,off
2026-09-14T11:16:21,1395.1,475.0,1,1,23.0,23.062,-0.062,1,0.0,off
2026-09-14T11:16:26,1400.1,480.0,1,1,23.0,23.062,-0.062,1,0.0,off
2026-09-14T11:16:31,1405.1,485.0,1,1,23.0,23.062,-0.062,1,0.0,off
2026-09-14T11:16:36,1410.1,490.0,1,1,23.0,23.000,0.000,1,17.2,heat
2026-09-14T11:16:41,1415.1,495.0,1,1,23.0,23.000,0.000,1,17.2,heat
2026-09-14T11:16:46,1420.1,0.0,1,2,25.0,23.000,2.000,0,56.1,heat
2026-09-14T11:16:51,1425.1,5.0,1,2,25.0,23.000,2.000,0,56.3,heat
2026-09-14T11:16:56,1430.1,10.0,1,2,25.0,23.000,2.000,0,56.5,heat
2026-09-14T11:17:01,1435.1,15.0,1,2,25.0,23.000,2.000,0,56.6,heat
2026-09-14T11:17:06,1440.1,20.0,1,2,25.0,23.125,1.875,0,55.2,heat
2026-09-14T11:17:11,1445.1,25.0,1,2,25.0,23.312,1.688,0,53.1,heat
2026-09-14T11:17:16,1450.1,30.0,1,2,25.0,23.500,1.500,0,51.0,heat
2026-09-14T11:17:21,1455.1,35.0,1,2,25.0,23.750,1.250,0,48.1,heat
2026-09-14T11:17:26,1460.1,40.0,1,2,25.0,24.125,0.875,0,43.6,heat
2026-09-14T11:17:31,1465.1,45.0,1,2,25.0,24.437,0.563,0,39.9,heat
2026-09-14T11:17:36,1470.1,50.0,1,2,25.0,24.812,0.188,1,35.5,heat
2026-09-14T11:17:41,1475.1,55.0,1,2,25.0,25.187,-0.187,1,0.0,off
2026-09-14T11:17:46,1480.1,60.0,1,2,25.0,25.625,-0.625,0,0.0,off
2026-09-14T11:17:51,1485.1,65.0,1,2,25.0,26.000,-1.000,0,0.0,off
2026-09-14T11:17:56,1490.1,70.0,1,2,25.0,26.375,-1.375,0,0.0,off
2026-09-14T11:18:01,1495.1,75.0,1,2,25.0,26.687,-1.687,0,0.0,off
2026-09-14T11:18:06,1500.1,80.0,1,2,25.0,26.937,-1.937,0,0.0,off
2026-09-14T11:18:11,1505.1,85.0,1,2,25.0,27.125,-2.125,0,0.0,off
2026-09-14T11:18:16,1510.1,90.0,1,2,25.0,27.312,-2.312,0,0.0,off
2026-09-14T11:18:21,1515.1,95.0,1,2,25.0,27.375,-2.375,0,0.0,off
2026-09-14T11:18:26,1520.1,100.0,1,2,25.0,27.437,-2.437,0,0.0,off
2026-09-14T11:18:31,1525.1,105.0,1,2,25.0,27.500,-2.500,0,0.0,off
2026-09-14T11:18:36,1530.1,110.0,1,2,25.0,27.500,-2.500,0,0.0,off
2026-09-14T11:18:41,1535.1,115.0,1,2,25.0,27.500,-2.500,0,0.0,off
2026-09-14T11:18:46,1540.1,120.0,1,2,25.0,27.437,-2.437,0,0.0,off
2026-09-14T11:18:51,1545.1,125.0,1,2,25.0,27.437,-2.437,0,0.0,off
2026-09-14T11:18:56,1550.1,130.0,1,2,25.0,27.312,-2.312,0,0.0,off
2026-09-14T11:19:01,1555.1,135.0,1,2,25.0,27.312,-2.312,0,0.0,off
2026-09-14T11:19:06,1560.1,140.0,1,2,25.0,27.187,-2.187,0,0.0,off
2026-09-14T11:19:11,1565.1,145.0,1,2,25.0,27.187,-2.187,0,0.0,off
2026-09-14T11:19:16,1570.1,150.0,1,2,25.0,27.062,-2.062,0,0.0,off
2026-09-14T11:19:21,1575.1,155.0,1,2,25.0,27.000,-2.000,0,0.0,off
2026-09-14T11:19:26,1580.1,160.0,1,2,25.0,27.000,-2.000,0,0.0,off
2026-09-14T11:19:31,1585.1,165.0,1,2,25.0,26.875,-1.875,0,0.0,off
2026-09-14T11:19:36,1590.1,170.0,1,2,25.0,26.875,-1.875,0,0.0,off
2026-09-14T11:19:41,1595.1,175.0,1,2,25.0,26.687,-1.687,0,0.0,off
2026-09-14T11:19:46,1600.1,180.0,1,2,25.0,26.625,-1.625,0,0.0,off
2026-09-14T11:19:51,1605.1,185.0,1,2,25.0,26.562,-1.562,0,0.0,off
2026-09-14T11:19:56,1610.1,190.0,1,2,25.0,26.500,-1.500,0,0.0,off
2026-09-14T11:20:01,1615.1,195.0,1,2,25.0,26.437,-1.437,0,0.0,off
2026-09-14T11:20:06,1620.1,200.0,1,2,25.0,26.312,-1.312,0,0.0,off
2026-09-14T11:20:11,1625.1,205.0,1,2,25.0,26.250,-1.250,0,0.0,off
2026-09-14T11:20:16,1630.1,210.0,1,2,25.0,26.187,-1.187,0,0.0,off
2026-09-14T11:20:21,1635.1,215.0,1,2,25.0,26.125,-1.125,0,0.0,off
2026-09-14T11:20:26,1640.1,220.0,1,2,25.0,26.062,-1.062,0,0.0,off
2026-09-14T11:20:31,1645.1,225.0,1,2,25.0,25.937,-0.937,0,0.0,off
2026-09-14T11:20:36,1650.1,230.0,1,2,25.0,25.875,-0.875,0,0.0,off
2026-09-14T11:20:41,1655.1,235.0,1,2,25.0,25.812,-0.812,0,0.0,off
2026-09-14T11:20:46,1660.1,240.0,1,2,25.0,25.750,-0.750,0,0.0,off
2026-09-14T11:20:51,1665.1,245.0,1,2,25.0,25.687,-0.687,0,0.0,off
2026-09-14T11:20:56,1670.1,250.0,1,2,25.0,25.625,-0.625,0,0.0,off
2026-09-14T11:21:01,1675.1,255.0,1,2,25.0,25.562,-0.562,0,0.0,off
2026-09-14T11:21:06,1680.1,260.0,1,2,25.0,25.500,-0.500,0,0.0,off
2026-09-14T11:21:11,1685.1,265.0,1,2,25.0,25.437,-0.437,0,0.0,off
2026-09-14T11:21:16,1690.1,270.0,1,2,25.0,25.375,-0.375,0,0.0,off
2026-09-14T11:21:21,1695.1,275.0,1,2,25.0,25.312,-0.312,0,0.0,off
2026-09-14T11:21:26,1700.1,280.0,1,2,25.0,25.250,-0.250,1,0.0,off
2026-09-14T11:21:31,1705.1,285.0,1,2,25.0,25.187,-0.187,1,0.0,off
2026-09-14T11:21:36,1710.1,290.0,1,2,25.0,25.125,-0.125,1,0.0,off
2026-09-14T11:21:41,1715.1,295.0,1,2,25.0,25.062,-0.062,1,0.0,off
2026-09-14T11:21:46,1720.1,300.0,1,2,25.0,25.000,0.000,1,33.2,heat
2026-09-14T11:21:51,1725.1,305.0,1,2,25.0,24.937,0.063,1,34.0,heat
2026-09-14T11:21:56,1730.1,310.0,1,2,25.0,24.875,0.125,1,34.7,heat
2026-09-14T11:22:01,1735.1,315.0,1,2,25.0,24.875,0.125,1,34.7,heat
2026-09-14T11:22:06,1740.1,320.0,1,2,25.0,24.812,0.188,1,35.5,heat
2026-09-14T11:22:11,1745.1,325.0,1,2,25.0,24.875,0.125,1,34.7,heat
2026-09-14T11:22:16,1750.1,330.0,1,2,25.0,24.937,0.063,1,34.0,heat
2026-09-14T11:22:21,1755.1,335.0,1,2,25.0,25.062,-0.062,1,0.0,off
2026-09-14T11:22:26,1760.1,0.0,1,3,27.0,25.187,1.813,0,69.9,heat
2026-09-14T11:22:31,1765.1,5.0,1,3,27.0,25.437,1.563,0,67.0,heat
2026-09-14T11:22:36,1770.1,10.0,1,3,27.0,25.562,1.438,0,65.6,heat
2026-09-14T11:22:41,1775.1,15.0,1,3,27.0,25.750,1.250,0,63.5,heat
2026-09-14T11:22:46,1780.1,20.0,1,3,27.0,26.062,0.938,0,59.8,heat
2026-09-14T11:22:51,1785.1,25.0,1,3,27.0,26.312,0.688,0,56.8,heat
2026-09-14T11:22:56,1790.1,30.0,1,3,27.0,26.625,0.375,0,53.1,heat
2026-09-14T11:23:01,1795.1,35.0,1,3,27.0,26.937,0.063,1,49.4,heat
2026-09-14T11:23:06,1800.1,40.0,1,3,27.0,27.312,-0.312,0,0.0,off
2026-09-14T11:23:11,1805.1,45.0,1,3,27.0,27.750,-0.750,0,0.0,off
2026-09-14T11:23:16,1810.1,50.0,1,3,27.0,28.187,-1.187,0,0.0,off
2026-09-14T11:23:21,1815.1,55.0,1,3,27.0,28.562,-1.562,0,0.0,off
2026-09-14T11:23:26,1820.1,60.0,1,3,27.0,28.875,-1.875,0,0.0,off
2026-09-14T11:23:31,1825.1,65.0,1,3,27.0,29.187,-2.187,0,0.0,off
2026-09-14T11:23:36,1830.1,70.0,1,3,27.0,29.375,-2.375,0,0.0,off
2026-09-14T11:23:41,1835.1,75.0,1,3,27.0,29.562,-2.562,0,0.0,off
2026-09-14T11:23:46,1840.1,80.0,1,3,27.0,29.625,-2.625,0,0.0,off
2026-09-14T11:23:51,1845.1,85.0,1,3,27.0,29.687,-2.687,0,0.0,off
2026-09-14T11:23:56,1850.1,90.0,1,3,27.0,29.687,-2.687,0,0.0,off
2026-09-14T11:24:01,1855.1,95.0,1,3,27.0,29.687,-2.687,0,0.0,off
2026-09-14T11:24:06,1860.1,100.0,1,3,27.0,29.625,-2.625,0,0.0,off
2026-09-14T11:24:11,1865.1,105.0,1,3,27.0,29.625,-2.625,0,0.0,off
2026-09-14T11:24:16,1870.1,110.0,1,3,27.0,29.562,-2.562,0,0.0,off
2026-09-14T11:24:21,1875.1,115.0,1,3,27.0,29.500,-2.500,0,0.0,off
2026-09-14T11:24:26,1880.1,120.0,1,3,27.0,29.375,-2.375,0,0.0,off
2026-09-14T11:24:31,1885.1,125.0,1,3,27.0,29.250,-2.250,0,0.0,off
2026-09-14T11:24:36,1890.1,130.0,1,3,27.0,29.187,-2.187,0,0.0,off
2026-09-14T11:24:41,1895.1,135.0,1,3,27.0,29.062,-2.062,0,0.0,off
2026-09-14T11:24:46,1900.1,140.0,1,3,27.0,29.000,-2.000,0,0.0,off
2026-09-14T11:24:51,1905.1,145.0,1,3,27.0,28.875,-1.875,0,0.0,off
2026-09-14T11:24:56,1910.1,150.0,1,3,27.0,28.750,-1.750,0,0.0,off
2026-09-14T11:25:01,1915.1,155.0,1,3,27.0,28.687,-1.687,0,0.0,off
2026-09-14T11:25:06,1920.1,160.0,1,3,27.0,28.562,-1.562,0,0.0,off
2026-09-14T11:25:11,1925.1,165.0,1,3,27.0,28.437,-1.437,0,0.0,off
2026-09-14T11:25:16,1930.1,170.0,1,3,27.0,28.375,-1.375,0,0.0,off
2026-09-14T11:25:21,1935.1,175.0,1,3,27.0,28.250,-1.250,0,0.0,off
2026-09-14T11:25:26,1940.1,180.0,1,3,27.0,28.125,-1.125,0,0.0,off
2026-09-14T11:25:31,1945.1,185.0,1,3,27.0,28.062,-1.062,0,0.0,off
2026-09-14T11:25:36,1950.1,190.0,1,3,27.0,27.937,-0.937,0,0.0,off
2026-09-14T11:25:41,1955.1,195.0,1,3,27.0,27.812,-0.812,0,0.0,off
2026-09-14T11:25:46,1960.1,200.0,1,3,27.0,27.750,-0.750,0,0.0,off
2026-09-14T11:25:51,1965.1,205.0,1,3,27.0,27.625,-0.625,0,0.0,off
2026-09-14T11:25:56,1970.1,210.0,1,3,27.0,27.562,-0.562,0,0.0,off
2026-09-14T11:26:01,1975.1,215.0,1,3,27.0,27.437,-0.437,0,0.0,off
2026-09-14T11:26:06,1980.1,220.0,1,3,27.0,27.375,-0.375,0,0.0,off
2026-09-14T11:26:11,1985.1,225.0,1,3,27.0,27.250,-0.250,1,0.0,off
2026-09-14T11:26:16,1990.1,230.0,1,3,27.0,27.187,-0.187,1,0.0,off
2026-09-14T11:26:21,1995.1,235.0,1,3,27.0,27.062,-0.062,1,0.0,off
2026-09-14T11:26:26,2000.1,240.0,1,3,27.0,27.000,0.000,1,48.6,heat
2026-09-14T11:26:31,2005.1,245.0,1,3,27.0,26.937,0.063,1,49.4,heat
2026-09-14T11:26:36,2010.1,250.0,1,3,27.0,26.812,0.188,1,50.9,heat
2026-09-14T11:26:41,2015.1,255.0,1,3,27.0,26.750,0.250,1,51.6,heat
2026-09-14T11:26:46,2020.1,260.0,1,3,27.0,26.750,0.250,1,51.7,heat
2026-09-14T11:26:51,2025.1,265.0,1,3,27.0,26.750,0.250,1,51.7,heat
2026-09-14T11:26:56,2030.1,270.0,1,3,27.0,26.875,0.125,1,50.2,heat
2026-09-14T11:27:01,2035.1,275.0,1,3,27.0,27.000,0.000,1,48.7,heat
2026-09-14T11:27:06,2040.1,280.0,1,3,27.0,27.250,-0.250,1,0.0,off
2026-09-14T11:27:11,2045.1,0.0,1,4,25.0,27.500,-2.500,0,0.0,off
2026-09-14T11:27:16,2050.1,5.0,1,4,25.0,27.812,-2.812,0,0.0,off
2026-09-14T11:27:21,2055.1,10.0,1,4,25.0,28.062,-3.062,0,0.0,off
2026-09-14T11:27:26,2060.1,15.0,1,4,25.0,28.312,-3.312,0,0.0,off
2026-09-14T11:27:31,2065.1,20.0,1,4,25.0,28.562,-3.562,0,0.0,off
2026-09-14T11:27:36,2070.1,25.0,1,4,25.0,28.687,-3.687,0,0.0,off
2026-09-14T11:27:41,2075.1,30.0,1,4,25.0,28.812,-3.812,0,0.0,off
2026-09-14T11:27:46,2080.1,35.0,1,4,25.0,28.875,-3.875,0,0.0,off
2026-09-14T11:27:51,2085.1,40.0,1,4,25.0,28.937,-3.937,0,0.0,off
2026-09-14T11:27:56,2090.1,45.0,1,4,25.0,28.937,-3.937,0,0.0,off
2026-09-14T11:28:01,2095.1,50.0,1,4,25.0,28.937,-3.937,0,0.0,off
2026-09-14T11:28:06,2100.1,55.0,1,4,25.0,28.875,-3.875,0,0.0,off
2026-09-14T11:28:11,2105.1,60.0,1,4,25.0,28.812,-3.812,0,0.0,off
2026-09-14T11:28:16,2110.1,65.0,1,4,25.0,28.750,-3.750,0,0.0,off
2026-09-14T11:28:21,2115.1,70.0,1,4,25.0,28.687,-3.687,0,0.0,off
2026-09-14T11:28:26,2120.1,75.0,1,4,25.0,28.625,-3.625,0,0.0,off
2026-09-14T11:28:31,2125.1,80.0,1,4,25.0,28.500,-3.500,0,0.0,off
2026-09-14T11:28:36,2130.1,85.0,1,4,25.0,28.437,-3.437,0,0.0,off
2026-09-14T11:28:41,2135.1,90.0,1,4,25.0,28.312,-3.312,0,0.0,off
2026-09-14T11:28:46,2140.1,95.0,1,4,25.0,28.250,-3.250,0,0.0,off
2026-09-14T11:28:51,2145.1,100.0,1,4,25.0,28.187,-3.187,0,0.0,off
2026-09-14T11:28:56,2150.1,105.0,1,4,25.0,28.000,-3.000,0,0.0,off
2026-09-14T11:29:01,2155.1,110.0,1,4,25.0,27.937,-2.937,0,0.0,off
2026-09-14T11:29:06,2160.1,115.0,1,4,25.0,27.875,-2.875,0,0.0,off
2026-09-14T11:29:11,2165.1,120.0,1,4,25.0,27.750,-2.750,0,0.0,off
2026-09-14T11:29:16,2170.1,125.0,1,4,25.0,27.625,-2.625,0,0.0,off
2026-09-14T11:29:21,2175.1,130.0,1,4,25.0,27.562,-2.562,0,0.0,off
2026-09-14T11:29:26,2180.1,135.0,1,4,25.0,27.500,-2.500,0,0.0,off
2026-09-14T11:29:31,2185.1,140.0,1,4,25.0,27.375,-2.375,0,0.0,off
2026-09-14T11:29:36,2190.1,145.0,1,4,25.0,27.250,-2.250,0,0.0,off
2026-09-14T11:29:41,2195.1,150.0,1,4,25.0,27.187,-2.187,0,0.0,off
2026-09-14T11:29:46,2200.1,155.0,1,4,25.0,27.125,-2.125,0,0.0,off
2026-09-14T11:29:51,2205.1,160.0,1,4,25.0,27.000,-2.000,0,0.0,off
2026-09-14T11:29:56,2210.1,165.0,1,4,25.0,26.937,-1.937,0,0.0,off
2026-09-14T11:30:01,2215.1,170.0,1,4,25.0,26.875,-1.875,0,0.0,off
2026-09-14T11:30:06,2220.1,175.0,1,4,25.0,26.750,-1.750,0,0.0,off
2026-09-14T11:30:11,2225.1,180.0,1,4,25.0,26.687,-1.687,0,0.0,off
2026-09-14T11:30:16,2230.1,185.0,1,4,25.0,26.562,-1.562,0,0.0,off
2026-09-14T11:30:21,2235.1,190.0,1,4,25.0,26.500,-1.500,0,0.0,off
2026-09-14T11:30:26,2240.1,195.0,1,4,25.0,26.437,-1.437,0,0.0,off
2026-09-14T11:30:31,2245.1,200.0,1,4,25.0,26.375,-1.375,0,0.0,off
2026-09-14T11:30:36,2250.1,205.0,1,4,25.0,26.250,-1.250,0,0.0,off
2026-09-14T11:30:41,2255.1,210.0,1,4,25.0,26.250,-1.250,0,0.0,off
2026-09-14T11:30:46,2260.1,215.0,1,4,25.0,26.125,-1.125,0,0.0,off
2026-09-14T11:30:51,2265.1,220.0,1,4,25.0,26.062,-1.062,0,0.0,off
2026-09-14T11:30:56,2270.1,225.0,1,4,25.0,26.000,-1.000,0,0.0,off
2026-09-14T11:31:01,2275.1,230.0,1,4,25.0,25.875,-0.875,0,0.0,off
2026-09-14T11:31:06,2280.1,235.0,1,4,25.0,25.812,-0.812,0,0.0,off
2026-09-14T11:31:11,2285.1,240.0,1,4,25.0,25.750,-0.750,0,0.0,off
2026-09-14T11:31:16,2290.1,245.0,1,4,25.0,25.687,-0.687,0,0.0,off
2026-09-14T11:31:21,2295.1,250.0,1,4,25.0,25.625,-0.625,0,0.0,off
2026-09-14T11:31:26,2300.1,255.0,1,4,25.0,25.562,-0.562,0,0.0,off
2026-09-14T11:31:31,2305.1,260.0,1,4,25.0,25.500,-0.500,0,0.0,off
2026-09-14T11:31:36,2310.1,265.0,1,4,25.0,25.437,-0.437,0,0.0,off
2026-09-14T11:31:41,2315.1,270.0,1,4,25.0,25.375,-0.375,0,0.0,off
2026-09-14T11:31:46,2320.1,275.0,1,4,25.0,25.312,-0.312,0,0.0,off
2026-09-14T11:31:51,2325.1,280.0,1,4,25.0,25.250,-0.250,1,0.0,off
2026-09-14T11:31:56,2330.1,285.0,1,4,25.0,25.125,-0.125,1,0.0,off
2026-09-14T11:32:01,2335.1,290.0,1,4,25.0,25.125,-0.125,1,0.0,off
2026-09-14T11:32:06,2340.1,295.0,1,4,25.0,25.062,-0.062,1,0.0,off
2026-09-14T11:32:11,2345.1,300.0,1,4,25.0,25.000,0.000,1,32.0,heat
2026-09-14T11:32:16,2350.1,305.0,1,4,25.0,24.937,0.063,1,32.8,heat
2026-09-14T11:32:21,2355.1,310.0,1,4,25.0,24.875,0.125,1,33.5,heat
2026-09-14T11:32:26,2360.1,315.0,1,4,25.0,24.812,0.188,1,34.3,heat
2026-09-14T11:32:31,2365.1,320.0,1,4,25.0,24.812,0.188,1,34.3,heat
2026-09-14T11:32:36,2370.1,325.0,1,4,25.0,24.812,0.188,1,34.3,heat
2026-09-14T11:32:41,2375.1,330.0,1,4,25.0,24.875,0.125,1,33.6,heat
2026-09-14T11:32:46,2380.1,335.0,1,4,25.0,25.000,0.000,1,32.1,heat
2026-09-14T11:32:51,2385.1,0.0,1,5,23.0,25.125,-2.125,0,0.0,off
2026-09-14T11:32:56,2390.1,5.0,1,5,23.0,25.312,-2.312,0,0.0,off
2026-09-14T11:33:01,2395.1,10.0,1,5,23.0,25.500,-2.500,0,0.0,off
2026-09-14T11:33:06,2400.1,15.0,1,5,23.0,25.687,-2.687,0,0.0,off
2026-09-14T11:33:11,2405.1,20.0,1,5,23.0,25.937,-2.937,0,0.0,off
2026-09-14T11:33:16,2410.1,25.0,1,5,23.0,26.062,-3.062,0,0.0,off
2026-09-14T11:33:21,2415.1,30.0,1,5,23.0,26.187,-3.187,0,0.0,off
2026-09-14T11:33:26,2420.1,35.0,1,5,23.0,26.250,-3.250,0,0.0,off
2026-09-14T11:33:31,2425.1,40.0,1,5,23.0,26.312,-3.312,0,0.0,off
2026-09-14T11:33:36,2430.1,45.0,1,5,23.0,26.312,-3.312,0,0.0,off
2026-09-14T11:33:41,2435.1,50.0,1,5,23.0,26.375,-3.375,0,0.0,off
2026-09-14T11:33:46,2440.1,55.0,1,5,23.0,26.312,-3.312,0,0.0,off
2026-09-14T11:33:51,2445.1,60.0,1,5,23.0,26.312,-3.312,0,0.0,off
2026-09-14T11:33:56,2450.1,65.0,1,5,23.0,26.312,-3.312,0,0.0,off
2026-09-14T11:34:01,2455.1,70.0,1,5,23.0,26.187,-3.187,0,0.0,off
2026-09-14T11:34:06,2460.1,75.0,1,5,23.0,26.187,-3.187,0,0.0,off
2026-09-14T11:34:11,2465.1,80.0,1,5,23.0,26.125,-3.125,0,0.0,off
2026-09-14T11:34:16,2470.1,85.0,1,5,23.0,26.062,-3.062,0,0.0,off
2026-09-14T11:34:21,2475.1,90.0,1,5,23.0,26.000,-3.000,0,0.0,off
2026-09-14T11:34:26,2480.1,95.0,1,5,23.0,25.937,-2.937,0,0.0,off
2026-09-14T11:34:31,2485.1,100.0,1,5,23.0,25.875,-2.875,0,0.0,off
2026-09-14T11:34:36,2490.1,105.0,1,5,23.0,25.812,-2.812,0,0.0,off
2026-09-14T11:34:41,2495.1,110.0,1,5,23.0,25.750,-2.750,0,0.0,off
2026-09-14T11:34:46,2500.1,115.0,1,5,23.0,25.625,-2.625,0,0.0,off
2026-09-14T11:34:51,2505.1,120.0,1,5,23.0,25.562,-2.562,0,0.0,off
2026-09-14T11:34:56,2510.1,125.0,1,5,23.0,25.500,-2.500,0,0.0,off
2026-09-14T11:35:01,2515.1,130.0,1,5,23.0,25.437,-2.437,0,0.0,off
2026-09-14T11:35:06,2520.1,135.0,1,5,23.0,25.375,-2.375,0,0.0,off
2026-09-14T11:35:11,2525.1,140.0,1,5,23.0,25.312,-2.312,0,0.0,off
2026-09-14T11:35:16,2530.1,145.0,1,5,23.0,25.250,-2.250,0,0.0,off
2026-09-14T11:35:21,2535.1,150.0,1,5,23.0,25.187,-2.187,0,0.0,off
2026-09-14T11:35:26,2540.1,155.0,1,5,23.0,25.125,-2.125,0,0.0,off
2026-09-14T11:35:31,2545.1,160.0,1,5,23.0,25.062,-2.062,0,0.0,off
2026-09-14T11:35:36,2550.1,165.0,1,5,23.0,25.000,-2.000,0,0.0,off
2026-09-14T11:35:41,2555.1,170.0,1,5,23.0,24.937,-1.937,0,0.0,off
2026-09-14T11:35:46,2560.1,175.0,1,5,23.0,24.875,-1.875,0,0.0,off
2026-09-14T11:35:51,2565.1,180.0,1,5,23.0,24.812,-1.812,0,0.0,off
2026-09-14T11:35:56,2570.1,185.0,1,5,23.0,24.750,-1.750,0,0.0,off
2026-09-14T11:36:01,2575.1,190.0,1,5,23.0,24.687,-1.687,0,0.0,off
2026-09-14T11:36:06,2580.1,195.0,1,5,23.0,24.625,-1.625,0,0.0,off
2026-09-14T11:36:11,2585.1,200.0,1,5,23.0,24.562,-1.562,0,0.0,off
2026-09-14T11:36:16,2590.1,205.0,1,5,23.0,24.500,-1.500,0,0.0,off
2026-09-14T11:36:21,2595.1,210.0,1,5,23.0,24.437,-1.437,0,0.0,off
2026-09-14T11:36:26,2600.1,215.0,1,5,23.0,24.437,-1.437,0,0.0,off
2026-09-14T11:36:31,2605.1,220.0,1,5,23.0,24.375,-1.375,0,0.0,off
2026-09-14T11:36:36,2610.1,225.0,1,5,23.0,24.312,-1.312,0,0.0,off
2026-09-14T11:36:41,2615.1,230.0,1,5,23.0,24.250,-1.250,0,0.0,off
2026-09-14T11:36:46,2620.1,235.0,1,5,23.0,24.187,-1.187,0,0.0,off
2026-09-14T11:36:51,2625.1,240.0,1,5,23.0,24.187,-1.187,0,0.0,off
2026-09-14T11:36:56,2630.1,245.0,1,5,23.0,24.062,-1.062,0,0.0,off
2026-09-14T11:37:01,2635.1,250.0,1,5,23.0,24.062,-1.062,0,0.0,off
2026-09-14T11:37:06,2640.1,255.0,1,5,23.0,24.000,-1.000,0,0.0,off
2026-09-14T11:37:11,2645.1,260.0,1,5,23.0,23.937,-0.937,0,0.0,off
2026-09-14T11:37:16,2650.1,265.0,1,5,23.0,23.875,-0.875,0,0.0,off
2026-09-14T11:37:21,2655.1,270.0,1,5,23.0,23.875,-0.875,0,0.0,off
2026-09-14T11:37:26,2660.1,275.0,1,5,23.0,23.812,-0.812,0,0.0,off
2026-09-14T11:37:31,2665.1,280.0,1,5,23.0,23.750,-0.750,0,0.0,off
2026-09-14T11:37:36,2670.1,285.0,1,5,23.0,23.687,-0.687,0,0.0,off
2026-09-14T11:37:41,2675.1,290.0,1,5,23.0,23.625,-0.625,0,0.0,off
2026-09-14T11:37:46,2680.1,295.0,1,5,23.0,23.625,-0.625,0,0.0,off
2026-09-14T11:37:51,2685.1,300.0,1,5,23.0,23.562,-0.562,0,0.0,off
2026-09-14T11:37:56,2690.1,305.0,1,5,23.0,23.500,-0.500,0,0.0,off
2026-09-14T11:38:01,2695.1,310.0,1,5,23.0,23.500,-0.500,0,0.0,off
2026-09-14T11:38:06,2700.1,315.0,1,5,23.0,23.437,-0.437,0,0.0,off
2026-09-14T11:38:11,2705.1,320.0,1,5,23.0,23.375,-0.375,0,0.0,off
2026-09-14T11:38:16,2710.1,325.0,1,5,23.0,23.312,-0.312,0,0.0,off
2026-09-14T11:38:21,2715.1,330.0,1,5,23.0,23.312,-0.312,0,0.0,off
2026-09-14T11:38:26,2720.1,335.0,1,5,23.0,23.250,-0.250,1,0.0,off
2026-09-14T11:38:31,2725.1,340.0,1,5,23.0,23.250,-0.250,1,0.0,off
2026-09-14T11:38:36,2730.1,345.0,1,5,23.0,23.125,-0.125,1,0.0,off
2026-09-14T11:38:41,2735.1,350.0,1,5,23.0,23.125,-0.125,1,0.0,off
2026-09-14T11:38:46,2740.1,355.0,1,5,23.0,23.125,-0.125,1,0.0,off
2026-09-14T11:38:51,2745.1,360.0,1,5,23.0,23.062,-0.062,1,0.0,off
2026-09-14T11:38:56,2750.1,365.0,1,5,23.0,23.000,0.000,1,16.0,heat
2026-09-14T11:39:01,2755.1,370.0,1,5,23.0,23.000,0.000,1,16.0,heat
2026-09-14T11:39:06,2760.1,375.0,1,5,23.0,22.937,0.063,1,16.8,heat
2026-09-14T11:39:11,2765.1,380.0,1,5,23.0,22.937,0.063,1,16.8,heat
2026-09-14T11:39:16,2770.1,385.0,1,5,23.0,22.875,0.125,1,17.5,heat
2026-09-14T11:39:21,2775.1,390.0,1,5,23.0,22.937,0.063,1,16.8,heat
2026-09-14T11:39:26,2780.1,0.0,2,0,21.0,22.937,-1.937,0,0.0,off
2026-09-14T11:39:31,2785.1,5.0,2,0,21.0,23.000,-2.000,0,0.0,off
2026-09-14T11:39:36,2790.1,10.0,2,0,21.0,23.062,-2.062,0,0.0,off
2026-09-14T11:39:41,2795.1,15.0,2,0,21.0,23.125,-2.125,0,0.0,off
2026-09-14T11:39:46,2800.1,20.0,2,0,21.0,23.187,-2.187,0,0.0,off
2026-09-14T11:39:51,2805.1,25.0,2,0,21.0,23.312,-2.312,0,0.0,off
2026-09-14T11:39:56,2810.1,30.0,2,0,21.0,23.312,-2.312,0,0.0,off
2026-09-14T11:40:01,2815.1,35.0,2,0,21.0,23.375,-2.375,0,0.0,off
2026-09-14T11:40:06,2820.1,40.0,2,0,21.0,23.375,-2.375,0,0.0,off
2026-09-14T11:40:11,2825.1,45.0,2,0,21.0,23.375,-2.375,0,0.0,off
2026-09-14T11:40:16,2830.1,50.0,2,0,21.0,23.375,-2.375,0,0.0,off
2026-09-14T11:40:21,2835.1,55.0,2,0,21.0,23.375,-2.375,0,0.0,off
2026-09-14T11:40:26,2840.1,60.0,2,0,21.0,23.375,-2.375,0,0.0,off
2026-09-14T11:40:31,2845.1,65.0,2,0,21.0,23.375,-2.375,0,0.0,off
2026-09-14T11:40:36,2850.1,70.0,2,0,21.0,23.375,-2.375,0,0.0,off
2026-09-14T11:40:41,2855.1,75.0,2,0,21.0,23.312,-2.312,0,0.0,off
2026-09-14T11:40:46,2860.1,80.0,2,0,21.0,23.250,-2.250,0,0.0,off
2026-09-14T11:40:51,2865.1,85.0,2,0,21.0,23.250,-2.250,0,0.0,off
2026-09-14T11:40:56,2870.1,90.0,2,0,21.0,23.250,-2.250,0,0.0,off
2026-09-14T11:41:01,2875.1,95.0,2,0,21.0,23.187,-2.187,0,0.0,off
2026-09-14T11:41:06,2880.1,100.0,2,0,21.0,23.125,-2.125,0,0.0,off
2026-09-14T11:41:11,2885.1,105.0,2,0,21.0,23.125,-2.125,0,0.0,off
2026-09-14T11:41:16,2890.1,110.0,2,0,21.0,23.125,-2.125,0,0.0,off
2026-09-14T11:41:21,2895.1,115.0,2,0,21.0,23.062,-2.062,0,0.0,off
2026-09-14T11:41:26,2900.1,120.0,2,0,21.0,23.062,-2.062,0,0.0,off
2026-09-14T11:41:31,2905.1,125.0,2,0,21.0,23.062,-2.062,0,0.0,off
2026-09-14T11:41:36,2910.1,130.0,2,0,21.0,23.000,-2.000,0,0.0,off
2026-09-14T11:41:41,2915.1,135.0,2,0,21.0,23.000,-2.000,0,0.0,off
2026-09-14T11:41:46,2920.1,140.0,2,0,21.0,22.937,-1.937,0,0.0,off
2026-09-14T11:41:51,2925.1,145.0,2,0,21.0,22.937,-1.937,0,0.0,off
2026-09-14T11:41:56,2930.1,150.0,2,0,21.0,22.875,-1.875,0,0.0,off
2026-09-14T11:42:01,2935.1,155.0,2,0,21.0,22.875,-1.875,0,0.0,off
2026-09-14T11:42:06,2940.1,160.0,2,0,21.0,22.812,-1.812,0,0.0,off
2026-09-14T11:42:11,2945.1,165.0,2,0,21.0,22.812,-1.812,0,0.0,off
2026-09-14T11:42:16,2950.1,170.0,2,0,21.0,22.812,-1.812,0,0.0,off
2026-09-14T11:42:21,2955.1,175.0,2,0,21.0,22.812,-1.812,0,0.0,off
2026-09-14T11:42:26,2960.1,180.0,2,0,21.0,22.750,-1.750,0,0.0,off
2026-09-14T11:42:31,2965.1,185.0,2,0,21.0,22.687,-1.687,0,0.0,off
2026-09-14T11:42:36,2970.1,190.0,2,0,21.0,22.687,-1.687,0,0.0,off
2026-09-14T11:42:41,2975.1,195.0,2,0,21.0,22.687,-1.687,0,0.0,off
2026-09-14T11:42:46,2980.1,200.0,2,0,21.0,22.687,-1.687,0,0.0,off
2026-09-14T11:42:51,2985.1,205.0,2,0,21.0,22.687,-1.687,0,0.0,off
2026-09-14T11:42:56,2990.1,210.0,2,0,21.0,22.625,-1.625,0,0.0,off
2026-09-14T11:43:01,2995.1,215.0,2,0,21.0,22.625,-1.625,0,0.0,off
2026-09-14T11:43:06,3000.1,220.0,2,0,21.0,22.625,-1.625,0,0.0,off
2026-09-14T11:43:11,3005.1,225.0,2,0,21.0,22.625,-1.625,0,0.0,off
2026-09-14T11:43:16,3010.1,230.0,2,0,21.0,22.562,-1.562,0,0.0,off
2026-09-14T11:43:21,3015.1,235.0,2,0,21.0,22.562,-1.562,0,0.0,off
2026-09-14T11:43:26,3020.1,240.0,2,0,21.0,22.562,-1.562,0,0.0,off
2026-09-14T11:43:31,3025.1,245.0,2,0,21.0,22.562,-1.562,0,0.0,off
2026-09-14T11:43:36,3030.1,250.0,2,0,21.0,22.500,-1.500,0,0.0,off
2026-09-14T11:43:41,3035.1,255.0,2,0,21.0,22.500,-1.500,0,0.0,off
2026-09-14T11:43:46,3040.1,260.0,2,0,21.0,22.500,-1.500,0,0.0,off
2026-09-14T11:43:51,3045.1,265.0,2,0,21.0,22.500,-1.500,0,0.0,off
2026-09-14T11:43:56,3050.1,270.0,2,0,21.0,22.500,-1.500,0,0.0,off
2026-09-14T11:44:01,3055.1,275.0,2,0,21.0,22.500,-1.500,0,0.0,off
2026-09-14T11:44:06,3060.1,280.0,2,0,21.0,22.500,-1.500,0,0.0,off
2026-09-14T11:44:11,3065.1,285.0,2,0,21.0,22.500,-1.500,0,0.0,off
2026-09-14T11:44:16,3070.1,290.0,2,0,21.0,22.500,-1.500,0,0.0,off
2026-09-14T11:44:21,3075.1,295.0,2,0,21.0,22.500,-1.500,0,0.0,off
2026-09-14T11:44:26,3080.1,300.0,2,0,21.0,22.437,-1.437,0,0.0,off
2026-09-14T11:44:31,3085.1,305.0,2,0,21.0,22.437,-1.437,0,0.0,off
2026-09-14T11:44:36,3090.1,310.0,2,0,21.0,22.437,-1.437,0,0.0,off
2026-09-14T11:44:41,3095.1,315.0,2,0,21.0,22.437,-1.437,0,0.0,off
2026-09-14T11:44:46,3100.1,320.0,2,0,21.0,22.437,-1.437,0,0.0,off
2026-09-14T11:44:51,3105.1,325.0,2,0,21.0,22.437,-1.437,0,0.0,off
2026-09-14T11:44:56,3110.1,330.0,2,0,21.0,22.375,-1.375,0,0.0,off
2026-09-14T11:45:01,3115.1,335.0,2,0,21.0,22.437,-1.437,0,0.0,off
2026-09-14T11:45:06,3120.1,340.0,2,0,21.0,22.375,-1.375,0,0.0,off
2026-09-14T11:45:11,3125.1,345.0,2,0,21.0,22.437,-1.437,0,0.0,off
2026-09-14T11:45:16,3130.1,350.0,2,0,21.0,22.375,-1.375,0,0.0,off
2026-09-14T11:45:21,3135.1,355.0,2,0,21.0,22.375,-1.375,0,0.0,off
2026-09-14T11:45:26,3140.1,360.0,2,0,21.0,22.375,-1.375,0,0.0,off
2026-09-14T11:45:31,3145.1,365.0,2,0,21.0,22.375,-1.375,0,0.0,off
2026-09-14T11:45:36,3150.1,370.0,2,0,21.0,22.375,-1.375,0,0.0,off
2026-09-14T11:45:41,3155.1,375.0,2,0,21.0,22.375,-1.375,0,0.0,off
2026-09-14T11:45:46,3160.1,380.0,2,0,21.0,22.375,-1.375,0,0.0,off
2026-09-14T11:45:51,3165.1,385.0,2,0,21.0,22.375,-1.375,0,0.0,off
2026-09-14T11:45:56,3170.1,390.0,2,0,21.0,22.375,-1.375,0,0.0,off
2026-09-14T11:46:01,3175.1,395.0,2,0,21.0,22.375,-1.375,0,0.0,off
2026-09-14T11:46:06,3180.1,400.0,2,0,21.0,22.375,-1.375,0,0.0,off
2026-09-14T11:46:11,3185.1,405.0,2,0,21.0,22.375,-1.375,0,0.0,off
2026-09-14T11:46:16,3190.1,410.0,2,0,21.0,22.375,-1.375,0,0.0,off
2026-09-14T11:46:21,3195.1,415.0,2,0,21.0,22.375,-1.375,0,0.0,off
2026-09-14T11:46:26,3200.1,420.0,2,0,21.0,22.375,-1.375,0,0.0,off
2026-09-14T11:46:31,3205.1,425.0,2,0,21.0,22.375,-1.375,0,0.0,off
2026-09-14T11:46:36,3210.1,430.0,2,0,21.0,22.375,-1.375,0,0.0,off
2026-09-14T11:46:41,3215.1,435.0,2,0,21.0,22.375,-1.375,0,0.0,off
2026-09-14T11:46:46,3220.1,440.0,2,0,21.0,22.375,-1.375,0,0.0,off
2026-09-14T11:46:51,3225.1,445.0,2,0,21.0,22.375,-1.375,0,0.0,off
2026-09-14T11:46:56,3230.1,450.0,2,0,21.0,22.375,-1.375,0,0.0,off
2026-09-14T11:47:01,3235.1,455.0,2,0,21.0,22.375,-1.375,0,0.0,off
2026-09-14T11:47:06,3240.1,460.0,2,0,21.0,22.375,-1.375,0,0.0,off
2026-09-14T11:47:11,3245.1,465.0,2,0,21.0,22.375,-1.375,0,0.0,off
2026-09-14T11:47:16,3250.1,470.0,2,0,21.0,22.375,-1.375,0,0.0,off
2026-09-14T11:47:21,3255.1,475.0,2,0,21.0,22.312,-1.312,0,0.0,off
2026-09-14T11:47:26,3260.1,480.0,2,0,21.0,22.375,-1.375,0,0.0,off
2026-09-14T11:47:31,3265.1,485.0,2,0,21.0,22.312,-1.312,0,0.0,off
2026-09-14T11:47:36,3270.1,490.0,2,0,21.0,22.312,-1.312,0,0.0,off
2026-09-14T11:47:41,3275.1,495.0,2,0,21.0,22.312,-1.312,0,0.0,off
2026-09-14T11:47:46,3280.1,500.0,2,0,21.0,22.312,-1.312,0,0.0,off
2026-09-14T11:47:51,3285.1,505.0,2,0,21.0,22.312,-1.312,0,0.0,off
2026-09-14T11:47:56,3290.1,510.0,2,0,21.0,22.312,-1.312,0,0.0,off
2026-09-14T11:48:01,3295.1,515.0,2,0,21.0,22.312,-1.312,0,0.0,off
2026-09-14T11:48:06,3300.1,520.0,2,0,21.0,22.250,-1.250,0,0.0,off
2026-09-14T11:48:11,3305.1,525.0,2,0,21.0,22.312,-1.312,0,0.0,off
2026-09-14T11:48:16,3310.1,530.0,2,0,21.0,22.250,-1.250,0,0.0,off
2026-09-14T11:48:21,3315.1,535.0,2,0,21.0,22.312,-1.312,0,0.0,off
2026-09-14T11:48:26,3320.1,540.0,2,0,21.0,22.312,-1.312,0,0.0,off
2026-09-14T11:48:31,3325.1,545.0,2,0,21.0,22.250,-1.250,0,0.0,off
2026-09-14T11:48:36,3330.1,550.0,2,0,21.0,22.250,-1.250,0,0.0,off
2026-09-14T11:48:41,3335.1,555.0,2,0,21.0,22.250,-1.250,0,0.0,off
2026-09-14T11:48:46,3340.1,560.0,2,0,21.0,22.250,-1.250,0,0.0,off
2026-09-14T11:48:51,3345.1,565.0,2,0,21.0,22.250,-1.250,0,0.0,off
2026-09-14T11:48:56,3350.1,570.0,2,0,21.0,22.250,-1.250,0,0.0,off
2026-09-14T11:49:01,3355.1,575.0,2,0,21.0,22.250,-1.250,0,0.0,off
2026-09-14T11:49:06,3360.1,580.0,2,0,21.0,22.187,-1.187,0,0.0,off
2026-09-14T11:49:11,3365.1,585.0,2,0,21.0,22.187,-1.187,0,0.0,off
2026-09-14T11:49:16,3370.1,590.0,2,0,21.0,22.187,-1.187,0,0.0,off
2026-09-14T11:49:21,3375.1,595.0,2,0,21.0,22.187,-1.187,0,0.0,off
2026-09-14T11:49:26,3380.1,600.0,2,0,21.0,22.187,-1.187,0,0.0,off
2026-09-14T11:49:31,3385.1,605.0,2,0,21.0,22.187,-1.187,0,0.0,off
2026-09-14T11:49:36,3390.1,610.0,2,0,21.0,22.125,-1.125,0,0.0,off
2026-09-14T11:49:41,3395.1,615.0,2,0,21.0,22.125,-1.125,0,0.0,off
2026-09-14T11:49:46,3400.1,620.0,2,0,21.0,22.125,-1.125,0,0.0,off
2026-09-14T11:49:51,3405.1,625.0,2,0,21.0,22.125,-1.125,0,0.0,off
2026-09-14T11:49:56,3410.1,630.0,2,0,21.0,22.125,-1.125,0,0.0,off
2026-09-14T11:50:01,3415.1,635.0,2,0,21.0,22.062,-1.062,0,0.0,off
2026-09-14T11:50:06,3420.1,640.0,2,0,21.0,22.062,-1.062,0,0.0,off
2026-09-14T11:50:11,3425.1,645.0,2,0,21.0,22.062,-1.062,0,0.0,off
2026-09-14T11:50:16,3430.1,650.0,2,0,21.0,22.062,-1.062,0,0.0,off
2026-09-14T11:50:21,3435.1,655.0,2,0,21.0,22.062,-1.062,0,0.0,off
2026-09-14T11:50:26,3440.1,660.0,2,0,21.0,22.062,-1.062,0,0.0,off
2026-09-14T11:50:31,3445.1,665.0,2,0,21.0,22.062,-1.062,0,0.0,off
2026-09-14T11:50:36,3450.1,670.0,2,0,21.0,22.000,-1.000,0,0.0,off
2026-09-14T11:50:41,3455.1,675.0,2,0,21.0,22.000,-1.000,0,0.0,off
2026-09-14T11:50:46,3460.1,680.0,2,0,21.0,22.000,-1.000,0,0.0,off
2026-09-14T11:50:51,3465.1,685.0,2,0,21.0,22.000,-1.000,0,0.0,off
2026-09-14T11:50:56,3470.1,690.0,2,0,21.0,21.937,-0.937,0,0.0,off
2026-09-14T11:51:01,3475.1,695.0,2,0,21.0,21.937,-0.937,0,0.0,off
2026-09-14T11:51:06,3480.1,700.0,2,0,21.0,21.937,-0.937,0,0.0,off
2026-09-14T11:51:11,3485.1,705.0,2,0,21.0,21.937,-0.937,0,0.0,off
2026-09-14T11:51:16,3490.1,710.0,2,0,21.0,21.937,-0.937,0,0.0,off
2026-09-14T11:51:21,3495.1,715.0,2,0,21.0,21.937,-0.937,0,0.0,off
2026-09-14T11:51:26,3500.1,720.0,2,0,21.0,21.875,-0.875,0,0.0,off
2026-09-14T11:51:31,3505.1,725.0,2,0,21.0,21.875,-0.875,0,0.0,off
2026-09-14T11:51:36,3510.1,730.0,2,0,21.0,21.875,-0.875,0,0.0,off
2026-09-14T11:51:41,3515.1,735.0,2,0,21.0,21.875,-0.875,0,0.0,off
2026-09-14T11:51:46,3520.1,740.0,2,0,21.0,21.875,-0.875,0,0.0,off
2026-09-14T11:51:51,3525.1,745.0,2,0,21.0,21.875,-0.875,0,0.0,off
2026-09-14T11:51:56,3530.1,750.0,2,0,21.0,21.812,-0.812,0,0.0,off
2026-09-14T11:52:01,3535.1,755.0,2,0,21.0,21.812,-0.812,0,0.0,off
2026-09-14T11:52:06,3540.1,760.0,2,0,21.0,21.812,-0.812,0,0.0,off
2026-09-14T11:52:11,3545.1,765.0,2,0,21.0,21.812,-0.812,0,0.0,off
2026-09-14T11:52:16,3550.1,770.0,2,0,21.0,21.750,-0.750,0,0.0,off
2026-09-14T11:52:21,3555.1,775.0,2,0,21.0,21.750,-0.750,0,0.0,off
2026-09-14T11:52:26,3560.1,780.0,2,0,21.0,21.750,-0.750,0,0.0,off
2026-09-14T11:52:31,3565.1,785.0,2,0,21.0,21.750,-0.750,0,0.0,off
2026-09-14T11:52:36,3570.1,790.0,2,0,21.0,21.687,-0.687,0,0.0,off
2026-09-14T11:52:41,3575.1,795.0,2,0,21.0,21.687,-0.687,0,0.0,off
2026-09-14T11:52:46,3580.1,800.0,2,0,21.0,21.687,-0.687,0,0.0,off
2026-09-14T11:52:51,3585.1,805.0,2,0,21.0,21.687,-0.687,0,0.0,off
2026-09-14T11:52:56,3590.1,810.0,2,0,21.0,21.687,-0.687,0,0.0,off
2026-09-14T11:53:01,3595.1,815.0,2,0,21.0,21.625,-0.625,0,0.0,off
2026-09-14T11:53:06,3600.1,820.0,2,0,21.0,21.625,-0.625,0,0.0,off
2026-09-14T11:53:11,3605.1,825.0,2,0,21.0,21.625,-0.625,0,0.0,off
2026-09-14T11:53:16,3610.1,830.0,2,0,21.0,21.625,-0.625,0,0.0,off
2026-09-14T11:53:21,3615.1,835.0,2,0,21.0,21.625,-0.625,0,0.0,off
2026-09-14T11:53:26,3620.1,840.0,2,0,21.0,21.562,-0.562,0,0.0,off
2026-09-14T11:53:31,3625.1,845.0,2,0,21.0,21.562,-0.562,0,0.0,off
2026-09-14T11:53:36,3630.1,850.0,2,0,21.0,21.562,-0.562,0,0.0,off
2026-09-14T11:53:41,3635.1,855.0,2,0,21.0,21.562,-0.562,0,0.0,off
2026-09-14T11:53:46,3640.1,860.0,2,0,21.0,21.500,-0.500,0,0.0,off
2026-09-14T11:53:51,3645.1,865.0,2,0,21.0,21.562,-0.562,0,0.0,off
2026-09-14T11:53:56,3650.1,870.0,2,0,21.0,21.500,-0.500,0,0.0,off
2026-09-14T11:54:01,3655.1,875.0,2,0,21.0,21.500,-0.500,0,0.0,off
2026-09-14T11:54:06,3660.1,880.0,2,0,21.0,21.500,-0.500,0,0.0,off
2026-09-14T11:54:11,3665.1,885.0,2,0,21.0,21.500,-0.500,0,0.0,off
2026-09-14T11:54:16,3670.1,890.0,2,0,21.0,21.437,-0.437,0,0.0,off
2026-09-14T11:54:21,3675.1,895.0,2,0,21.0,21.437,-0.437,0,0.0,off
2026-09-14T11:54:26,3680.1,900.0,2,0,21.0,21.437,-0.437,0,0.0,off
2026-09-14T11:54:31,3685.1,905.0,2,0,21.0,21.437,-0.437,0,0.0,off
2026-09-14T11:54:36,3690.1,910.0,2,0,21.0,21.375,-0.375,0,0.0,off
2026-09-14T11:54:41,3695.1,915.0,2,0,21.0,21.375,-0.375,0,0.0,off
2026-09-14T11:54:46,3700.1,920.0,2,0,21.0,21.375,-0.375,0,0.0,off
2026-09-14T11:54:51,3705.1,925.0,2,0,21.0,21.375,-0.375,0,0.0,off
2026-09-14T11:54:56,3710.1,930.0,2,0,21.0,21.375,-0.375,0,0.0,off
2026-09-14T11:55:01,3715.1,935.0,2,0,21.0,21.375,-0.375,0,0.0,off
2026-09-14T11:55:06,3720.1,940.0,2,0,21.0,21.312,-0.312,0,0.0,off
2026-09-14T11:55:11,3725.1,945.0,2,0,21.0,21.312,-0.312,0,0.0,off
2026-09-14T11:55:16,3730.1,950.0,2,0,21.0,21.312,-0.312,0,0.0,off
2026-09-14T11:55:21,3735.1,955.0,2,0,21.0,21.250,-0.250,1,0.0,off
2026-09-14T11:55:26,3740.1,960.0,2,0,21.0,21.312,-0.312,0,0.0,off
2026-09-14T11:55:31,3745.1,965.0,2,0,21.0,21.250,-0.250,1,0.0,off
2026-09-14T11:55:36,3750.1,970.0,2,0,21.0,21.250,-0.250,1,0.0,off
2026-09-14T11:55:41,3755.1,975.0,2,0,21.0,21.250,-0.250,1,0.0,off
2026-09-14T11:55:46,3760.1,980.0,2,0,21.0,21.187,-0.187,1,0.0,off
2026-09-14T11:55:51,3765.1,985.0,2,0,21.0,21.187,-0.187,1,0.0,off
2026-09-14T11:55:56,3770.1,990.0,2,0,21.0,21.187,-0.187,1,0.0,off
2026-09-14T11:56:01,3775.1,995.0,2,0,21.0,21.187,-0.187,1,0.0,off
2026-09-14T11:56:06,3780.1,1000.0,2,0,21.0,21.187,-0.187,1,0.0,off
2026-09-14T11:56:11,3785.1,1005.0,2,0,21.0,21.187,-0.187,1,0.0,off
2026-09-14T11:56:16,3790.1,1010.0,2,0,21.0,21.125,-0.125,1,0.0,off
2026-09-14T11:56:21,3795.1,1015.0,2,0,21.0,21.125,-0.125,1,0.0,off
2026-09-14T11:56:26,3800.1,1020.0,2,0,21.0,21.125,-0.125,1,0.0,off
2026-09-14T11:56:31,3805.1,0.0,2,1,23.0,21.125,1.875,0,38.6,heat
2026-09-14T11:56:36,3810.1,5.0,2,1,23.0,21.125,1.875,0,38.8,heat
2026-09-14T11:56:41,3815.1,10.0,2,1,23.0,21.062,1.938,0,39.7,heat
2026-09-14T11:56:46,3820.1,15.0,2,1,23.0,21.062,1.938,0,39.8,heat
2026-09-14T11:56:51,3825.1,20.0,2,1,23.0,21.125,1.875,0,39.2,heat
2026-09-14T11:56:56,3830.1,25.0,2,1,23.0,21.187,1.813,0,38.6,heat
2026-09-14T11:57:01,3835.1,30.0,2,1,23.0,21.375,1.625,0,36.5,heat
2026-09-14T11:57:06,3840.1,35.0,2,1,23.0,21.500,1.500,0,35.1,heat
2026-09-14T11:57:11,3845.1,40.0,2,1,23.0,21.750,1.250,0,32.2,heat
2026-09-14T11:57:16,3850.1,45.0,2,1,23.0,22.000,1.000,0,29.3,heat
2026-09-14T11:57:21,3855.1,50.0,2,1,23.0,22.250,0.750,0,26.3,heat
2026-09-14T11:57:26,3860.1,55.0,2,1,23.0,22.562,0.438,0,22.6,heat
2026-09-14T11:57:31,3865.1,60.0,2,1,23.0,22.875,0.125,1,18.9,heat
2026-09-14T11:57:36,3870.1,65.0,2,1,23.0,23.187,-0.187,1,0.0,off
2026-09-14T11:57:41,3875.1,70.0,2,1,23.0,23.437,-0.437,0,0.0,off
2026-09-14T11:57:46,3880.1,75.0,2,1,23.0,23.687,-0.687,0,0.0,off
2026-09-14T11:57:51,3885.1,80.0,2,1,23.0,23.937,-0.937,0,0.0,off
2026-09-14T11:57:56,3890.1,85.0,2,1,23.0,24.187,-1.187,0,0.0,off
2026-09-14T11:58:01,3895.1,90.0,2,1,23.0,24.375,-1.375,0,0.0,off
2026-09-14T11:58:06,3900.2,95.0,2,1,23.0,24.437,-1.437,0,0.0,off
2026-09-14T11:58:11,3905.2,100.0,2,1,23.0,24.562,-1.562,0,0.0,off
2026-09-14T11:58:16,3910.2,105.0,2,1,23.0,24.625,-1.625,0,0.0,off
2026-09-14T11:58:21,3915.2,110.0,2,1,23.0,24.687,-1.687,0,0.0,off
2026-09-14T11:58:26,3920.2,115.0,2,1,23.0,24.687,-1.687,0,0.0,off
2026-09-14T11:58:31,3925.2,120.0,2,1,23.0,24.687,-1.687,0,0.0,off
2026-09-14T11:58:36,3930.2,125.0,2,1,23.0,24.687,-1.687,0,0.0,off
2026-09-14T11:58:41,3935.2,130.0,2,1,23.0,24.625,-1.625,0,0.0,off
2026-09-14T11:58:46,3940.2,135.0,2,1,23.0,24.625,-1.625,0,0.0,off
2026-09-14T11:58:51,3945.2,140.0,2,1,23.0,24.562,-1.562,0,0.0,off
2026-09-14T11:58:56,3950.2,145.0,2,1,23.0,24.562,-1.562,0,0.0,off
2026-09-14T11:59:01,3955.2,150.0,2,1,23.0,24.500,-1.500,0,0.0,off
2026-09-14T11:59:06,3960.2,155.0,2,1,23.0,24.437,-1.437,0,0.0,off
2026-09-14T11:59:11,3965.2,160.0,2,1,23.0,24.437,-1.437,0,0.0,off
2026-09-14T11:59:16,3970.2,165.0,2,1,23.0,24.375,-1.375,0,0.0,off
2026-09-14T11:59:21,3975.2,170.0,2,1,23.0,24.312,-1.312,0,0.0,off
2026-09-14T11:59:26,3980.2,175.0,2,1,23.0,24.250,-1.250,0,0.0,off
2026-09-14T11:59:31,3985.2,180.0,2,1,23.0,24.250,-1.250,0,0.0,off
2026-09-14T11:59:36,3990.2,185.0,2,1,23.0,24.187,-1.187,0,0.0,off
2026-09-14T11:59:41,3995.2,190.0,2,1,23.0,24.125,-1.125,0,0.0,off
2026-09-14T11:59:46,4000.2,195.0,2,1,23.0,24.062,-1.062,0,0.0,off
2026-09-14T11:59:51,4005.2,200.0,2,1,23.0,24.062,-1.062,0,0.0,off
2026-09-14T11:59:56,4010.2,205.0,2,1,23.0,24.000,-1.000,0,0.0,off
2026-09-14T12:00:01,4015.2,210.0,2,1,23.0,23.937,-0.937,0,0.0,off
2026-09-14T12:00:06,4020.2,215.0,2,1,23.0,23.937,-0.937,0,0.0,off
2026-09-14T12:00:11,4025.2,220.0,2,1,23.0,23.875,-0.875,0,0.0,off
2026-09-14T12:00:16,4030.2,225.0,2,1,23.0,23.812,-0.812,0,0.0,off
2026-09-14T12:00:21,4035.2,230.0,2,1,23.0,23.812,-0.812,0,0.0,off
2026-09-14T12:00:26,4040.2,235.0,2,1,23.0,23.750,-0.750,0,0.0,off
2026-09-14T12:00:31,4045.2,240.0,2,1,23.0,23.687,-0.687,0,0.0,off
2026-09-14T12:00:36,4050.2,245.0,2,1,23.0,23.687,-0.687,0,0.0,off
2026-09-14T12:00:41,4055.2,250.0,2,1,23.0,23.625,-0.625,0,0.0,off
2026-09-14T12:00:46,4060.2,255.0,2,1,23.0,23.625,-0.625,0,0.0,off
2026-09-14T12:00:51,4065.2,260.0,2,1,23.0,23.562,-0.562,0,0.0,off
2026-09-14T12:00:56,4070.2,265.0,2,1,23.0,23.562,-0.562,0,0.0,off
2026-09-14T12:01:01,4075.2,270.0,2,1,23.0,23.500,-0.500,0,0.0,off
2026-09-14T12:01:06,4080.2,275.0,2,1,23.0,23.437,-0.437,0,0.0,off
2026-09-14T12:01:11,4085.2,280.0,2,1,23.0,23.437,-0.437,0,0.0,off
2026-09-14T12:01:16,4090.2,285.0,2,1,23.0,23.437,-0.437,0,0.0,off
2026-09-14T12:01:21,4095.2,290.0,2,1,23.0,23.375,-0.375,0,0.0,off
2026-09-14T12:01:26,4100.2,295.0,2,1,23.0,23.375,-0.375,0,0.0,off
2026-09-14T12:01:31,4105.2,300.0,2,1,23.0,23.312,-0.312,0,0.0,off
2026-09-14T12:01:36,4110.2,305.0,2,1,23.0,23.312,-0.312,0,0.0,off
2026-09-14T12:01:41,4115.2,310.0,2,1,23.0,23.250,-0.250,1,0.0,off
2026-09-14T12:01:46,4120.2,315.0,2,1,23.0,23.250,-0.250,1,0.0,off
2026-09-14T12:01:51,4125.2,320.0,2,1,23.0,23.250,-0.250,1,0.0,off
2026-09-14T12:01:56,4130.2,325.0,2,1,23.0,23.187,-0.187,1,0.0,off
2026-09-14T12:02:01,4135.2,330.0,2,1,23.0,23.187,-0.187,1,0.0,off
2026-09-14T12:02:06,4140.2,335.0,2,1,23.0,23.187,-0.187,1,0.0,off
2026-09-14T12:02:11,4145.2,340.0,2,1,23.0,23.187,-0.187,1,0.0,off
2026-09-14T12:02:16,4150.2,345.0,2,1,23.0,23.125,-0.125,1,0.0,off
2026-09-14T12:02:21,4155.2,350.0,2,1,23.0,23.125,-0.125,1,0.0,off
2026-09-14T12:02:26,4160.2,355.0,2,1,23.0,23.062,-0.062,1,0.0,off
2026-09-14T12:02:31,4165.2,360.0,2,1,23.0,23.062,-0.062,1,0.0,off
2026-09-14T12:02:36,4170.2,365.0,2,1,23.0,23.062,-0.062,1,0.0,off
2026-09-14T12:02:41,4175.2,0.0,2,2,25.0,23.062,1.938,0,55.4,heat
2026-09-14T12:02:46,4180.2,5.0,2,2,25.0,23.062,1.938,0,55.5,heat
2026-09-14T12:02:51,4185.2,10.0,2,2,25.0,23.000,2.000,0,56.4,heat
2026-09-14T12:02:56,4190.2,15.0,2,2,25.0,23.000,2.000,0,56.6,heat
2026-09-14T12:03:01,4195.2,20.0,2,2,25.0,23.062,1.938,0,56.0,heat
2026-09-14T12:03:06,4200.2,25.0,2,2,25.0,23.187,1.813,0,54.6,heat
2026-09-14T12:03:11,4205.2,30.0,2,2,25.0,23.375,1.625,0,52.5,heat
2026-09-14T12:03:16,4210.2,35.0,2,2,25.0,23.625,1.375,0,49.6,heat
2026-09-14T12:03:21,4215.2,40.0,2,2,25.0,23.937,1.063,0,45.9,heat
2026-09-14T12:03:26,4220.2,45.0,2,2,25.0,24.250,0.750,0,42.2,heat
2026-09-14T12:03:31,4225.2,50.0,2,2,25.0,24.625,0.375,0,37.8,heat
2026-09-14T12:03:36,4230.2,55.0,2,2,25.0,25.062,-0.062,1,0.0,off
2026-09-14T12:03:41,4235.2,60.0,2,2,25.0,25.437,-0.437,0,0.0,off
2026-09-14T12:03:46,4240.2,65.0,2,2,25.0,25.875,-0.875,0,0.0,off
2026-09-14T12:03:51,4245.2,70.0,2,2,25.0,26.187,-1.187,0,0.0,off
2026-09-14T12:03:56,4250.2,75.0,2,2,25.0,26.562,-1.562,0,0.0,off
2026-09-14T12:04:01,4255.2,80.0,2,2,25.0,26.812,-1.812,0,0.0,off
2026-09-14T12:04:06,4260.2,85.0,2,2,25.0,27.062,-2.062,0,0.0,off
2026-09-14T12:04:11,4265.2,90.0,2,2,25.0,27.250,-2.250,0,0.0,off
2026-09-14T12:04:16,4270.2,95.0,2,2,25.0,27.312,-2.312,0,0.0,off
2026-09-14T12:04:21,4275.2,100.0,2,2,25.0,27.437,-2.437,0,0.0,off
2026-09-14T12:04:26,4280.2,105.0,2,2,25.0,27.437,-2.437,0,0.0,off
2026-09-14T12:04:31,4285.2,110.0,2,2,25.0,27.500,-2.500,0,0.0,off
2026-09-14T12:04:36,4290.2,115.0,2,2,25.0,27.500,-2.500,0,0.0,off
2026-09-14T12:04:41,4295.2,120.0,2,2,25.0,27.500,-2.500,0,0.0,off
2026-09-14T12:04:46,4300.2,125.0,2,2,25.0,27.437,-2.437,0,0.0,off
2026-09-14T12:04:51,4305.2,130.0,2,2,25.0,27.375,-2.375,0,0.0,off
2026-09-14T12:04:56,4310.2,135.0,2,2,25.0,27.375,-2.375,0,0.0,off
2026-09-14T12:05:01,4315.2,140.0,2,2,25.0,27.312,-2.312,0,0.0,off
2026-09-14T12:05:06,4320.2,145.0,2,2,25.0,27.250,-2.250,0,0.0,off
2026-09-14T12:05:11,4325.2,150.0,2,2,25.0,27.187,-2.187,0,0.0,off
2026-09-14T12:05:16,4330.2,155.0,2,2,25.0,27.125,-2.125,0,0.0,off
2026-09-14T12:05:21,4335.2,160.0,2,2,25.0,27.062,-2.062,0,0.0,off
2026-09-14T12:05:26,4340.2,165.0,2,2,25.0,27.000,-2.000,0,0.0,off
2026-09-14T12:05:31,4345.2,170.0,2,2,25.0,26.875,-1.875,0,0.0,off
2026-09-14T12:05:36,4350.2,175.0,2,2,25.0,26.875,-1.875,0,0.0,off
2026-09-14T12:05:41,4355.2,180.0,2,2,25.0,26.750,-1.750,0,0.0,off
2026-09-14T12:05:46,4360.2,185.0,2,2,25.0,26.750,-1.750,0,0.0,off
2026-09-14T12:05:51,4365.2,190.0,2,2,25.0,26.687,-1.687,0,0.0,off
2026-09-14T12:05:56,4370.2,195.0,2,2,25.0,26.562,-1.562,0,0.0,off
2026-09-14T12:06:01,4375.2,200.0,2,2,25.0,26.500,-1.500,0,0.0,off
2026-09-14T12:06:06,4380.2,205.0,2,2,25.0,26.437,-1.437,0,0.0,off
2026-09-14T12:06:11,4385.2,210.0,2,2,25.0,26.375,-1.375,0,0.0,off
2026-09-14T12:06:16,4390.2,215.0,2,2,25.0,26.312,-1.312,0,0.0,off
2026-09-14T12:06:21,4395.2,220.0,2,2,25.0,26.250,-1.250,0,0.0,off
2026-09-14T12:06:26,4400.2,225.0,2,2,25.0,26.187,-1.187,0,0.0,off
2026-09-14T12:06:31,4405.2,230.0,2,2,25.0,26.125,-1.125,0,0.0,off
2026-09-14T12:06:36,4410.2,235.0,2,2,25.0,26.062,-1.062,0,0.0,off
2026-09-14T12:06:41,4415.2,240.0,2,2,25.0,26.000,-1.000,0,0.0,off
2026-09-14T12:06:46,4420.2,245.0,2,2,25.0,25.937,-0.937,0,0.0,off
2026-09-14T12:06:51,4425.2,250.0,2,2,25.0,25.875,-0.875,0,0.0,off
2026-09-14T12:06:56,4430.2,255.0,2,2,25.0,25.812,-0.812,0,0.0,off
2026-09-14T12:07:01,4435.2,260.0,2,2,25.0,25.750,-0.750,0,0.0,off
2026-09-14T12:07:06,4440.2,265.0,2,2,25.0,25.687,-0.687,0,0.0,off
2026-09-14T12:07:11,4445.2,270.0,2,2,25.0,25.625,-0.625,0,0.0,off
2026-09-14T12:07:16,4450.2,275.0,2,2,25.0,25.562,-0.562,0,0.0,off
2026-09-14T12:07:21,4455.2,280.0,2,2,25.0,25.500,-0.500,0,0.0,off
2026-09-14T12:07:26,4460.2,285.0,2,2,25.0,25.500,-0.500,0,0.0,off
2026-09-14T12:07:31,4465.2,290.0,2,2,25.0,25.437,-0.437,0,0.0,off
2026-09-14T12:07:36,4470.2,295.0,2,2,25.0,25.375,-0.375,0,0.0,off
2026-09-14T12:07:41,4475.2,300.0,2,2,25.0,25.312,-0.312,0,0.0,off
2026-09-14T12:07:46,4480.2,305.0,2,2,25.0,25.250,-0.250,1,0.0,off
2026-09-14T12:07:51,4485.2,310.0,2,2,25.0,25.187,-0.187,1,0.0,off
2026-09-14T12:07:56,4490.2,315.0,2,2,25.0,25.125,-0.125,1,0.0,off
2026-09-14T12:08:01,4495.2,320.0,2,2,25.0,25.062,-0.062,1,0.0,off
2026-09-14T12:08:06,4500.2,325.0,2,2,25.0,25.062,-0.062,1,0.0,off
2026-09-14T12:08:11,4505.2,330.0,2,2,25.0,25.000,0.000,1,33.3,heat
2026-09-14T12:08:16,4510.2,335.0,2,2,25.0,24.937,0.063,1,34.0,heat
2026-09-14T12:08:21,4515.2,340.0,2,2,25.0,24.875,0.125,1,34.8,heat
2026-09-14T12:08:26,4520.2,345.0,2,2,25.0,24.875,0.125,1,34.8,heat
2026-09-14T12:08:31,4525.2,350.0,2,2,25.0,24.812,0.188,1,35.6,heat
2026-09-14T12:08:36,4530.2,355.0,2,2,25.0,24.875,0.125,1,34.8,heat
2026-09-14T12:08:41,4535.2,360.0,2,2,25.0,25.000,0.000,1,33.3,heat
2026-09-14T12:08:46,4540.2,0.0,2,3,27.0,25.125,1.875,0,70.0,heat
2026-09-14T12:08:51,4545.2,5.0,2,3,27.0,25.250,1.750,0,69.3,heat
2026-09-14T12:08:56,4550.2,10.0,2,3,27.0,25.437,1.563,0,67.1,heat
2026-09-14T12:09:01,4555.2,15.0,2,3,27.0,25.687,1.313,0,64.2,heat
2026-09-14T12:09:06,4560.2,20.0,2,3,27.0,25.937,1.063,0,61.3,heat
2026-09-14T12:09:11,4565.2,25.0,2,3,27.0,26.250,0.750,0,57.6,heat
2026-09-14T12:09:16,4570.2,30.0,2,3,27.0,26.625,0.375,0,53.2,heat
2026-09-14T12:09:21,4575.2,35.0,2,3,27.0,27.062,-0.062,1,0.0,off
2026-09-14T12:09:26,4580.2,40.0,2,3,27.0,27.437,-0.437,0,0.0,off
2026-09-14T12:09:31,4585.2,45.0,2,3,27.0,27.812,-0.812,0,0.0,off
2026-09-14T12:09:36,4590.2,50.0,2,3,27.0,28.312,-1.312,0,0.0,off
2026-09-14T12:09:41,4595.2,55.0,2,3,27.0,28.625,-1.625,0,0.0,off
2026-09-14T12:09:46,4600.2,60.0,2,3,27.0,28.937,-1.937,0,0.0,off
2026-09-14T12:09:51,4605.2,65.0,2,3,27.0,29.187,-2.187,0,0.0,off
2026-09-14T12:09:56,4610.2,70.0,2,3,27.0,29.375,-2.375,0,0.0,off
2026-09-14T12:10:01,4615.2,75.0,2,3,27.0,29.437,-2.437,0,0.0,off
2026-09-14T12:10:06,4620.2,80.0,2,3,27.0,29.562,-2.562,0,0.0,off
2026-09-14T12:10:11,4625.2,85.0,2,3,27.0,29.562,-2.562,0,0.0,off
2026-09-14T12:10:16,4630.2,90.0,2,3,27.0,29.562,-2.562,0,0.0,off
2026-09-14T12:10:21,4635.2,95.0,2,3,27.0,29.562,-2.562,0,0.0,off
2026-09-14T12:10:26,4640.2,100.0,2,3,27.0,29.500,-2.500,0,0.0,off
2026-09-14T12:10:31,4645.2,105.0,2,3,27.0,29.437,-2.437,0,0.0,off
2026-09-14T12:10:36,4650.2,110.0,2,3,27.0,29.375,-2.375,0,0.0,off
2026-09-14T12:10:41,4655.2,115.0,2,3,27.0,29.312,-2.312,0,0.0,off
2026-09-14T12:10:46,4660.2,120.0,2,3,27.0,29.187,-2.187,0,0.0,off
2026-09-14T12:10:51,4665.2,125.0,2,3,27.0,29.125,-2.125,0,0.0,off
2026-09-14T12:10:56,4670.2,130.0,2,3,27.0,29.000,-2.000,0,0.0,off
2026-09-14T12:11:01,4675.2,135.0,2,3,27.0,28.937,-1.937,0,0.0,off
2026-09-14T12:11:06,4680.2,140.0,2,3,27.0,28.812,-1.812,0,0.0,off
2026-09-14T12:11:11,4685.2,145.0,2,3,27.0,28.750,-1.750,0,0.0,off
2026-09-14T12:11:16,4690.2,150.0,2,3,27.0,28.625,-1.625,0,0.0,off
2026-09-14T12:11:21,4695.2,155.0,2,3,27.0,28.562,-1.562,0,0.0,off
2026-09-14T12:11:26,4700.2,160.0,2,3,27.0,28.437,-1.437,0,0.0,off
2026-09-14T12:11:31,4705.2,165.0,2,3,27.0,28.312,-1.312,0,0.0,off
2026-09-14T12:11:36,4710.2,170.0,2,3,27.0,28.250,-1.250,0,0.0,off
2026-09-14T12:11:41,4715.2,175.0,2,3,27.0,28.125,-1.125,0,0.0,off
2026-09-14T12:11:46,4720.2,180.0,2,3,27.0,28.062,-1.062,0,0.0,off
2026-09-14T12:11:51,4725.2,185.0,2,3,27.0,27.937,-0.937,0,0.0,off
2026-09-14T12:11:56,4730.2,190.0,2,3,27.0,27.875,-0.875,0,0.0,off
2026-09-14T12:12:01,4735.2,195.0,2,3,27.0,27.750,-0.750,0,0.0,off
2026-09-14T12:12:06,4740.2,200.0,2,3,27.0,27.687,-0.687,0,0.0,off
2026-09-14T12:12:11,4745.2,205.0,2,3,27.0,27.625,-0.625,0,0.0,off
2026-09-14T12:12:16,4750.2,210.0,2,3,27.0,27.500,-0.500,0,0.0,off
2026-09-14T12:12:21,4755.2,215.0,2,3,27.0,27.375,-0.375,0,0.0,off
2026-09-14T12:12:26,4760.2,220.0,2,3,27.0,27.312,-0.312,0,0.0,off
2026-09-14T12:12:31,4765.2,225.0,2,3,27.0,27.250,-0.250,1,0.0,off
2026-09-14T12:12:36,4770.2,230.0,2,3,27.0,27.125,-0.125,1,0.0,off
2026-09-14T12:12:41,4775.2,235.0,2,3,27.0,27.062,-0.062,1,0.0,off
2026-09-14T12:12:46,4780.2,240.0,2,3,27.0,26.937,0.063,1,49.4,heat
2026-09-14T12:12:51,4785.2,245.0,2,3,27.0,26.875,0.125,1,50.2,heat
2026-09-14T12:12:56,4790.2,250.0,2,3,27.0,26.812,0.188,1,50.9,heat
2026-09-14T12:13:01,4795.2,255.0,2,3,27.0,26.750,0.250,1,51.7,heat
2026-09-14T12:13:06,4800.2,260.0,2,3,27.0,26.750,0.250,1,51.7,heat
2026-09-14T12:13:11,4805.2,265.0,2,3,27.0,26.750,0.250,1,51.7,heat
2026-09-14T12:13:16,4810.2,270.0,2,3,27.0,26.875,0.125,1,50.2,heat
2026-09-14T12:13:21,4815.2,275.0,2,3,27.0,27.062,-0.062,1,0.0,off
2026-09-14T12:13:26,4820.2,280.0,2,3,27.0,27.250,-0.250,1,0.0,off
2026-09-14T12:13:31,4825.2,0.0,2,4,25.0,27.500,-2.500,0,0.0,off
2026-09-14T12:13:36,4830.2,5.0,2,4,25.0,27.812,-2.812,0,0.0,off
2026-09-14T12:13:41,4835.2,10.0,2,4,25.0,28.000,-3.000,0,0.0,off
2026-09-14T12:13:46,4840.2,15.0,2,4,25.0,28.250,-3.250,0,0.0,off
2026-09-14T12:13:51,4845.2,20.0,2,4,25.0,28.437,-3.437,0,0.0,off
2026-09-14T12:13:56,4850.2,25.0,2,4,25.0,28.562,-3.562,0,0.0,off
2026-09-14T12:14:01,4855.2,30.0,2,4,25.0,28.625,-3.625,0,0.0,off
2026-09-14T12:14:06,4860.2,35.0,2,4,25.0,28.625,-3.625,0,0.0,off
2026-09-14T12:14:11,4865.2,40.0,2,4,25.0,28.687,-3.687,0,0.0,off
2026-09-14T12:14:16,4870.2,45.0,2,4,25.0,28.687,-3.687,0,0.0,off
2026-09-14T12:14:21,4875.2,50.0,2,4,25.0,28.625,-3.625,0,0.0,off
2026-09-14T12:14:26,4880.2,55.0,2,4,25.0,28.562,-3.562,0,0.0,off
2026-09-14T12:14:31,4885.2,60.0,2,4,25.0,28.500,-3.500,0,0.0,off
2026-09-14T12:14:36,4890.2,65.0,2,4,25.0,28.437,-3.437,0,0.0,off
2026-09-14T12:14:41,4895.2,70.0,2,4,25.0,28.312,-3.312,0,0.0,off
2026-09-14T12:14:46,4900.2,75.0,2,4,25.0,28.250,-3.250,0,0.0,off
2026-09-14T12:14:51,4905.2,80.0,2,4,25.0,28.187,-3.187,0,0.0,off
2026-09-14T12:14:56,4910.2,85.0,2,4,25.0,28.125,-3.125,0,0.0,off
2026-09-14T12:15:01,4915.2,90.0,2,4,25.0,28.000,-3.000,0,0.0,off
2026-09-14T12:15:06,4920.2,95.0,2,4,25.0,27.937,-2.937,0,0.0,off
2026-09-14T12:15:11,4925.2,100.0,2,4,25.0,27.875,-2.875,0,0.0,off
2026-09-14T12:15:16,4930.2,105.0,2,4,25.0,27.750,-2.750,0,0.0,off
2026-09-14T12:15:21,4935.2,110.0,2,4,25.0,27.687,-2.687,0,0.0,off
2026-09-14T12:15:26,4940.2,115.0,2,4,25.0,27.562,-2.562,0,0.0,off
2026-09-14T12:15:31,4945.2,120.0,2,4,25.0,27.500,-2.500,0,0.0,off
2026-09-14T12:15:36,4950.2,125.0,2,4,25.0,27.375,-2.375,0,0.0,off
2026-09-14T12:15:41,4955.2,130.0,2,4,25.0,27.312,-2.312,0,0.0,off
2026-09-14T12:15:46,4960.2,135.0,2,4,25.0,27.250,-2.250,0,0.0,off
2026-09-14T12:15:51,4965.2,140.0,2,4,25.0,27.125,-2.125,0,0.0,off
2026-09-14T12:15:56,4970.2,145.0,2,4,25.0,27.062,-2.062,0,0.0,off
2026-09-14T12:16:01,4975.2,150.0,2,4,25.0,27.000,-2.000,0,0.0,off
2026-09-14T12:16:06,4980.2,155.0,2,4,25.0,26.937,-1.937,0,0.0,off
2026-09-14T12:16:11,4985.2,160.0,2,4,25.0,26.812,-1.812,0,0.0,off
2026-09-14T12:16:16,4990.2,165.0,2,4,25.0,26.750,-1.750,0,0.0,off
2026-09-14T12:16:21,4995.2,170.0,2,4,25.0,26.687,-1.687,0,0.0,off
2026-09-14T12:16:26,5000.2,175.0,2,4,25.0,26.562,-1.562,0,0.0,off
2026-09-14T12:16:31,5005.2,180.0,2,4,25.0,26.500,-1.500,0,0.0,off
2026-09-14T12:16:36,5010.2,185.0,2,4,25.0,26.437,-1.437,0,0.0,off
2026-09-14T12:16:41,5015.2,190.0,2,4,25.0,26.375,-1.375,0,0.0,off
2026-09-14T12:16:46,5020.2,195.0,2,4,25.0,26.312,-1.312,0,0.0,off
2026-09-14T12:16:51,5025.2,200.0,2,4,25.0,26.187,-1.187,0,0.0,off
2026-09-14T12:16:56,5030.2,205.0,2,4,25.0,26.125,-1.125,0,0.0,off
2026-09-14T12:17:01,5035.2,210.0,2,4,25.0,26.062,-1.062,0,0.0,off
2026-09-14T12:17:06,5040.2,215.0,2,4,25.0,26.000,-1.000,0,0.0,off
2026-09-14T12:17:11,5045.2,220.0,2,4,25.0,25.937,-0.937,0,0.0,off
2026-09-14T12:17:16,5050.2,225.0,2,4,25.0,25.875,-0.875,0,0.0,off
2026-09-14T12:17:21,5055.2,230.0,2,4,25.0,25.812,-0.812,0,0.0,off
2026-09-14T12:17:26,5060.2,235.0,2,4,25.0,25.687,-0.687,0,0.0,off
2026-09-14T12:17:31,5065.2,240.0,2,4,25.0,25.687,-0.687,0,0.0,off
2026-09-14T12:17:36,5070.2,245.0,2,4,25.0,25.625,-0.625,0,0.0,off
2026-09-14T12:17:41,5075.2,250.0,2,4,25.0,25.562,-0.562,0,0.0,off
2026-09-14T12:17:46,5080.2,255.0,2,4,25.0,25.437,-0.437,0,0.0,off
2026-09-14T12:17:51,5085.2,260.0,2,4,25.0,25.437,-0.437,0,0.0,off
2026-09-14T12:17:56,5090.2,265.0,2,4,25.0,25.375,-0.375,0,0.0,off
2026-09-14T12:18:01,5095.2,270.0,2,4,25.0,25.312,-0.312,0,0.0,off
2026-09-14T12:18:06,5100.2,275.0,2,4,25.0,25.250,-0.250,1,0.0,off
2026-09-14T12:18:11,5105.2,280.0,2,4,25.0,25.187,-0.187,1,0.0,off
2026-09-14T12:18:16,5110.2,285.0,2,4,25.0,25.125,-0.125,1,0.0,off
2026-09-14T12:18:21,5115.2,290.0,2,4,25.0,25.062,-0.062,1,0.0,off
2026-09-14T12:18:26,5120.2,295.0,2,4,25.0,25.000,0.000,1,32.0,heat
2026-09-14T12:18:31,5125.2,300.0,2,4,25.0,24.937,0.063,1,32.8,heat
2026-09-14T12:18:36,5130.2,305.0,2,4,25.0,24.875,0.125,1,33.5,heat
2026-09-14T12:18:41,5135.2,310.0,2,4,25.0,24.875,0.125,1,33.5,heat
2026-09-14T12:18:46,5140.2,315.0,2,4,25.0,24.812,0.188,1,34.3,heat
2026-09-14T12:18:51,5145.2,320.0,2,4,25.0,24.875,0.125,1,33.5,heat
2026-09-14T12:18:56,5150.2,325.0,2,4,25.0,24.937,0.063,1,32.8,heat
2026-09-14T12:19:01,5155.2,330.0,2,4,25.0,25.062,-0.062,1,0.0,off
2026-09-14T12:19:06,5160.2,0.0,2,5,23.0,25.187,-2.187,0,0.0,off
2026-09-14T12:19:11,5165.2,5.0,2,5,23.0,25.375,-2.375,0,0.0,off
2026-09-14T12:19:16,5170.2,10.0,2,5,23.0,25.562,-2.562,0,0.0,off
2026-09-14T12:19:21,5175.2,15.0,2,5,23.0,25.750,-2.750,0,0.0,off
2026-09-14T12:19:26,5180.2,20.0,2,5,23.0,25.875,-2.875,0,0.0,off
2026-09-14T12:19:31,5185.2,25.0,2,5,23.0,26.000,-3.000,0,0.0,off
2026-09-14T12:19:36,5190.2,30.0,2,5,23.0,26.062,-3.062,0,0.0,off
2026-09-14T12:19:41,5195.2,35.0,2,5,23.0,26.125,-3.125,0,0.0,off
2026-09-14T12:19:46,5200.2,40.0,2,5,23.0,26.187,-3.187,0,0.0,off
2026-09-14T12:19:51,5205.2,45.0,2,5,23.0,26.125,-3.125,0,0.0,off
2026-09-14T12:19:56,5210.2,50.0,2,5,23.0,26.125,-3.125,0,0.0,off
2026-09-14T12:20:01,5215.2,55.0,2,5,23.0,26.125,-3.125,0,0.0,off
2026-09-14T12:20:06,5220.2,60.0,2,5,23.0,26.062,-3.062,0,0.0,off
2026-09-14T12:20:11,5225.2,65.0,2,5,23.0,26.062,-3.062,0,0.0,off
2026-09-14T12:20:16,5230.2,70.0,2,5,23.0,26.000,-3.000,0,0.0,off
2026-09-14T12:20:21,5235.2,75.0,2,5,23.0,25.937,-2.937,0,0.0,off
2026-09-14T12:20:26,5240.2,80.0,2,5,23.0,25.875,-2.875,0,0.0,off
2026-09-14T12:20:31,5245.2,85.0,2,5,23.0,25.812,-2.812,0,0.0,off
2026-09-14T12:20:36,5250.2,90.0,2,5,23.0,25.812,-2.812,0,0.0,off
2026-09-14T12:20:41,5255.2,95.0,2,5,23.0,25.687,-2.687,0,0.0,off
2026-09-14T12:20:46,5260.2,100.0,2,5,23.0,25.625,-2.625,0,0.0,off
2026-09-14T12:20:51,5265.2,105.0,2,5,23.0,25.562,-2.562,0,0.0,off
2026-09-14T12:20:56,5270.2,110.0,2,5,23.0,25.500,-2.500,0,0.0,off
2026-09-14T12:21:01,5275.2,115.0,2,5,23.0,25.437,-2.437,0,0.0,off
2026-09-14T12:21:06,5280.2,120.0,2,5,23.0,25.375,-2.375,0,0.0,off
2026-09-14T12:21:11,5285.2,125.0,2,5,23.0,25.312,-2.312,0,0.0,off
2026-09-14T12:21:16,5290.2,130.0,2,5,23.0,25.250,-2.250,0,0.0,off
2026-09-14T12:21:21,5295.2,135.0,2,5,23.0,25.250,-2.250,0,0.0,off
2026-09-14T12:21:26,5300.2,140.0,2,5,23.0,25.187,-2.187,0,0.0,off
2026-09-14T12:21:31,5305.2,145.0,2,5,23.0,25.125,-2.125,0,0.0,off
2026-09-14T12:21:36,5310.2,150.0,2,5,23.0,25.000,-2.000,0,0.0,off
2026-09-14T12:21:41,5315.2,155.0,2,5,23.0,24.937,-1.937,0,0.0,off
2026-09-14T12:21:46,5320.2,160.0,2,5,23.0,24.937,-1.937,0,0.0,off
2026-09-14T12:21:51,5325.2,165.0,2,5,23.0,24.812,-1.812,0,0.0,off
2026-09-14T12:21:56,5330.2,170.0,2,5,23.0,24.812,-1.812,0,0.0,off
2026-09-14T12:22:01,5335.2,175.0,2,5,23.0,24.750,-1.750,0,0.0,off
2026-09-14T12:22:06,5340.2,180.0,2,5,23.0,24.687,-1.687,0,0.0,off
2026-09-14T12:22:11,5345.2,185.0,2,5,23.0,24.625,-1.625,0,0.0,off
2026-09-14T12:22:16,5350.2,190.0,2,5,23.0,24.562,-1.562,0,0.0,off
2026-09-14T12:22:21,5355.2,195.0,2,5,23.0,24.562,-1.562,0,0.0,off
2026-09-14T12:22:26,5360.2,200.0,2,5,23.0,24.500,-1.500,0,0.0,off
2026-09-14T12:22:31,5365.2,205.0,2,5,23.0,24.437,-1.437,0,0.0,off
2026-09-14T12:22:36,5370.2,210.0,2,5,23.0,24.375,-1.375,0,0.0,off
2026-09-14T12:22:41,5375.2,215.0,2,5,23.0,24.312,-1.312,0,0.0,off
2026-09-14T12:22:46,5380.2,220.0,2,5,23.0,24.250,-1.250,0,0.0,off
2026-09-14T12:22:51,5385.2,225.0,2,5,23.0,24.187,-1.187,0,0.0,off
2026-09-14T12:22:56,5390.2,230.0,2,5,23.0,24.187,-1.187,0,0.0,off
2026-09-14T12:23:01,5395.2,235.0,2,5,23.0,24.125,-1.125,0,0.0,off
2026-09-14T12:23:06,5400.2,240.0,2,5,23.0,24.062,-1.062,0,0.0,off
2026-09-14T12:23:11,5405.2,245.0,2,5,23.0,24.062,-1.062,0,0.0,off
2026-09-14T12:23:16,5410.2,250.0,2,5,23.0,24.000,-1.000,0,0.0,off
2026-09-14T12:23:21,5415.2,255.0,2,5,23.0,23.937,-0.937,0,0.0,off
2026-09-14T12:23:26,5420.2,260.0,2,5,23.0,23.875,-0.875,0,0.0,off
2026-09-14T12:23:31,5425.2,265.0,2,5,23.0,23.875,-0.875,0,0.0,off
2026-09-14T12:23:36,5430.2,270.0,2,5,23.0,23.812,-0.812,0,0.0,off
2026-09-14T12:23:41,5435.2,275.0,2,5,23.0,23.750,-0.750,0,0.0,off
2026-09-14T12:23:46,5440.2,280.0,2,5,23.0,23.750,-0.750,0,0.0,off
2026-09-14T12:23:51,5445.2,285.0,2,5,23.0,23.687,-0.687,0,0.0,off
2026-09-14T12:23:56,5450.2,290.0,2,5,23.0,23.625,-0.625,0,0.0,off
2026-09-14T12:24:01,5455.2,295.0,2,5,23.0,23.562,-0.562,0,0.0,off
2026-09-14T12:24:06,5460.2,300.0,2,5,23.0,23.500,-0.500,0,0.0,off
2026-09-14T12:24:11,5465.2,305.0,2,5,23.0,23.500,-0.500,0,0.0,off
2026-09-14T12:24:16,5470.2,310.0,2,5,23.0,23.437,-0.437,0,0.0,off
2026-09-14T12:24:21,5475.2,315.0,2,5,23.0,23.437,-0.437,0,0.0,off
2026-09-14T12:24:26,5480.2,320.0,2,5,23.0,23.375,-0.375,0,0.0,off
2026-09-14T12:24:31,5485.2,325.0,2,5,23.0,23.312,-0.312,0,0.0,off
2026-09-14T12:24:36,5490.2,330.0,2,5,23.0,23.312,-0.312,0,0.0,off
2026-09-14T12:24:41,5495.2,335.0,2,5,23.0,23.250,-0.250,1,0.0,off
2026-09-14T12:24:46,5500.2,340.0,2,5,23.0,23.250,-0.250,1,0.0,off
2026-09-14T12:24:51,5505.2,345.0,2,5,23.0,23.187,-0.187,1,0.0,off
2026-09-14T12:24:56,5510.2,350.0,2,5,23.0,23.187,-0.187,1,0.0,off
2026-09-14T12:25:01,5515.2,355.0,2,5,23.0,23.125,-0.125,1,0.0,off
2026-09-14T12:25:06,5520.2,360.0,2,5,23.0,23.062,-0.062,1,0.0,off
2026-09-14T12:25:11,5525.2,365.0,2,5,23.0,23.062,-0.062,1,0.0,off
2026-09-14T12:25:16,5530.2,370.0,2,5,23.0,23.062,-0.062,1,0.0,off
2026-09-14T12:25:21,5535.2,375.0,2,5,23.0,23.000,0.000,1,16.0,heat
2026-09-14T12:25:26,5540.2,380.0,2,5,23.0,22.937,0.063,1,16.8,heat
2026-09-14T12:25:31,5545.2,385.0,2,5,23.0,22.937,0.063,1,16.8,heat
2026-09-14T12:25:36,5550.2,390.0,2,5,23.0,22.875,0.125,1,17.5,heat
2026-09-14T12:25:41,5555.2,0.0,3,0,21.0,22.875,-1.875,0,0.0,off
2026-09-14T12:25:46,5560.2,5.0,3,0,21.0,22.875,-1.875,0,0.0,off
2026-09-14T12:25:51,5565.2,10.0,3,0,21.0,22.937,-1.937,0,0.0,off
2026-09-14T12:25:56,5570.2,15.0,3,0,21.0,22.937,-1.937,0,0.0,off
2026-09-14T12:26:01,5575.2,20.0,3,0,21.0,23.000,-2.000,0,0.0,off
2026-09-14T12:26:06,5580.2,25.0,3,0,21.0,23.062,-2.062,0,0.0,off
2026-09-14T12:26:11,5585.2,30.0,3,0,21.0,23.125,-2.125,0,0.0,off
2026-09-14T12:26:16,5590.2,35.0,3,0,21.0,23.125,-2.125,0,0.0,off
2026-09-14T12:26:21,5595.2,40.0,3,0,21.0,23.125,-2.125,0,0.0,off
2026-09-14T12:26:26,5600.2,45.0,3,0,21.0,23.125,-2.125,0,0.0,off
2026-09-14T12:26:31,5605.2,50.0,3,0,21.0,23.125,-2.125,0,0.0,off
2026-09-14T12:26:36,5610.2,55.0,3,0,21.0,23.125,-2.125,0,0.0,off
2026-09-14T12:26:41,5615.2,60.0,3,0,21.0,23.062,-2.062,0,0.0,off
2026-09-14T12:26:46,5620.2,65.0,3,0,21.0,23.062,-2.062,0,0.0,off
2026-09-14T12:26:51,5625.2,70.0,3,0,21.0,23.062,-2.062,0,0.0,off
2026-09-14T12:26:56,5630.2,75.0,3,0,21.0,23.000,-2.000,0,0.0,off
2026-09-14T12:27:01,5635.2,80.0,3,0,21.0,23.000,-2.000,0,0.0,off
2026-09-14T12:27:06,5640.2,85.0,3,0,21.0,22.937,-1.937,0,0.0,off
2026-09-14T12:27:11,5645.2,90.0,3,0,21.0,22.937,-1.937,0,0.0,off
2026-09-14T12:27:16,5650.2,95.0,3,0,21.0,22.875,-1.875,0,0.0,off
2026-09-14T12:27:21,5655.2,100.0,3,0,21.0,22.875,-1.875,0,0.0,off
2026-09-14T12:27:26,5660.2,105.0,3,0,21.0,22.812,-1.812,0,0.0,off
2026-09-14T12:27:31,5665.2,110.0,3,0,21.0,22.812,-1.812,0,0.0,off
2026-09-14T12:27:36,5670.2,115.0,3,0,21.0,22.750,-1.750,0,0.0,off
2026-09-14T12:27:41,5675.2,120.0,3,0,21.0,22.750,-1.750,0,0.0,off
2026-09-14T12:27:46,5680.2,125.0,3,0,21.0,22.687,-1.687,0,0.0,off
2026-09-14T12:27:51,5685.2,130.0,3,0,21.0,22.687,-1.687,0,0.0,off
2026-09-14T12:27:56,5690.2,135.0,3,0,21.0,22.625,-1.625,0,0.0,off
2026-09-14T12:28:01,5695.2,140.0,3,0,21.0,22.625,-1.625,0,0.0,off
2026-09-14T12:28:06,5700.2,145.0,3,0,21.0,22.562,-1.562,0,0.0,off
2026-09-14T12:28:11,5705.2,150.0,3,0,21.0,22.562,-1.562,0,0.0,off
2026-09-14T12:28:16,5710.2,155.0,3,0,21.0,22.500,-1.500,0,0.0,off
2026-09-14T12:28:21,5715.2,160.0,3,0,21.0,22.437,-1.437,0,0.0,off
2026-09-14T12:28:26,5720.2,165.0,3,0,21.0,22.437,-1.437,0,0.0,off
2026-09-14T12:28:31,5725.2,170.0,3,0,21.0,22.437,-1.437,0,0.0,off
2026-09-14T12:28:36,5730.2,175.0,3,0,21.0,22.375,-1.375,0,0.0,off
2026-09-14T12:28:41,5735.2,180.0,3,0,21.0,22.375,-1.375,0,0.0,off
2026-09-14T12:28:46,5740.2,185.0,3,0,21.0,22.312,-1.312,0,0.0,off
2026-09-14T12:28:51,5745.2,190.0,3,0,21.0,22.312,-1.312,0,0.0,off
2026-09-14T12:28:56,5750.2,195.0,3,0,21.0,22.250,-1.250,0,0.0,off
2026-09-14T12:29:01,5755.2,200.0,3,0,21.0,22.250,-1.250,0,0.0,off
2026-09-14T12:29:06,5760.2,205.0,3,0,21.0,22.187,-1.187,0,0.0,off
2026-09-14T12:29:11,5765.2,210.0,3,0,21.0,22.187,-1.187,0,0.0,off
2026-09-14T12:29:16,5770.2,215.0,3,0,21.0,22.125,-1.125,0,0.0,off
2026-09-14T12:29:21,5775.2,220.0,3,0,21.0,22.125,-1.125,0,0.0,off
2026-09-14T12:29:26,5780.2,225.0,3,0,21.0,22.125,-1.125,0,0.0,off
2026-09-14T12:29:31,5785.2,230.0,3,0,21.0,22.062,-1.062,0,0.0,off
2026-09-14T12:29:36,5790.2,235.0,3,0,21.0,22.062,-1.062,0,0.0,off
2026-09-14T12:29:41,5795.2,240.0,3,0,21.0,22.000,-1.000,0,0.0,off
2026-09-14T12:29:46,5800.2,245.0,3,0,21.0,22.000,-1.000,0,0.0,off
2026-09-14T12:29:51,5805.2,250.0,3,0,21.0,22.000,-1.000,0,0.0,off
2026-09-14T12:29:56,5810.2,255.0,3,0,21.0,22.000,-1.000,0,0.0,off
2026-09-14T12:30:01,5815.2,260.0,3,0,21.0,21.937,-0.937,0,0.0,off
2026-09-14T12:30:06,5820.2,265.0,3,0,21.0,21.937,-0.937,0,0.0,off
2026-09-14T12:30:11,5825.2,270.0,3,0,21.0,21.937,-0.937,0,0.0,off
2026-09-14T12:30:16,5830.2,275.0,3,0,21.0,21.937,-0.937,0,0.0,off
2026-09-14T12:30:21,5835.2,280.0,3,0,21.0,21.875,-0.875,0,0.0,off
2026-09-14T12:30:26,5840.2,285.0,3,0,21.0,21.875,-0.875,0,0.0,off
2026-09-14T12:30:31,5845.2,290.0,3,0,21.0,21.875,-0.875,0,0.0,off
2026-09-14T12:30:36,5850.2,295.0,3,0,21.0,21.812,-0.812,0,0.0,off
2026-09-14T12:30:41,5855.2,300.0,3,0,21.0,21.812,-0.812,0,0.0,off
2026-09-14T12:30:46,5860.2,305.0,3,0,21.0,21.812,-0.812,0,0.0,off
2026-09-14T12:30:51,5865.2,310.0,3,0,21.0,21.812,-0.812,0,0.0,off
2026-09-14T12:30:56,5870.2,315.0,3,0,21.0,21.750,-0.750,0,0.0,off
2026-09-14T12:31:01,5875.2,320.0,3,0,21.0,21.750,-0.750,0,0.0,off
2026-09-14T12:31:06,5880.2,325.0,3,0,21.0,21.750,-0.750,0,0.0,off
2026-09-14T12:31:11,5885.2,330.0,3,0,21.0,21.750,-0.750,0,0.0,off
2026-09-14T12:31:16,5890.2,335.0,3,0,21.0,21.750,-0.750,0,0.0,off
2026-09-14T12:31:21,5895.2,340.0,3,0,21.0,21.750,-0.750,0,0.0,off
2026-09-14T12:31:26,5900.2,345.0,3,0,21.0,21.687,-0.687,0,0.0,off
2026-09-14T12:31:31,5905.2,350.0,3,0,21.0,21.750,-0.750,0,0.0,off
2026-09-14T12:31:36,5910.2,355.0,3,0,21.0,21.750,-0.750,0,0.0,off
2026-09-14T12:31:41,5915.2,360.0,3,0,21.0,21.687,-0.687,0,0.0,off
2026-09-14T12:31:46,5920.2,365.0,3,0,21.0,21.687,-0.687,0,0.0,off
2026-09-14T12:31:51,5925.2,370.0,3,0,21.0,21.687,-0.687,0,0.0,off
2026-09-14T12:31:56,5930.2,375.0,3,0,21.0,21.687,-0.687,0,0.0,off
2026-09-14T12:32:01,5935.2,380.0,3,0,21.0,21.687,-0.687,0,0.0,off
2026-09-14T12:32:06,5940.2,385.0,3,0,21.0,21.687,-0.687,0,0.0,off
2026-09-14T12:32:11,5945.2,390.0,3,0,21.0,21.687,-0.687,0,0.0,off
2026-09-14T12:32:16,5950.2,395.0,3,0,21.0,21.687,-0.687,0,0.0,off
2026-09-14T12:32:21,5955.2,400.0,3,0,21.0,21.687,-0.687,0,0.0,off
2026-09-14T12:32:26,5960.2,405.0,3,0,21.0,21.687,-0.687,0,0.0,off
2026-09-14T12:32:31,5965.2,410.0,3,0,21.0,21.687,-0.687,0,0.0,off
2026-09-14T12:32:36,5970.2,415.0,3,0,21.0,21.687,-0.687,0,0.0,off
2026-09-14T12:32:41,5975.2,420.0,3,0,21.0,21.687,-0.687,0,0.0,off
2026-09-14T12:32:46,5980.2,425.0,3,0,21.0,21.687,-0.687,0,0.0,off
2026-09-14T12:32:51,5985.2,430.0,3,0,21.0,21.687,-0.687,0,0.0,off
2026-09-14T12:32:56,5990.2,435.0,3,0,21.0,21.687,-0.687,0,0.0,off
2026-09-14T12:33:01,5995.2,440.0,3,0,21.0,21.687,-0.687,0,0.0,off
2026-09-14T12:33:06,6000.2,445.0,3,0,21.0,21.687,-0.687,0,0.0,off
2026-09-14T12:33:11,6005.2,450.0,3,0,21.0,21.687,-0.687,0,0.0,off
2026-09-14T12:33:16,6010.2,455.0,3,0,21.0,21.687,-0.687,0,0.0,off
2026-09-14T12:33:21,6015.2,460.0,3,0,21.0,21.687,-0.687,0,0.0,off
2026-09-14T12:33:26,6020.2,465.0,3,0,21.0,21.687,-0.687,0,0.0,off
2026-09-14T12:33:31,6025.2,470.0,3,0,21.0,21.687,-0.687,0,0.0,off
2026-09-14T12:33:36,6030.2,475.0,3,0,21.0,21.687,-0.687,0,0.0,off
2026-09-14T12:33:41,6035.2,480.0,3,0,21.0,21.687,-0.687,0,0.0,off
2026-09-14T12:33:46,6040.2,485.0,3,0,21.0,21.687,-0.687,0,0.0,off
2026-09-14T12:33:51,6045.2,490.0,3,0,21.0,21.687,-0.687,0,0.0,off
2026-09-14T12:33:56,6050.2,495.0,3,0,21.0,21.687,-0.687,0,0.0,off
2026-09-14T12:34:01,6055.2,500.0,3,0,21.0,21.687,-0.687,0,0.0,off
2026-09-14T12:34:06,6060.2,505.0,3,0,21.0,21.687,-0.687,0,0.0,off
2026-09-14T12:34:11,6065.2,510.0,3,0,21.0,21.687,-0.687,0,0.0,off
2026-09-14T12:34:16,6070.2,515.0,3,0,21.0,21.687,-0.687,0,0.0,off
2026-09-14T12:34:21,6075.2,520.0,3,0,21.0,21.687,-0.687,0,0.0,off
2026-09-14T12:34:26,6080.2,525.0,3,0,21.0,21.687,-0.687,0,0.0,off
2026-09-14T12:34:31,6085.2,530.0,3,0,21.0,21.750,-0.750,0,0.0,off
2026-09-14T12:34:36,6090.2,535.0,3,0,21.0,21.750,-0.750,0,0.0,off
2026-09-14T12:34:41,6095.2,540.0,3,0,21.0,21.750,-0.750,0,0.0,off
2026-09-14T12:34:46,6100.2,545.0,3,0,21.0,21.750,-0.750,0,0.0,off
2026-09-14T12:34:51,6105.2,550.0,3,0,21.0,21.750,-0.750,0,0.0,off
2026-09-14T12:34:56,6110.2,555.0,3,0,21.0,21.750,-0.750,0,0.0,off
2026-09-14T12:35:01,6115.2,560.0,3,0,21.0,21.750,-0.750,0,0.0,off
2026-09-14T12:35:06,6120.2,565.0,3,0,21.0,21.750,-0.750,0,0.0,off
2026-09-14T12:35:11,6125.2,570.0,3,0,21.0,21.750,-0.750,0,0.0,off
2026-09-14T12:35:16,6130.2,575.0,3,0,21.0,21.750,-0.750,0,0.0,off
2026-09-14T12:35:21,6135.2,580.0,3,0,21.0,21.750,-0.750,0,0.0,off
2026-09-14T12:35:26,6140.2,585.0,3,0,21.0,21.750,-0.750,0,0.0,off
2026-09-14T12:35:31,6145.2,590.0,3,0,21.0,21.812,-0.812,0,0.0,off
2026-09-14T12:35:36,6150.2,595.0,3,0,21.0,21.812,-0.812,0,0.0,off
2026-09-14T12:35:41,6155.2,600.0,3,0,21.0,21.812,-0.812,0,0.0,off
2026-09-14T12:35:46,6160.2,605.0,3,0,21.0,21.812,-0.812,0,0.0,off
2026-09-14T12:35:51,6165.2,610.0,3,0,21.0,21.812,-0.812,0,0.0,off
2026-09-14T12:35:56,6170.2,615.0,3,0,21.0,21.812,-0.812,0,0.0,off
2026-09-14T12:36:01,6175.2,620.0,3,0,21.0,21.812,-0.812,0,0.0,off
2026-09-14T12:36:06,6180.2,625.0,3,0,21.0,21.812,-0.812,0,0.0,off
2026-09-14T12:36:11,6185.2,630.0,3,0,21.0,21.812,-0.812,0,0.0,off
2026-09-14T12:36:16,6190.2,635.0,3,0,21.0,21.812,-0.812,0,0.0,off
2026-09-14T12:36:21,6195.2,640.0,3,0,21.0,21.812,-0.812,0,0.0,off
2026-09-14T12:36:26,6200.2,645.0,3,0,21.0,21.812,-0.812,0,0.0,off
2026-09-14T12:36:31,6205.2,650.0,3,0,21.0,21.812,-0.812,0,0.0,off
2026-09-14T12:36:36,6210.2,655.0,3,0,21.0,21.812,-0.812,0,0.0,off
2026-09-14T12:36:41,6215.2,660.0,3,0,21.0,21.812,-0.812,0,0.0,off
2026-09-14T12:36:46,6220.2,665.0,3,0,21.0,21.812,-0.812,0,0.0,off
2026-09-14T12:36:51,6225.2,670.0,3,0,21.0,21.812,-0.812,0,0.0,off
2026-09-14T12:36:56,6230.2,675.0,3,0,21.0,21.812,-0.812,0,0.0,off
2026-09-14T12:37:01,6235.2,680.0,3,0,21.0,21.812,-0.812,0,0.0,off
2026-09-14T12:37:06,6240.2,685.0,3,0,21.0,21.812,-0.812,0,0.0,off
2026-09-14T12:37:11,6245.2,690.0,3,0,21.0,21.812,-0.812,0,0.0,off
2026-09-14T12:37:16,6250.2,695.0,3,0,21.0,21.812,-0.812,0,0.0,off
2026-09-14T12:37:21,6255.2,700.0,3,0,21.0,21.812,-0.812,0,0.0,off
2026-09-14T12:37:26,6260.2,705.0,3,0,21.0,21.812,-0.812,0,0.0,off
2026-09-14T12:37:31,6265.2,710.0,3,0,21.0,21.812,-0.812,0,0.0,off
2026-09-14T12:37:36,6270.2,715.0,3,0,21.0,21.812,-0.812,0,0.0,off
2026-09-14T12:37:41,6275.2,720.0,3,0,21.0,21.812,-0.812,0,0.0,off
2026-09-14T12:37:46,6280.2,725.0,3,0,21.0,21.750,-0.750,0,0.0,off
2026-09-14T12:37:51,6285.2,730.0,3,0,21.0,21.750,-0.750,0,0.0,off
2026-09-14T12:37:56,6290.2,735.0,3,0,21.0,21.750,-0.750,0,0.0,off
2026-09-14T12:38:01,6295.2,740.0,3,0,21.0,21.750,-0.750,0,0.0,off
2026-09-14T12:38:06,6300.2,745.0,3,0,21.0,21.750,-0.750,0,0.0,off
2026-09-14T12:38:11,6305.2,750.0,3,0,21.0,21.750,-0.750,0,0.0,off
2026-09-14T12:38:16,6310.2,755.0,3,0,21.0,21.750,-0.750,0,0.0,off
2026-09-14T12:38:21,6315.2,760.0,3,0,21.0,21.750,-0.750,0,0.0,off
2026-09-14T12:38:26,6320.2,765.0,3,0,21.0,21.687,-0.687,0,0.0,off
2026-09-14T12:38:31,6325.2,770.0,3,0,21.0,21.750,-0.750,0,0.0,off
2026-09-14T12:38:36,6330.2,775.0,3,0,21.0,21.750,-0.750,0,0.0,off
2026-09-14T12:38:41,6335.2,780.0,3,0,21.0,21.750,-0.750,0,0.0,off
2026-09-14T12:38:46,6340.2,785.0,3,0,21.0,21.687,-0.687,0,0.0,off
2026-09-14T12:38:51,6345.2,790.0,3,0,21.0,21.687,-0.687,0,0.0,off
2026-09-14T12:38:56,6350.2,795.0,3,0,21.0,21.687,-0.687,0,0.0,off
2026-09-14T12:39:01,6355.2,800.0,3,0,21.0,21.687,-0.687,0,0.0,off
2026-09-14T12:39:06,6360.2,805.0,3,0,21.0,21.687,-0.687,0,0.0,off
2026-09-14T12:39:11,6365.2,810.0,3,0,21.0,21.687,-0.687,0,0.0,off
2026-09-14T12:39:16,6370.2,815.0,3,0,21.0,21.625,-0.625,0,0.0,off
2026-09-14T12:39:21,6375.2,820.0,3,0,21.0,21.687,-0.687,0,0.0,off
2026-09-14T12:39:26,6380.2,825.0,3,0,21.0,21.687,-0.687,0,0.0,off
2026-09-14T12:39:31,6385.2,830.0,3,0,21.0,21.625,-0.625,0,0.0,off
2026-09-14T12:39:36,6390.2,835.0,3,0,21.0,21.625,-0.625,0,0.0,off
2026-09-14T12:39:41,6395.2,840.0,3,0,21.0,21.625,-0.625,0,0.0,off
2026-09-14T12:39:46,6400.2,845.0,3,0,21.0,21.625,-0.625,0,0.0,off
2026-09-14T12:39:51,6405.2,850.0,3,0,21.0,21.625,-0.625,0,0.0,off
2026-09-14T12:39:56,6410.2,855.0,3,0,21.0,21.625,-0.625,0,0.0,off
2026-09-14T12:40:01,6415.2,860.0,3,0,21.0,21.625,-0.625,0,0.0,off
2026-09-14T12:40:06,6420.2,865.0,3,0,21.0,21.625,-0.625,0,0.0,off
2026-09-14T12:40:11,6425.2,870.0,3,0,21.0,21.562,-0.562,0,0.0,off
2026-09-14T12:40:16,6430.2,875.0,3,0,21.0,21.562,-0.562,0,0.0,off
2026-09-14T12:40:21,6435.2,880.0,3,0,21.0,21.562,-0.562,0,0.0,off
2026-09-14T12:40:26,6440.2,885.0,3,0,21.0,21.562,-0.562,0,0.0,off
2026-09-14T12:40:31,6445.2,890.0,3,0,21.0,21.562,-0.562,0,0.0,off
2026-09-14T12:40:36,6450.2,895.0,3,0,21.0,21.500,-0.500,0,0.0,off
2026-09-14T12:40:41,6455.2,900.0,3,0,21.0,21.562,-0.562,0,0.0,off
2026-09-14T12:40:46,6460.2,905.0,3,0,21.0,21.500,-0.500,0,0.0,off
2026-09-14T12:40:51,6465.2,910.0,3,0,21.0,21.500,-0.500,0,0.0,off
2026-09-14T12:40:56,6470.2,915.0,3,0,21.0,21.500,-0.500,0,0.0,off
2026-09-14T12:41:01,6475.2,920.0,3,0,21.0,21.500,-0.500,0,0.0,off
2026-09-14T12:41:06,6480.2,925.0,3,0,21.0,21.500,-0.500,0,0.0,off
2026-09-14T12:41:11,6485.2,930.0,3,0,21.0,21.500,-0.500,0,0.0,off
2026-09-14T12:41:16,6490.2,935.0,3,0,21.0,21.437,-0.437,0,0.0,off
2026-09-14T12:41:21,6495.2,940.0,3,0,21.0,21.437,-0.437,0,0.0,off
2026-09-14T12:41:26,6500.2,945.0,3,0,21.0,21.437,-0.437,0,0.0,off
2026-09-14T12:41:31,6505.2,950.0,3,0,21.0,21.437,-0.437,0,0.0,off
2026-09-14T12:41:36,6510.2,955.0,3,0,21.0,21.437,-0.437,0,0.0,off
2026-09-14T12:41:41,6515.2,960.0,3,0,21.0,21.375,-0.375,0,0.0,off
2026-09-14T12:41:46,6520.2,965.0,3,0,21.0,21.437,-0.437,0,0.0,off
2026-09-14T12:41:51,6525.2,970.0,3,0,21.0,21.375,-0.375,0,0.0,off
2026-09-14T12:41:56,6530.2,975.0,3,0,21.0,21.375,-0.375,0,0.0,off
2026-09-14T12:42:01,6535.2,980.0,3,0,21.0,21.375,-0.375,0,0.0,off
2026-09-14T12:42:06,6540.2,985.0,3,0,21.0,21.375,-0.375,0,0.0,off
2026-09-14T12:42:11,6545.2,990.0,3,0,21.0,21.375,-0.375,0,0.0,off
2026-09-14T12:42:16,6550.2,995.0,3,0,21.0,21.312,-0.312,0,0.0,off
2026-09-14T12:42:21,6555.2,1000.0,3,0,21.0,21.312,-0.312,0,0.0,off
2026-09-14T12:42:26,6560.2,1005.0,3,0,21.0,21.312,-0.312,0,0.0,off
2026-09-14T12:42:31,6565.2,1010.0,3,0,21.0,21.312,-0.312,0,0.0,off
2026-09-14T12:42:36,6570.2,1015.0,3,0,21.0,21.312,-0.312,0,0.0,off
2026-09-14T12:42:41,6575.2,1020.0,3,0,21.0,21.312,-0.312,0,0.0,off
2026-09-14T12:42:46,6580.2,1025.0,3,0,21.0,21.250,-0.250,1,0.0,off
2026-09-14T12:42:51,6585.2,1030.0,3,0,21.0,21.250,-0.250,1,0.0,off
2026-09-14T12:42:56,6590.2,1035.0,3,0,21.0,21.250,-0.250,1,0.0,off
2026-09-14T12:43:01,6595.2,1040.0,3,0,21.0,21.250,-0.250,1,0.0,off
2026-09-14T12:43:06,6600.2,1045.0,3,0,21.0,21.250,-0.250,1,0.0,off
2026-09-14T12:43:11,6605.2,1050.0,3,0,21.0,21.250,-0.250,1,0.0,off
2026-09-14T12:43:16,6610.2,1055.0,3,0,21.0,21.187,-0.187,1,0.0,off
2026-09-14T12:43:21,6615.2,1060.0,3,0,21.0,21.187,-0.187,1,0.0,off
2026-09-14T12:43:26,6620.2,1065.0,3,0,21.0,21.187,-0.187,1,0.0,off
2026-09-14T12:43:31,6625.2,1070.0,3,0,21.0,21.187,-0.187,1,0.0,off
2026-09-14T12:43:36,6630.2,1075.0,3,0,21.0,21.187,-0.187,1,0.0,off
2026-09-14T12:43:41,6635.2,1080.0,3,0,21.0,21.125,-0.125,1,0.0,off
2026-09-14T12:43:46,6640.2,0.0,3,1,23.0,21.125,1.875,0,38.6,heat
2026-09-14T12:43:51,6645.2,5.0,3,1,23.0,21.125,1.875,0,38.8,heat
2026-09-14T12:43:56,6650.2,10.0,3,1,23.0,21.125,1.875,0,38.9,heat
2026-09-14T12:44:01,6655.2,15.0,3,1,23.0,21.125,1.875,0,39.1,heat
2026-09-14T12:44:06,6660.2,20.0,3,1,23.0,21.187,1.813,0,38.5,heat
2026-09-14T12:44:11,6665.2,25.0,3,1,23.0,21.250,1.750,0,37.8,heat
2026-09-14T12:44:16,6670.2,30.0,3,1,23.0,21.375,1.625,0,36.5,heat
2026-09-14T12:44:21,6675.2,35.0,3,1,23.0,21.562,1.438,0,34.3,heat
2026-09-14T12:44:26,6680.2,40.0,3,1,23.0,21.812,1.188,0,31.4,heat
2026-09-14T12:44:31,6685.2,45.0,3,1,23.0,22.000,1.000,0,29.2,heat
2026-09-14T12:44:36,6690.2,50.0,3,1,23.0,22.312,0.688,0,25.5,heat
2026-09-14T12:44:41,6695.2,55.0,3,1,23.0,22.625,0.375,0,21.8,heat
2026-09-14T12:44:46,6700.2,60.0,3,1,23.0,22.875,0.125,1,18.8,heat
2026-09-14T12:44:51,6705.2,65.0,3,1,23.0,23.187,-0.187,1,0.0,off
2026-09-14T12:44:56,6710.2,70.0,3,1,23.0,23.437,-0.437,0,0.0,off
2026-09-14T12:45:01,6715.2,75.0,3,1,23.0,23.750,-0.750,0,0.0,off
2026-09-14T12:45:06,6720.2,80.0,3,1,23.0,24.000,-1.000,0,0.0,off
2026-09-14T12:45:11,6725.2,85.0,3,1,23.0,24.187,-1.187,0,0.0,off
2026-09-14T12:45:16,6730.2,90.0,3,1,23.0,24.375,-1.375,0,0.0,off
2026-09-14T12:45:21,6735.2,95.0,3,1,23.0,24.500,-1.500,0,0.0,off
2026-09-14T12:45:26,6740.2,100.0,3,1,23.0,24.562,-1.562,0,0.0,off
2026-09-14T12:45:31,6745.2,105.0,3,1,23.0,24.625,-1.625,0,0.0,off
2026-09-14T12:45:36,6750.2,110.0,3,1,23.0,24.687,-1.687,0,0.0,off
2026-09-14T12:45:41,6755.2,115.0,3,1,23.0,24.687,-1.687,0,0.0,off
2026-09-14T12:45:46,6760.2,120.0,3,1,23.0,24.687,-1.687,0,0.0,off
2026-09-14T12:45:51,6765.2,125.0,3,1,23.0,24.687,-1.687,0,0.0,off
2026-09-14T12:45:56,6770.2,130.0,3,1,23.0,24.687,-1.687,0,0.0,off
2026-09-14T12:46:01,6775.2,135.0,3,1,23.0,24.625,-1.625,0,0.0,off
2026-09-14T12:46:06,6780.2,140.0,3,1,23.0,24.625,-1.625,0,0.0,off
2026-09-14T12:46:11,6785.2,145.0,3,1,23.0,24.562,-1.562,0,0.0,off
2026-09-14T12:46:16,6790.2,150.0,3,1,23.0,24.500,-1.500,0,0.0,off
2026-09-14T12:46:21,6795.2,155.0,3,1,23.0,24.500,-1.500,0,0.0,off
2026-09-14T12:46:26,6800.2,160.0,3,1,23.0,24.437,-1.437,0,0.0,off
2026-09-14T12:46:31,6805.2,165.0,3,1,23.0,24.375,-1.375,0,0.0,off
2026-09-14T12:46:36,6810.2,170.0,3,1,23.0,24.312,-1.312,0,0.0,off
2026-09-14T12:46:41,6815.2,175.0,3,1,23.0,24.250,-1.250,0,0.0,off
2026-09-14T12:46:46,6820.2,180.0,3,1,23.0,24.187,-1.187,0,0.0,off
2026-09-14T12:46:51,6825.2,185.0,3,1,23.0,24.125,-1.125,0,0.0,off
2026-09-14T12:46:56,6830.2,190.0,3,1,23.0,24.125,-1.125,0,0.0,off
2026-09-14T12:47:01,6835.2,195.0,3,1,23.0,24.062,-1.062,0,0.0,off
2026-09-14T12:47:06,6840.2,200.0,3,1,23.0,24.000,-1.000,0,0.0,off
2026-09-14T12:47:11,6845.2,205.0,3,1,23.0,23.937,-0.937,0,0.0,off
2026-09-14T12:47:16,6850.2,210.0,3,1,23.0,23.875,-0.875,0,0.0,off
2026-09-14T12:47:21,6855.2,215.0,3,1,23.0,23.812,-0.812,0,0.0,off
2026-09-14T12:47:26,6860.2,220.0,3,1,23.0,23.812,-0.812,0,0.0,off
2026-09-14T12:47:31,6865.2,225.0,3,1,23.0,23.750,-0.750,0,0.0,off
2026-09-14T12:47:36,6870.2,230.0,3,1,23.0,23.687,-0.687,0,0.0,off
2026-09-14T12:47:41,6875.2,235.0,3,1,23.0,23.625,-0.625,0,0.0,off
2026-09-14T12:47:46,6880.2,240.0,3,1,23.0,23.625,-0.625,0,0.0,off
2026-09-14T12:47:51,6885.2,245.0,3,1,23.0,23.500,-0.500,0,0.0,off
2026-09-14T12:47:56,6890.2,250.0,3,1,23.0,23.500,-0.500,0,0.0,off
2026-09-14T12:48:01,6895.2,255.0,3,1,23.0,23.437,-0.437,0,0.0,off
2026-09-14T12:48:06,6900.2,260.0,3,1,23.0,23.375,-0.375,0,0.0,off
2026-09-14T12:48:11,6905.2,265.0,3,1,23.0,23.312,-0.312,0,0.0,off
2026-09-14T12:48:16,6910.2,270.0,3,1,23.0,23.312,-0.312,0,0.0,off
2026-09-14T12:48:21,6915.2,275.0,3,1,23.0,23.250,-0.250,1,0.0,off
2026-09-14T12:48:26,6920.2,280.0,3,1,23.0,23.187,-0.187,1,0.0,off
2026-09-14T12:48:31,6925.2,285.0,3,1,23.0,23.187,-0.187,1,0.0,off
2026-09-14T12:48:36,6930.2,290.0,3,1,23.0,23.125,-0.125,1,0.0,off
2026-09-14T12:48:41,6935.2,295.0,3,1,23.0,23.062,-0.062,1,0.0,off
2026-09-14T12:48:46,6940.2,300.0,3,1,23.0,23.062,-0.062,1,0.0,off
2026-09-14T12:48:51,6945.2,305.0,3,1,23.0,23.000,0.000,1,17.3,heat
2026-09-14T12:48:56,6950.2,310.0,3,1,23.0,22.937,0.063,1,18.1,heat
2026-09-14T12:49:01,6955.2,315.0,3,1,23.0,22.937,0.063,1,18.1,heat
2026-09-14T12:49:06,6960.2,320.0,3,1,23.0,22.875,0.125,1,18.8,heat
2026-09-14T12:49:11,6965.2,325.0,3,1,23.0,22.875,0.125,1,18.8,heat
2026-09-14T12:49:16,6970.2,330.0,3,1,23.0,22.875,0.125,1,18.9,heat
2026-09-14T12:49:21,6975.2,0.0,3,2,25.0,22.937,2.063,0,56.9,heat
2026-09-14T12:49:26,6980.2,5.0,3,2,25.0,22.937,2.063,0,57.1,heat
2026-09-14T12:49:31,6985.2,10.0,3,2,25.0,23.000,2.000,0,56.5,heat
2026-09-14T12:49:36,6990.2,15.0,3,2,25.0,23.187,1.813,0,54.4,heat
2026-09-14T12:49:41,6995.2,20.0,3,2,25.0,23.312,1.688,0,53.0,heat
2026-09-14T12:49:46,7000.2,25.0,3,2,25.0,23.500,1.500,0,50.8,heat
2026-09-14T12:49:51,7005.2,30.0,3,2,25.0,23.812,1.188,0,47.2,heat
2026-09-14T12:49:56,7010.2,35.0,3,2,25.0,24.062,0.938,0,44.2,heat
2026-09-14T12:50:01,7015.2,40.0,3,2,25.0,24.375,0.625,0,40.5,heat
2026-09-14T12:50:06,7020.2,45.0,3,2,25.0,24.750,0.250,1,36.1,heat
2026-09-14T12:50:11,7025.2,50.0,3,2,25.0,25.125,-0.125,1,0.0,off
2026-09-14T12:50:16,7030.2,55.0,3,2,25.0,25.500,-0.500,0,0.0,off
2026-09-14T12:50:21,7035.2,60.0,3,2,25.0,25.875,-0.875,0,0.0,off
2026-09-14T12:50:26,7040.2,65.0,3,2,25.0,26.250,-1.250,0,0.0,off
2026-09-14T12:50:31,7045.2,70.0,3,2,25.0,26.562,-1.562,0,0.0,off
2026-09-14T12:50:36,7050.2,75.0,3,2,25.0,26.750,-1.750,0,0.0,off
2026-09-14T12:50:41,7055.2,80.0,3,2,25.0,26.937,-1.937,0,0.0,off
2026-09-14T12:50:46,7060.2,85.0,3,2,25.0,27.062,-2.062,0,0.0,off
2026-09-14T12:50:51,7065.2,90.0,3,2,25.0,27.187,-2.187,0,0.0,off
2026-09-14T12:50:56,7070.2,95.0,3,2,25.0,27.250,-2.250,0,0.0,off
2026-09-14T12:51:01,7075.2,100.0,3,2,25.0,27.250,-2.250,0,0.0,off
2026-09-14T12:51:06,7080.2,105.0,3,2,25.0,27.250,-2.250,0,0.0,off
2026-09-14T12:51:11,7085.2,110.0,3,2,25.0,27.250,-2.250,0,0.0,off
2026-09-14T12:51:16,7090.2,115.0,3,2,25.0,27.187,-2.187,0,0.0,off
2026-09-14T12:51:21,7095.2,120.0,3,2,25.0,27.125,-2.125,0,0.0,off
2026-09-14T12:51:26,7100.2,125.0,3,2,25.0,27.062,-2.062,0,0.0,off
2026-09-14T12:51:31,7105.2,130.0,3,2,25.0,27.000,-2.000,0,0.0,off
2026-09-14T12:51:36,7110.2,135.0,3,2,25.0,26.937,-1.937,0,0.0,off
2026-09-14T12:51:41,7115.2,140.0,3,2,25.0,26.937,-1.937,0,0.0,off
2026-09-14T12:51:46,7120.2,145.0,3,2,25.0,26.750,-1.750,0,0.0,off
2026-09-14T12:51:51,7125.2,150.0,3,2,25.0,26.687,-1.687,0,0.0,off
2026-09-14T12:51:56,7130.2,155.0,3,2,25.0,26.562,-1.562,0,0.0,off
2026-09-14T12:52:01,7135.2,160.0,3,2,25.0,26.500,-1.500,0,0.0,off
2026-09-14T12:52:06,7140.2,165.0,3,2,25.0,26.437,-1.437,0,0.0,off
2026-09-14T12:52:11,7145.2,170.0,3,2,25.0,26.312,-1.312,0,0.0,off
2026-09-14T12:52:16,7150.2,175.0,3,2,25.0,26.250,-1.250,0,0.0,off
2026-09-14T12:52:21,7155.2,180.0,3,2,25.0,26.187,-1.187,0,0.0,off
2026-09-14T12:52:26,7160.2,185.0,3,2,25.0,26.062,-1.062,0,0.0,off
2026-09-14T12:52:31,7165.2,190.0,3,2,25.0,26.000,-1.000,0,0.0,off
2026-09-14T12:52:36,7170.2,195.0,3,2,25.0,25.937,-0.937,0,0.0,off
2026-09-14T12:52:41,7175.2,200.0,3,2,25.0,25.812,-0.812,0,0.0,off
2026-09-14T12:52:46,7180.2,205.0,3,2,25.0,25.750,-0.750,0,0.0,off
2026-09-14T12:52:51,7185.2,210.0,3,2,25.0,25.687,-0.687,0,0.0,off
2026-09-14T12:52:56,7190.2,215.0,3,2,25.0,25.562,-0.562,0,0.0,off
2026-09-14T12:53:01,7195.2,220.0,3,2,25.0,25.500,-0.500,0,0.0,off
2026-09-14T12:53:06,7200.2,225.0,3,2,25.0,25.437,-0.437,0,0.0,off
2026-09-14T12:53:11,7205.2,230.0,3,2,25.0,25.375,-0.375,0,0.0,off
2026-09-14T12:53:16,7210.2,235.0,3,2,25.0,25.250,-0.250,1,0.0,off
2026-09-14T12:53:21,7215.2,240.0,3,2,25.0,25.187,-0.187,1,0.0,off
2026-09-14T12:53:26,7220.2,245.0,3,2,25.0,25.125,-0.125,1,0.0,off
2026-09-14T12:53:31,7225.2,250.0,3,2,25.0,25.062,-0.062,1,0.0,off
2026-09-14T12:53:36,7230.2,255.0,3,2,25.0,25.000,0.000,1,33.1,heat
2026-09-14T12:53:41,7235.2,260.0,3,2,25.0,24.937,0.063,1,33.8,heat
2026-09-14T12:53:46,7240.2,265.0,3,2,25.0,24.875,0.125,1,34.6,heat
2026-09-14T12:53:51,7245.2,270.0,3,2,25.0,24.812,0.188,1,35.3,heat
2026-09-14T12:53:56,7250.2,275.0,3,2,25.0,24.812,0.188,1,35.4,heat
2026-09-14T12:54:01,7255.2,280.0,3,2,25.0,24.812,0.188,1,35.4,heat
2026-09-14T12:54:06,7260.2,285.0,3,2,25.0,24.875,0.125,1,34.6,heat
2026-09-14T12:54:11,7265.2,290.0,3,2,25.0,24.937,0.063,1,33.9,heat
2026-09-14T12:54:16,7270.2,0.0,3,3,27.0,25.125,1.875,0,70.0,heat
2026-09-14T12:54:21,7275.2,5.0,3,3,27.0,25.312,1.688,0,68.5,heat
2026-09-14T12:54:26,7280.2,10.0,3,3,27.0,25.500,1.500,0,66.4,heat
2026-09-14T12:54:31,7285.2,15.0,3,3,27.0,25.687,1.313,0,64.2,heat
2026-09-14T12:54:36,7290.2,20.0,3,3,27.0,26.000,1.000,0,60.6,heat
2026-09-14T12:54:41,7295.2,25.0,3,3,27.0,26.250,0.750,0,57.6,heat
2026-09-14T12:54:46,7300.2,30.0,3,3,27.0,26.625,0.375,0,53.1,heat
2026-09-14T12:54:51,7305.2,35.0,3,3,27.0,27.000,0.000,1,48.6,heat
2026-09-14T12:54:56,7310.2,40.0,3,3,27.0,27.437,-0.437,0,0.0,off
2026-09-14T12:55:01,7315.2,45.0,3,3,27.0,27.812,-0.812,0,0.0,off
2026-09-14T12:55:06,7320.2,50.0,3,3,27.0,28.250,-1.250,0,0.0,off
2026-09-14T12:55:11,7325.2,55.0,3,3,27.0,28.625,-1.625,0,0.0,off
2026-09-14T12:55:16,7330.2,60.0,3,3,27.0,29.000,-2.000,0,0.0,off
2026-09-14T12:55:21,7335.2,65.0,3,3,27.0,29.312,-2.312,0,0.0,off
2026-09-14T12:55:26,7340.2,70.0,3,3,27.0,29.500,-2.500,0,0.0,off
2026-09-14T12:55:31,7345.2,75.0,3,3,27.0,29.625,-2.625,0,0.0,off
2026-09-14T12:55:36,7350.2,80.0,3,3,27.0,29.750,-2.750,0,0.0,off
2026-09-14T12:55:41,7355.2,85.0,3,3,27.0,29.750,-2.750,0,0.0,off
2026-09-14T12:55:46,7360.2,90.0,3,3,27.0,29.812,-2.812,0,0.0,off
2026-09-14T12:55:51,7365.2,95.0,3,3,27.0,29.750,-2.750,0,0.0,off
2026-09-14T12:55:56,7370.2,100.0,3,3,27.0,29.687,-2.687,0,0.0,off
2026-09-14T12:56:01,7375.2,105.0,3,3,27.0,29.625,-2.625,0,0.0,off
2026-09-14T12:56:06,7380.2,110.0,3,3,27.0,29.562,-2.562,0,0.0,off
2026-09-14T12:56:11,7385.2,115.0,3,3,27.0,29.500,-2.500,0,0.0,off
2026-09-14T12:56:16,7390.2,120.0,3,3,27.0,29.375,-2.375,0,0.0,off
2026-09-14T12:56:21,7395.2,125.0,3,3,27.0,29.250,-2.250,0,0.0,off
2026-09-14T12:56:26,7400.2,130.0,3,3,27.0,29.187,-2.187,0,0.0,off
2026-09-14T12:56:31,7405.2,135.0,3,3,27.0,29.062,-2.062,0,0.0,off
2026-09-14T12:56:36,7410.2,140.0,3,3,27.0,28.937,-1.937,0,0.0,off
2026-09-14T12:56:41,7415.2,145.0,3,3,27.0,28.812,-1.812,0,0.0,off
2026-09-14T12:56:46,7420.2,150.0,3,3,27.0,28.750,-1.750,0,0.0,off
2026-09-14T12:56:51,7425.2,155.0,3,3,27.0,28.625,-1.625,0,0.0,off
2026-09-14T12:56:56,7430.2,160.0,3,3,27.0,28.500,-1.500,0,0.0,off
2026-09-14T12:57:01,7435.2,165.0,3,3,27.0,28.375,-1.375,0,0.0,off
2026-09-14T12:57:06,7440.2,170.0,3,3,27.0,28.250,-1.250,0,0.0,off
2026-09-14T12:57:11,7445.2,175.0,3,3,27.0,28.187,-1.187,0,0.0,off
2026-09-14T12:57:16,7450.2,180.0,3,3,27.0,28.062,-1.062,0,0.0,off
2026-09-14T12:57:21,7455.2,185.0,3,3,27.0,27.937,-0.937,0,0.0,off
2026-09-14T12:57:26,7460.2,190.0,3,3,27.0,27.812,-0.812,0,0.0,off
2026-09-14T12:57:31,7465.3,195.0,3,3,27.0,27.750,-0.750,0,0.0,off
2026-09-14T12:57:36,7470.3,200.0,3,3,27.0,27.625,-0.625,0,0.0,off
2026-09-14T12:57:41,7475.3,205.0,3,3,27.0,27.562,-0.562,0,0.0,off
2026-09-14T12:57:46,7480.3,210.0,3,3,27.0,27.437,-0.437,0,0.0,off
2026-09-14T12:57:51,7485.3,215.0,3,3,27.0,27.312,-0.312,0,0.0,off
2026-09-14T12:57:56,7490.3,220.0,3,3,27.0,27.250,-0.250,1,0.0,off
2026-09-14T12:58:01,7495.3,225.0,3,3,27.0,27.125,-0.125,1,0.0,off
2026-09-14T12:58:06,7500.3,230.0,3,3,27.0,27.000,0.000,1,48.6,heat
2026-09-14T12:58:11,7505.3,235.0,3,3,27.0,26.937,0.063,1,49.4,heat
2026-09-14T12:58:16,7510.3,240.0,3,3,27.0,26.812,0.188,1,50.9,heat
2026-09-14T12:58:21,7515.3,245.0,3,3,27.0,26.750,0.250,1,51.7,heat
2026-09-14T12:58:26,7520.3,250.0,3,3,27.0,26.687,0.313,0,52.5,heat
2026-09-14T12:58:31,7525.3,255.0,3,3,27.0,26.750,0.250,1,51.7,heat
2026-09-14T12:58:36,7530.3,260.0,3,3,27.0,26.812,0.188,1,51.0,heat
2026-09-14T12:58:41,7535.3,265.0,3,3,27.0,27.000,0.000,1,48.7,heat
2026-09-14T12:58:46,7540.3,270.0,3,3,27.0,27.187,-0.187,1,0.0,off
2026-09-14T12:58:51,7545.3,275.0,3,3,27.0,27.437,-0.437,0,0.0,off
2026-09-14T12:58:56,7550.3,280.0,3,3,27.0,27.687,-0.687,0,0.0,off
2026-09-14T12:59:01,7555.3,285.0,3,3,27.0,27.937,-0.937,0,0.0,off
2026-09-14T12:59:06,7560.3,290.0,3,3,27.0,28.250,-1.250,0,0.0,off
2026-09-14T12:59:11,7565.3,295.0,3,3,27.0,28.437,-1.437,0,0.0,off
2026-09-14T12:59:16,7570.3,300.0,3,3,27.0,28.625,-1.625,0,0.0,off
2026-09-14T12:59:21,7575.3,305.0,3,3,27.0,28.750,-1.750,0,0.0,off
2026-09-14T12:59:26,7580.3,310.0,3,3,27.0,28.812,-1.812,0,0.0,off
2026-09-14T12:59:31,7585.3,315.0,3,3,27.0,28.812,-1.812,0,0.0,off
2026-09-14T12:59:36,7590.3,320.0,3,3,27.0,28.875,-1.875,0,0.0,off
2026-09-14T12:59:41,7595.3,325.0,3,3,27.0,28.812,-1.812,0,0.0,off
2026-09-14T12:59:46,7600.3,330.0,3,3,27.0,28.750,-1.750,0,0.0,off
2026-09-14T12:59:51,7605.3,335.0,3,3,27.0,28.687,-1.687,0,0.0,off
2026-09-14T12:59:56,7610.3,340.0,3,3,27.0,28.625,-1.625,0,0.0,off
2026-09-14T13:00:01,7615.3,345.0,3,3,27.0,28.562,-1.562,0,0.0,off
2026-09-14T13:00:06,7620.3,350.0,3,3,27.0,28.437,-1.437,0,0.0,off
2026-09-14T13:00:11,7625.3,355.0,3,3,27.0,28.375,-1.375,0,0.0,off
2026-09-14T13:00:16,7630.3,360.0,3,3,27.0,28.312,-1.312,0,0.0,off
2026-09-14T13:00:21,7635.3,365.0,3,3,27.0,28.187,-1.187,0,0.0,off
2026-09-14T13:00:26,7640.3,370.0,3,3,27.0,28.062,-1.062,0,0.0,off
2026-09-14T13:00:31,7645.3,375.0,3,3,27.0,28.000,-1.000,0,0.0,off
2026-09-14T13:00:36,7650.3,380.0,3,3,27.0,27.875,-0.875,0,0.0,off
2026-09-14T13:00:41,7655.3,385.0,3,3,27.0,27.750,-0.750,0,0.0,off
2026-09-14T13:00:46,7660.3,390.0,3,3,27.0,27.687,-0.687,0,0.0,off
2026-09-14T13:00:51,7665.3,395.0,3,3,27.0,27.562,-0.562,0,0.0,off
2026-09-14T13:00:56,7670.3,400.0,3,3,27.0,27.500,-0.500,0,0.0,off
2026-09-14T13:01:01,7675.3,405.0,3,3,27.0,27.375,-0.375,0,0.0,off
2026-09-14T13:01:06,7680.3,410.0,3,3,27.0,27.312,-0.312,0,0.0,off
2026-09-14T13:01:11,7685.3,415.0,3,3,27.0,27.187,-0.187,1,0.0,off
2026-09-14T13:01:16,7690.3,420.0,3,3,27.0,27.062,-0.062,1,0.0,off
2026-09-14T13:01:21,7695.3,425.0,3,3,27.0,27.000,0.000,1,48.7,heat
2026-09-14T13:01:26,7700.3,430.0,3,3,27.0,26.937,0.063,1,49.5,heat
2026-09-14T13:01:31,7705.3,435.0,3,3,27.0,26.812,0.188,1,51.0,heat
2026-09-14T13:01:36,7710.3,440.0,3,3,27.0,26.750,0.250,1,51.8,heat
2026-09-14T13:01:41,7715.3,445.0,3,3,27.0,26.687,0.313,0,52.5,heat
2026-09-14T13:01:46,7720.3,450.0,3,3,27.0,26.750,0.250,1,51.8,heat
2026-09-14T13:01:51,7725.3,455.0,3,3,27.0,26.875,0.125,1,50.3,heat
2026-09-14T13:01:56,7730.3,460.0,3,3,27.0,27.000,0.000,1,48.8,heat
2026-09-14T13:02:01,7735.3,465.0,3,3,27.0,27.187,-0.187,1,0.0,off
2026-09-14T13:02:06,7740.3,470.0,3,3,27.0,27.437,-0.437,0,0.0,off
2026-09-14T13:02:11,7745.3,475.0,3,3,27.0,27.750,-0.750,0,0.0,off
2026-09-14T13:02:16,7750.3,480.0,3,3,27.0,28.062,-1.062,0,0.0,off
2026-09-14T13:02:21,7755.3,485.0,3,3,27.0,28.250,-1.250,0,0.0,off
2026-09-14T13:02:26,7760.3,490.0,3,3,27.0,28.500,-1.500,0,0.0,off
2026-09-14T13:02:31,7765.3,495.0,3,3,27.0,28.625,-1.625,0,0.0,off
2026-09-14T13:02:36,7770.3,500.0,3,3,27.0,28.750,-1.750,0,0.0,off
2026-09-14T13:02:41,7775.3,505.0,3,3,27.0,28.812,-1.812,0,0.0,off
2026-09-14T13:02:46,7780.3,510.0,3,3,27.0,28.875,-1.875,0,0.0,off
2026-09-14T13:02:51,7785.3,515.0,3,3,27.0,28.875,-1.875,0,0.0,off
2026-09-14T13:02:56,7790.3,520.0,3,3,27.0,28.812,-1.812,0,0.0,off
2026-09-14T13:03:01,7795.3,525.0,3,3,27.0,28.812,-1.812,0,0.0,off
2026-09-14T13:03:06,7800.3,530.0,3,3,27.0,28.687,-1.687,0,0.0,off
2026-09-14T13:03:11,7805.3,535.0,3,3,27.0,28.625,-1.625,0,0.0,off
2026-09-14T13:03:16,7810.3,540.0,3,3,27.0,28.562,-1.562,0,0.0,off
2026-09-14T13:03:21,7815.3,545.0,3,3,27.0,28.500,-1.500,0,0.0,off
2026-09-14T13:03:26,7820.3,550.0,3,3,27.0,28.375,-1.375,0,0.0,off
2026-09-14T13:03:31,7825.3,555.0,3,3,27.0,28.375,-1.375,0,0.0,off
2026-09-14T13:03:36,7830.3,560.0,3,3,27.0,28.187,-1.187,0,0.0,off
2026-09-14T13:03:41,7835.3,565.0,3,3,27.0,28.062,-1.062,0,0.0,off
2026-09-14T13:03:46,7840.3,570.0,3,3,27.0,28.000,-1.000,0,0.0,off
2026-09-14T13:03:51,7845.3,575.0,3,3,27.0,27.937,-0.937,0,0.0,off
2026-09-14T13:03:56,7850.3,580.0,3,3,27.0,27.812,-0.812,0,0.0,off
2026-09-14T13:04:01,7855.3,585.0,3,3,27.0,27.750,-0.750,0,0.0,off
2026-09-14T13:04:06,7860.3,590.0,3,3,27.0,27.625,-0.625,0,0.0,off
2026-09-14T13:04:11,7865.3,595.0,3,3,27.0,27.500,-0.500,0,0.0,off
2026-09-14T13:04:16,7870.3,600.0,3,3,27.0,27.375,-0.375,0,0.0,off
2026-09-14T13:04:21,7875.3,605.0,3,3,27.0,27.312,-0.312,0,0.0,off
2026-09-14T13:04:26,7880.3,610.0,3,3,27.0,27.250,-0.250,1,0.0,off
2026-09-14T13:04:31,7885.3,615.0,3,3,27.0,27.125,-0.125,1,0.0,off
2026-09-14T13:04:36,7890.3,620.0,3,3,27.0,27.062,-0.062,1,0.0,off
2026-09-14T13:04:41,7895.3,625.0,3,3,27.0,26.937,0.063,1,49.6,heat
2026-09-14T13:04:46,7900.3,630.0,3,3,27.0,26.875,0.125,1,50.3,heat
2026-09-14T13:04:51,7905.3,635.0,3,3,27.0,26.750,0.250,1,51.9,heat
2026-09-14T13:04:56,7910.3,640.0,3,3,27.0,26.687,0.313,0,52.6,heat
2026-09-14T13:05:01,7915.3,645.0,3,3,27.0,26.687,0.313,0,52.7,heat
2026-09-14T13:05:06,7920.3,650.0,3,3,27.0,26.687,0.313,0,52.7,heat
2026-09-14T13:05:11,7925.3,655.0,3,3,27.0,26.812,0.188,1,51.2,heat
2026-09-14T13:05:16,7930.3,660.0,3,3,27.0,27.000,0.000,1,48.9,heat
2026-09-14T13:05:21,7935.3,665.0,3,3,27.0,27.187,-0.187,1,0.0,off
2026-09-14T13:05:26,7940.3,670.0,3,3,27.0,27.437,-0.437,0,0.0,off
2026-09-14T13:05:31,7945.3,675.0,3,3,27.0,27.687,-0.687,0,0.0,off
2026-09-14T13:05:36,7950.3,680.0,3,3,27.0,28.000,-1.000,0,0.0,off
2026-09-14T13:05:41,7955.3,685.0,3,3,27.0,28.312,-1.312,0,0.0,off
2026-09-14T13:05:46,7960.3,690.0,3,3,27.0,28.500,-1.500,0,0.0,off
2026-09-14T13:05:51,7965.3,695.0,3,3,27.0,28.625,-1.625,0,0.0,off
2026-09-14T13:05:56,7970.3,700.0,3,3,27.0,28.750,-1.750,0,0.0,off
2026-09-14T13:06:01,7975.3,705.0,3,3,27.0,28.875,-1.875,0,0.0,off
2026-09-14T13:06:06,7980.3,710.0,3,3,27.0,28.875,-1.875,0,0.0,off
2026-09-14T13:06:11,7985.3,715.0,3,3,27.0,28.875,-1.875,0,0.0,off
2026-09-14T13:06:16,7990.3,720.0,3,3,27.0,28.875,-1.875,0,0.0,off
2026-09-14T13:06:21,7995.3,725.0,3,3,27.0,28.812,-1.812,0,0.0,off
2026-09-14T13:06:26,8000.3,730.0,3,3,27.0,28.750,-1.750,0,0.0,off
2026-09-14T13:06:31,8005.3,735.0,3,3,27.0,28.687,-1.687,0,0.0,off
2026-09-14T13:06:36,8010.3,740.0,3,3,27.0,28.625,-1.625,0,0.0,off
2026-09-14T13:06:41,8015.3,745.0,3,3,27.0,28.500,-1.500,0,0.0,off
2026-09-14T13:06:46,8020.3,750.0,3,3,27.0,28.437,-1.437,0,0.0,off
2026-09-14T13:06:51,8025.3,755.0,3,3,27.0,28.375,-1.375,0,0.0,off
2026-09-14T13:06:56,8030.3,760.0,3,3,27.0,28.250,-1.250,0,0.0,off
2026-09-14T13:07:01,8035.3,765.0,3,3,27.0,28.125,-1.125,0,0.0,off
2026-09-14T13:07:06,8040.3,770.0,3,3,27.0,28.062,-1.062,0,0.0,off
2026-09-14T13:07:11,8045.3,775.0,3,3,27.0,27.937,-0.937,0,0.0,off
2026-09-14T13:07:16,8050.3,780.0,3,3,27.0,27.875,-0.875,0,0.0,off
2026-09-14T13:07:21,8055.3,785.0,3,3,27.0,27.750,-0.750,0,0.0,off
2026-09-14T13:07:26,8060.3,790.0,3,3,27.0,27.687,-0.687,0,0.0,off
2026-09-14T13:07:31,8065.3,795.0,3,3,27.0,27.562,-0.562,0,0.0,off
2026-09-14T13:07:36,8070.3,800.0,3,3,27.0,27.437,-0.437,0,0.0,off
2026-09-14T13:07:41,8075.3,805.0,3,3,27.0,27.375,-0.375,0,0.0,off
2026-09-14T13:07:46,8080.3,810.0,3,3,27.0,27.312,-0.312,0,0.0,off
2026-09-14T13:07:51,8085.3,815.0,3,3,27.0,27.187,-0.187,1,0.0,off
2026-09-14T13:07:56,8090.3,820.0,3,3,27.0,27.125,-0.125,1,0.0,off
2026-09-14T13:08:01,8095.3,825.0,3,3,27.0,27.000,0.000,1,48.9,heat
2026-09-14T13:08:06,8100.3,830.0,3,3,27.0,26.937,0.063,1,49.7,heat
2026-09-14T13:08:11,8105.3,835.0,3,3,27.0,26.812,0.188,1,51.2,heat
2026-09-14T13:08:16,8110.3,840.0,3,3,27.0,26.750,0.250,1,52.0,heat
2026-09-14T13:08:21,8115.3,845.0,3,3,27.0,26.750,0.250,1,52.0,heat
2026-09-14T13:08:26,8120.3,850.0,3,3,27.0,26.750,0.250,1,52.0,heat
2026-09-14T13:08:31,8125.3,855.0,3,3,27.0,26.875,0.125,1,50.5,heat
2026-09-14T13:08:36,8130.3,860.0,3,3,27.0,27.000,0.000,1,49.0,heat
2026-09-14T13:08:41,8135.3,865.0,3,3,27.0,27.250,-0.250,1,0.0,off
2026-09-14T13:08:46,8140.3,870.0,3,3,27.0,27.500,-0.500,0,0.0,off
2026-09-14T13:08:51,8145.3,875.0,3,3,27.0,27.750,-0.750,0,0.0,off
2026-09-14T13:08:56,8150.3,880.0,3,3,27.0,28.062,-1.062,0,0.0,off
2026-09-14T13:09:01,8155.3,885.0,3,3,27.0,28.312,-1.312,0,0.0,off
2026-09-14T13:09:06,8160.3,890.0,3,3,27.0,28.500,-1.500,0,0.0,off
2026-09-14T13:09:11,8165.3,895.0,3,3,27.0,28.687,-1.687,0,0.0,off
2026-09-14T13:09:16,8170.3,900.0,3,3,27.0,28.812,-1.812,0,0.0,off
2026-09-14T13:09:21,8175.3,905.0,3,3,27.0,28.875,-1.875,0,0.0,off
2026-09-14T13:09:26,8180.3,910.0,3,3,27.0,28.875,-1.875,0,0.0,off
2026-09-14T13:09:31,8185.3,915.0,3,3,27.0,28.875,-1.875,0,0.0,off
2026-09-14T13:09:36,8190.3,920.0,3,3,27.0,28.875,-1.875,0,0.0,off
2026-09-14T13:09:41,8195.3,925.0,3,3,27.0,28.875,-1.875,0,0.0,off
2026-09-14T13:09:46,8200.3,930.0,3,3,27.0,28.750,-1.750,0,0.0,off
2026-09-14T13:09:51,8205.3,935.0,3,3,27.0,28.687,-1.687,0,0.0,off
2026-09-14T13:09:56,8210.3,940.0,3,3,27.0,28.625,-1.625,0,0.0,off
2026-09-14T13:10:01,8215.3,945.0,3,3,27.0,28.562,-1.562,0,0.0,off
2026-09-14T13:10:06,8220.3,950.0,3,3,27.0,28.500,-1.500,0,0.0,off
2026-09-14T13:10:11,8225.3,955.0,3,3,27.0,28.375,-1.375,0,0.0,off
2026-09-14T13:10:16,8230.3,960.0,3,3,27.0,28.250,-1.250,0,0.0,off
2026-09-14T13:10:21,8235.3,965.0,3,3,27.0,28.187,-1.187,0,0.0,off
2026-09-14T13:10:26,8240.3,970.0,3,3,27.0,28.062,-1.062,0,0.0,off
2026-09-14T13:10:31,8245.3,975.0,3,3,27.0,28.000,-1.000,0,0.0,off
2026-09-14T13:10:36,8250.3,980.0,3,3,27.0,27.875,-0.875,0,0.0,off
2026-09-14T13:10:41,8255.3,985.0,3,3,27.0,27.812,-0.812,0,0.0,off
2026-09-14T13:10:46,8260.3,990.0,3,3,27.0,27.687,-0.687,0,0.0,off
2026-09-14T13:10:51,8265.3,995.0,3,3,27.0,27.625,-0.625,0,0.0,off
2026-09-14T13:10:56,8270.3,1000.0,3,3,27.0,27.500,-0.500,0,0.0,off
2026-09-14T13:11:01,8275.3,1005.0,3,3,27.0,27.375,-0.375,0,0.0,off
2026-09-14T13:11:06,8280.3,1010.0,3,3,27.0,27.312,-0.312,0,0.0,off
2026-09-14T13:11:11,8285.3,1015.0,3,3,27.0,27.250,-0.250,1,0.0,off
2026-09-14T13:11:16,8290.3,1020.0,3,3,27.0,27.125,-0.125,1,0.0,off
2026-09-14T13:11:21,8295.3,1025.0,3,3,27.0,27.000,0.000,1,49.0,heat
2026-09-14T13:11:26,8300.3,1030.0,3,3,27.0,26.937,0.063,1,49.8,heat
2026-09-14T13:11:31,8305.3,1035.0,3,3,27.0,26.875,0.125,1,50.5,heat
2026-09-14T13:11:36,8310.3,1040.0,3,3,27.0,26.750,0.250,1,52.1,heat
2026-09-14T13:11:41,8315.3,1045.0,3,3,27.0,26.750,0.250,1,52.1,heat
2026-09-14T13:11:46,8320.3,1050.0,3,3,27.0,26.812,0.188,1,51.3,heat
2026-09-14T13:11:51,8325.3,1055.0,3,3,27.0,26.875,0.125,1,50.6,heat
2026-09-14T13:11:56,8330.3,1060.0,3,3,27.0,27.062,-0.062,1,0.0,off
2026-09-14T13:12:01,8335.3,1065.0,3,3,27.0,27.250,-0.250,1,0.0,off
2026-09-14T13:12:06,8340.3,1070.0,3,3,27.0,27.500,-0.500,0,0.0,off
2026-09-14T13:12:11,8345.3,1075.0,3,3,27.0,27.750,-0.750,0,0.0,off
2026-09-14T13:12:16,8350.3,1080.0,3,3,27.0,28.000,-1.000,0,0.0,off
2026-09-14T13:12:21,8355.3,1085.0,3,3,27.0,28.187,-1.187,0,0.0,off
2026-09-14T13:12:26,8360.3,1090.0,3,3,27.0,28.375,-1.375,0,0.0,off
2026-09-14T13:12:31,8365.3,1095.0,3,3,27.0,28.375,-1.375,0,0.0,off
2026-09-14T13:12:36,8370.3,1100.0,3,3,27.0,28.562,-1.562,0,0.0,off
2026-09-14T13:12:41,8375.3,1105.0,3,3,27.0,28.562,-1.562,0,0.0,off
2026-09-14T13:12:46,8380.3,1110.0,3,3,27.0,28.562,-1.562,0,0.0,off
2026-09-14T13:12:51,8385.3,1115.0,3,3,27.0,28.562,-1.562,0,0.0,off
2026-09-14T13:12:56,8390.3,1120.0,3,3,27.0,28.500,-1.500,0,0.0,off
2026-09-14T13:13:01,8395.3,1125.0,3,3,27.0,28.437,-1.437,0,0.0,off
2026-09-14T13:13:06,8400.3,1130.0,3,3,27.0,28.375,-1.375,0,0.0,off
2026-09-14T13:13:11,8405.3,1135.0,3,3,27.0,28.312,-1.312,0,0.0,off
2026-09-14T13:13:16,8410.3,1140.0,3,3,27.0,28.250,-1.250,0,0.0,off
2026-09-14T13:13:21,8415.3,1145.0,3,3,27.0,28.187,-1.187,0,0.0,off
2026-09-14T13:13:26,8420.3,1150.0,3,3,27.0,28.062,-1.062,0,0.0,off
2026-09-14T13:13:31,8425.3,1155.0,3,3,27.0,28.000,-1.000,0,0.0,off
2026-09-14T13:13:36,8430.3,1160.0,3,3,27.0,27.937,-0.937,0,0.0,off
2026-09-14T13:13:41,8435.3,1165.0,3,3,27.0,27.812,-0.812,0,0.0,off
2026-09-14T13:13:46,8440.3,1170.0,3,3,27.0,27.687,-0.687,0,0.0,off
2026-09-14T13:13:51,8445.3,1175.0,3,3,27.0,27.625,-0.625,0,0.0,off
2026-09-14T13:13:56,8450.3,1180.0,3,3,27.0,27.500,-0.500,0,0.0,off
2026-09-14T13:14:01,8455.3,1185.0,3,3,27.0,27.437,-0.437,0,0.0,off
2026-09-14T13:14:06,8460.3,1190.0,3,3,27.0,27.312,-0.312,0,0.0,off
2026-09-14T13:14:11,8465.3,1195.0,3,3,27.0,27.250,-0.250,1,0.0,off
2026-09-14T13:14:16,8470.3,0.0,3,4,25.0,27.125,-2.125,0,0.0,off
2026-09-14T13:14:21,8475.3,5.0,3,4,25.0,27.062,-2.062,0,0.0,off
2026-09-14T13:14:26,8480.3,10.0,3,4,25.0,27.000,-2.000,0,0.0,off
2026-09-14T13:14:31,8485.3,15.0,3,4,25.0,26.875,-1.875,0,0.0,off
2026-09-14T13:14:36,8490.3,20.0,3,4,25.0,26.812,-1.812,0,0.0,off
2026-09-14T13:14:41,8495.3,25.0,3,4,25.0,26.750,-1.750,0,0.0,off
2026-09-14T13:14:46,8500.3,30.0,3,4,25.0,26.625,-1.625,0,0.0,off
2026-09-14T13:14:51,8505.3,35.0,3,4,25.0,26.562,-1.562,0,0.0,off
2026-09-14T13:14:56,8510.3,40.0,3,4,25.0,26.500,-1.500,0,0.0,off
2026-09-14T13:15:01,8515.3,45.0,3,4,25.0,26.375,-1.375,0,0.0,off
2026-09-14T13:15:06,8520.3,50.0,3,4,25.0,26.312,-1.312,0,0.0,off
2026-09-14T13:15:11,8525.3,55.0,3,4,25.0,26.250,-1.250,0,0.0,off
2026-09-14T13:15:16,8530.3,60.0,3,4,25.0,26.125,-1.125,0,0.0,off
2026-09-14T13:15:21,8535.3,65.0,3,4,25.0,26.062,-1.062,0,0.0,off
2026-09-14T13:15:26,8540.3,70.0,3,4,25.0,26.000,-1.000,0,0.0,off
2026-09-14T13:15:31,8545.3,75.0,3,4,25.0,25.937,-0.937,0,0.0,off
2026-09-14T13:15:36,8550.3,80.0,3,4,25.0,25.875,-0.875,0,0.0,off
2026-09-14T13:15:41,8555.3,85.0,3,4,25.0,25.812,-0.812,0,0.0,off
2026-09-14T13:15:46,8560.3,90.0,3,4,25.0,25.687,-0.687,0,0.0,off
2026-09-14T13:15:51,8565.3,95.0,3,4,25.0,25.625,-0.625,0,0.0,off
2026-09-14T13:15:56,8570.3,100.0,3,4,25.0,25.562,-0.562,0,0.0,off
2026-09-14T13:16:01,8575.3,105.0,3,4,25.0,25.500,-0.500,0,0.0,off
2026-09-14T13:16:06,8580.3,110.0,3,4,25.0,25.437,-0.437,0,0.0,off
2026-09-14T13:16:11,8585.3,115.0,3,4,25.0,25.375,-0.375,0,0.0,off
2026-09-14T13:16:16,8590.3,120.0,3,4,25.0,25.312,-0.312,0,0.0,off
2026-09-14T13:16:21,8595.3,125.0,3,4,25.0,25.250,-0.250,1,0.0,off
2026-09-14T13:16:26,8600.3,130.0,3,4,25.0,25.187,-0.187,1,0.0,off
2026-09-14T13:16:31,8605.3,135.0,3,4,25.0,25.125,-0.125,1,0.0,off
2026-09-14T13:16:36,8610.3,140.0,3,4,25.0,25.062,-0.062,1,0.0,off
2026-09-14T13:16:41,8615.3,145.0,3,4,25.0,25.000,0.000,1,32.0,heat
2026-09-14T13:16:46,8620.3,150.0,3,4,25.0,24.937,0.063,1,32.8,heat
2026-09-14T13:16:51,8625.3,155.0,3,4,25.0,24.875,0.125,1,33.5,heat
2026-09-14T13:16:56,8630.3,160.0,3,4,25.0,24.812,0.188,1,34.3,heat
2026-09-14T13:17:01,8635.3,165.0,3,4,25.0,24.812,0.188,1,34.3,heat
2026-09-14T13:17:06,8640.3,170.0,3,4,25.0,24.812,0.188,1,34.3,heat
2026-09-14T13:17:11,8645.3,175.0,3,4,25.0,24.875,0.125,1,33.6,heat
2026-09-14T13:17:16,8650.3,180.0,3,4,25.0,25.000,0.000,1,32.1,heat
2026-09-14T13:17:21,8655.3,0.0,3,5,23.0,25.187,-2.187,0,0.0,off
2026-09-14T13:17:26,8660.3,5.0,3,5,23.0,25.312,-2.312,0,0.0,off
2026-09-14T13:17:31,8665.3,10.0,3,5,23.0,25.500,-2.500,0,0.0,off
2026-09-14T13:17:36,8670.3,15.0,3,5,23.0,25.687,-2.687,0,0.0,off
2026-09-14T13:17:41,8675.3,20.0,3,5,23.0,25.875,-2.875,0,0.0,off
2026-09-14T13:17:46,8680.3,25.0,3,5,23.0,26.062,-3.062,0,0.0,off
2026-09-14T13:17:51,8685.3,30.0,3,5,23.0,26.187,-3.187,0,0.0,off
2026-09-14T13:17:56,8690.3,35.0,3,5,23.0,26.250,-3.250,0,0.0,off
2026-09-14T13:18:01,8695.3,40.0,3,5,23.0,26.312,-3.312,0,0.0,off
2026-09-14T13:18:06,8700.3,45.0,3,5,23.0,26.312,-3.312,0,0.0,off
2026-09-14T13:18:11,8705.3,50.0,3,5,23.0,26.312,-3.312,0,0.0,off
2026-09-14T13:18:16,8710.3,55.0,3,5,23.0,26.312,-3.312,0,0.0,off
2026-09-14T13:18:21,8715.3,60.0,3,5,23.0,26.312,-3.312,0,0.0,off
2026-09-14T13:18:26,8720.3,65.0,3,5,23.0,26.250,-3.250,0,0.0,off
2026-09-14T13:18:31,8725.3,70.0,3,5,23.0,26.187,-3.187,0,0.0,off
2026-09-14T13:18:36,8730.3,75.0,3,5,23.0,26.125,-3.125,0,0.0,off
2026-09-14T13:18:41,8735.3,80.0,3,5,23.0,26.125,-3.125,0,0.0,off
2026-09-14T13:18:46,8740.3,85.0,3,5,23.0,26.062,-3.062,0,0.0,off
2026-09-14T13:18:51,8745.3,90.0,3,5,23.0,26.000,-3.000,0,0.0,off
2026-09-14T13:18:56,8750.3,95.0,3,5,23.0,25.875,-2.875,0,0.0,off
2026-09-14T13:19:01,8755.3,100.0,3,5,23.0,25.812,-2.812,0,0.0,off
2026-09-14T13:19:06,8760.3,105.0,3,5,23.0,25.812,-2.812,0,0.0,off
2026-09-14T13:19:11,8765.3,110.0,3,5,23.0,25.750,-2.750,0,0.0,off
2026-09-14T13:19:16,8770.3,115.0,3,5,23.0,25.625,-2.625,0,0.0,off
2026-09-14T13:19:21,8775.3,120.0,3,5,23.0,25.562,-2.562,0,0.0,off
2026-09-14T13:19:26,8780.3,125.0,3,5,23.0,25.500,-2.500,0,0.0,off
2026-09-14T13:19:31,8785.3,130.0,3,5,23.0,25.437,-2.437,0,0.0,off
2026-09-14T13:19:36,8790.3,135.0,3,5,23.0,25.375,-2.375,0,0.0,off
2026-09-14T13:19:41,8795.3,140.0,3,5,23.0,25.312,-2.312,0,0.0,off
2026-09-14T13:19:46,8800.3,145.0,3,5,23.0,25.250,-2.250,0,0.0,off
2026-09-14T13:19:51,8805.3,150.0,3,5,23.0,25.187,-2.187,0,0.0,off
2026-09-14T13:19:56,8810.3,155.0,3,5,23.0,25.125,-2.125,0,0.0,off
2026-09-14T13:20:01,8815.3,160.0,3,5,23.0,25.062,-2.062,0,0.0,off
2026-09-14T13:20:06,8820.3,165.0,3,5,23.0,25.000,-2.000,0,0.0,off
2026-09-14T13:20:11,8825.3,170.0,3,5,23.0,24.937,-1.937,0,0.0,off
2026-09-14T13:20:16,8830.3,175.0,3,5,23.0,24.875,-1.875,0,0.0,off
2026-09-14T13:20:21,8835.3,180.0,3,5,23.0,24.812,-1.812,0,0.0,off
2026-09-14T13:20:26,8840.3,185.0,3,5,23.0,24.750,-1.750,0,0.0,off
2026-09-14T13:20:31,8845.3,190.0,3,5,23.0,24.687,-1.687,0,0.0,off
2026-09-14T13:20:36,8850.3,195.0,3,5,23.0,24.625,-1.625,0,0.0,off
2026-09-14T13:20:41,8855.3,200.0,3,5,23.0,24.562,-1.562,0,0.0,off
2026-09-14T13:20:46,8860.3,205.0,3,5,23.0,24.500,-1.500,0,0.0,off
2026-09-14T13:20:51,8865.3,210.0,3,5,23.0,24.437,-1.437,0,0.0,off
2026-09-14T13:20:56,8870.3,215.0,3,5,23.0,24.437,-1.437,0,0.0,off
2026-09-14T13:21:01,8875.3,220.0,3,5,23.0,24.312,-1.312,0,0.0,off
2026-09-14T13:21:06,8880.3,225.0,3,5,23.0,24.312,-1.312,0,0.0,off
2026-09-14T13:21:11,8885.3,230.0,3,5,23.0,24.250,-1.250,0,0.0,off
2026-09-14T13:21:16,8890.3,235.0,3,5,23.0,24.187,-1.187,0,0.0,off
2026-09-14T13:21:21,8895.3,240.0,3,5,23.0,24.125,-1.125,0,0.0,off
2026-09-14T13:21:26,8900.3,245.0,3,5,23.0,24.062,-1.062,0,0.0,off
2026-09-14T13:21:31,8905.3,250.0,3,5,23.0,24.062,-1.062,0,0.0,off
2026-09-14T13:21:36,8910.3,255.0,3,5,23.0,24.000,-1.000,0,0.0,off
2026-09-14T13:21:41,8915.3,260.0,3,5,23.0,23.937,-0.937,0,0.0,off
2026-09-14T13:21:46,8920.3,265.0,3,5,23.0,23.875,-0.875,0,0.0,off
2026-09-14T13:21:51,8925.3,270.0,3,5,23.0,23.812,-0.812,0,0.0,off
2026-09-14T13:21:56,8930.3,275.0,3,5,23.0,23.812,-0.812,0,0.0,off
2026-09-14T13:22:01,8935.3,280.0,3,5,23.0,23.750,-0.750,0,0.0,off
2026-09-14T13:22:06,8940.3,285.0,3,5,23.0,23.687,-0.687,0,0.0,off
2026-09-14T13:22:11,8945.3,290.0,3,5,23.0,23.625,-0.625,0,0.0,off
2026-09-14T13:22:16,8950.3,295.0,3,5,23.0,23.625,-0.625,0,0.0,off
2026-09-14T13:22:21,8955.3,300.0,3,5,23.0,23.562,-0.562,0,0.0,off
2026-09-14T13:22:26,8960.3,305.0,3,5,23.0,23.500,-0.500,0,0.0,off
2026-09-14T13:22:31,8965.3,310.0,3,5,23.0,23.500,-0.500,0,0.0,off
2026-09-14T13:22:36,8970.3,315.0,3,5,23.0,23.437,-0.437,0,0.0,off
2026-09-14T13:22:41,8975.3,320.0,3,5,23.0,23.375,-0.375,0,0.0,off
2026-09-14T13:22:46,8980.3,325.0,3,5,23.0,23.312,-0.312,0,0.0,off
2026-09-14T13:22:51,8985.3,330.0,3,5,23.0,23.312,-0.312,0,0.0,off
2026-09-14T13:22:56,8990.3,335.0,3,5,23.0,23.312,-0.312,0,0.0,off
2026-09-14T13:23:01,8995.3,340.0,3,5,23.0,23.250,-0.250,1,0.0,off
2026-09-14T13:23:06,9000.3,345.0,3,5,23.0,23.187,-0.187,1,0.0,off
2026-09-14T13:23:11,9005.3,350.0,3,5,23.0,23.125,-0.125,1,0.0,off
2026-09-14T13:23:16,9010.3,355.0,3,5,23.0,23.125,-0.125,1,0.0,off
2026-09-14T13:23:21,9015.3,360.0,3,5,23.0,23.062,-0.062,1,0.0,off
2026-09-14T13:23:26,9020.3,365.0,3,5,23.0,23.000,0.000,1,16.0,heat
2026-09-14T13:23:31,9025.3,370.0,3,5,23.0,23.000,0.000,1,16.0,heat
2026-09-14T13:23:36,9030.3,375.0,3,5,23.0,23.000,0.000,1,16.0,heat
2026-09-14T13:23:41,9035.3,380.0,3,5,23.0,22.937,0.063,1,16.8,heat
2026-09-14T13:23:46,9040.3,385.0,3,5,23.0,22.937,0.063,1,16.8,heat
2026-09-14T13:23:51,9045.3,390.0,3,5,23.0,22.937,0.063,1,16.8,heat
2026-09-14T13:23:56,9050.3,395.0,3,5,23.0,22.937,0.063,1,16.8,heat
2026-09-14T13:24:01,9055.3,0.0,4,0,21.0,23.000,-2.000,0,0.0,off
2026-09-14T13:24:06,9060.3,5.0,4,0,21.0,23.062,-2.062,0,0.0,off
2026-09-14T13:24:11,9065.3,10.0,4,0,21.0,23.187,-2.187,0,0.0,off
2026-09-14T13:24:16,9070.3,15.0,4,0,21.0,23.250,-2.250,0,0.0,off
2026-09-14T13:24:21,9075.3,20.0,4,0,21.0,23.312,-2.312,0,0.0,off
2026-09-14T13:24:26,9080.3,25.0,4,0,21.0,23.375,-2.375,0,0.0,off
2026-09-14T13:24:31,9085.3,30.0,4,0,21.0,23.437,-2.437,0,0.0,off
2026-09-14T13:24:36,9090.3,35.0,4,0,21.0,23.500,-2.500,0,0.0,off
2026-09-14T13:24:41,9095.3,40.0,4,0,21.0,23.500,-2.500,0,0.0,off
2026-09-14T13:24:46,9100.3,45.0,4,0,21.0,23.500,-2.500,0,0.0,off
2026-09-14T13:24:51,9105.3,50.0,4,0,21.0,23.500,-2.500,0,0.0,off
2026-09-14T13:24:56,9110.3,55.0,4,0,21.0,23.500,-2.500,0,0.0,off
2026-09-14T13:25:01,9115.3,60.0,4,0,21.0,23.500,-2.500,0,0.0,off
2026-09-14T13:25:06,9120.3,65.0,4,0,21.0,23.437,-2.437,0,0.0,off
2026-09-14T13:25:11,9125.3,70.0,4,0,21.0,23.437,-2.437,0,0.0,off
2026-09-14T13:25:16,9130.3,75.0,4,0,21.0,23.437,-2.437,0,0.0,off
2026-09-14T13:25:21,9135.3,80.0,4,0,21.0,23.375,-2.375,0,0.0,off
2026-09-14T13:25:26,9140.3,85.0,4,0,21.0,23.312,-2.312,0,0.0,off
2026-09-14T13:25:31,9145.3,90.0,4,0,21.0,23.312,-2.312,0,0.0,off
2026-09-14T13:25:36,9150.3,95.0,4,0,21.0,23.250,-2.250,0,0.0,off
2026-09-14T13:25:41,9155.3,100.0,4,0,21.0,23.250,-2.250,0,0.0,off
2026-09-14T13:25:46,9160.3,105.0,4,0,21.0,23.187,-2.187,0,0.0,off
2026-09-14T13:25:51,9165.3,110.0,4,0,21.0,23.125,-2.125,0,0.0,off
2026-09-14T13:25:56,9170.3,115.0,4,0,21.0,23.125,-2.125,0,0.0,off
2026-09-14T13:26:01,9175.3,120.0,4,0,21.0,23.125,-2.125,0,0.0,off
2026-09-14T13:26:06,9180.3,125.0,4,0,21.0,23.062,-2.062,0,0.0,off
2026-09-14T13:26:11,9185.3,130.0,4,0,21.0,23.062,-2.062,0,0.0,off
2026-09-14T13:26:16,9190.3,135.0,4,0,21.0,23.000,-2.000,0,0.0,off
2026-09-14T13:26:21,9195.3,140.0,4,0,21.0,22.937,-1.937,0,0.0,off
2026-09-14T13:26:26,9200.3,145.0,4,0,21.0,22.937,-1.937,0,0.0,off
2026-09-14T13:26:31,9205.3,150.0,4,0,21.0,22.875,-1.875,0,0.0,off
2026-09-14T13:26:36,9210.3,155.0,4,0,21.0,22.875,-1.875,0,0.0,off
2026-09-14T13:26:41,9215.3,160.0,4,0,21.0,22.875,-1.875,0,0.0,off
2026-09-14T13:26:46,9220.3,165.0,4,0,21.0,22.812,-1.812,0,0.0,off
2026-09-14T13:26:51,9225.3,170.0,4,0,21.0,22.812,-1.812,0,0.0,off
2026-09-14T13:26:56,9230.3,175.0,4,0,21.0,22.750,-1.750,0,0.0,off
2026-09-14T13:27:01,9235.3,180.0,4,0,21.0,22.750,-1.750,0,0.0,off
2026-09-14T13:27:06,9240.3,185.0,4,0,21.0,22.750,-1.750,0,0.0,off
2026-09-14T13:27:11,9245.3,190.0,4,0,21.0,22.687,-1.687,0,0.0,off
2026-09-14T13:27:16,9250.3,195.0,4,0,21.0,22.687,-1.687,0,0.0,off
2026-09-14T13:27:21,9255.3,200.0,4,0,21.0,22.687,-1.687,0,0.0,off
2026-09-14T13:27:26,9260.3,205.0,4,0,21.0,22.625,-1.625,0,0.0,off
2026-09-14T13:27:31,9265.3,210.0,4,0,21.0,22.625,-1.625,0,0.0,off
2026-09-14T13:27:36,9270.3,215.0,4,0,21.0,22.562,-1.562,0,0.0,off
2026-09-14T13:27:41,9275.3,220.0,4,0,21.0,22.562,-1.562,0,0.0,off
2026-09-14T13:27:46,9280.3,225.0,4,0,21.0,22.562,-1.562,0,0.0,off
2026-09-14T13:27:51,9285.3,230.0,4,0,21.0,22.500,-1.500,0,0.0,off
2026-09-14T13:27:56,9290.3,235.0,4,0,21.0,22.500,-1.500,0,0.0,off
2026-09-14T13:28:01,9295.3,240.0,4,0,21.0,22.500,-1.500,0,0.0,off
2026-09-14T13:28:06,9300.3,245.0,4,0,21.0,22.500,-1.500,0,0.0,off
2026-09-14T13:28:11,9305.3,250.0,4,0,21.0,22.437,-1.437,0,0.0,off
2026-09-14T13:28:16,9310.3,255.0,4,0,21.0,22.437,-1.437,0,0.0,off
2026-09-14T13:28:21,9315.3,260.0,4,0,21.0,22.437,-1.437,0,0.0,off
2026-09-14T13:28:26,9320.3,265.0,4,0,21.0,22.437,-1.437,0,0.0,off
2026-09-14T13:28:31,9325.3,270.0,4,0,21.0,22.437,-1.437,0,0.0,off
2026-09-14T13:28:36,9330.3,275.0,4,0,21.0,22.375,-1.375,0,0.0,off
2026-09-14T13:28:41,9335.3,280.0,4,0,21.0,22.375,-1.375,0,0.0,off
2026-09-14T13:28:46,9340.3,285.0,4,0,21.0,22.375,-1.375,0,0.0,off
2026-09-14T13:28:51,9345.3,290.0,4,0,21.0,22.312,-1.312,0,0.0,off
2026-09-14T13:28:56,9350.3,295.0,4,0,21.0,22.375,-1.375,0,0.0,off
2026-09-14T13:29:01,9355.3,300.0,4,0,21.0,22.375,-1.375,0,0.0,off
2026-09-14T13:29:06,9360.3,305.0,4,0,21.0,22.312,-1.312,0,0.0,off
2026-09-14T13:29:11,9365.3,310.0,4,0,21.0,22.375,-1.375,0,0.0,off
2026-09-14T13:29:16,9370.3,315.0,4,0,21.0,22.312,-1.312,0,0.0,off
2026-09-14T13:29:21,9375.3,320.0,4,0,21.0,22.312,-1.312,0,0.0,off
2026-09-14T13:29:26,9380.3,325.0,4,0,21.0,22.312,-1.312,0,0.0,off
2026-09-14T13:29:31,9385.3,330.0,4,0,21.0,22.312,-1.312,0,0.0,off
2026-09-14T13:29:36,9390.3,335.0,4,0,21.0,22.312,-1.312,0,0.0,off
2026-09-14T13:29:41,9395.3,340.0,4,0,21.0,22.312,-1.312,0,0.0,off
2026-09-14T13:29:46,9400.3,345.0,4,0,21.0,22.312,-1.312,0,0.0,off
2026-09-14T13:29:51,9405.3,350.0,4,0,21.0,22.312,-1.312,0,0.0,off
2026-09-14T13:29:56,9410.3,355.0,4,0,21.0,22.250,-1.250,0,0.0,off
2026-09-14T13:30:01,9415.3,360.0,4,0,21.0,22.312,-1.312,0,0.0,off
2026-09-14T13:30:06,9420.3,365.0,4,0,21.0,22.250,-1.250,0,0.0,off
2026-09-14T13:30:11,9425.3,370.0,4,0,21.0,22.250,-1.250,0,0.0,off
2026-09-14T13:30:16,9430.3,375.0,4,0,21.0,22.250,-1.250,0,0.0,off
2026-09-14T13:30:21,9435.3,380.0,4,0,21.0,22.250,-1.250,0,0.0,off
2026-09-14T13:30:26,9440.3,385.0,4,0,21.0,22.250,-1.250,0,0.0,off
2026-09-14T13:30:31,9445.3,390.0,4,0,21.0,22.250,-1.250,0,0.0,off
2026-09-14T13:30:36,9450.3,395.0,4,0,21.0,22.250,-1.250,0,0.0,off
2026-09-14T13:30:41,9455.3,400.0,4,0,21.0,22.250,-1.250,0,0.0,off
2026-09-14T13:30:46,9460.3,405.0,4,0,21.0,22.250,-1.250,0,0.0,off
2026-09-14T13:30:51,9465.3,410.0,4,0,21.0,22.187,-1.187,0,0.0,off
2026-09-14T13:30:56,9470.3,415.0,4,0,21.0,22.250,-1.250,0,0.0,off
2026-09-14T13:31:01,9475.3,420.0,4,0,21.0,22.250,-1.250,0,0.0,off
2026-09-14T13:31:06,9480.3,425.0,4,0,21.0,22.187,-1.187,0,0.0,off
2026-09-14T13:31:11,9485.3,430.0,4,0,21.0,22.187,-1.187,0,0.0,off
2026-09-14T13:31:16,9490.3,435.0,4,0,21.0,22.187,-1.187,0,0.0,off
2026-09-14T13:31:21,9495.3,440.0,4,0,21.0,22.187,-1.187,0,0.0,off
2026-09-14T13:31:26,9500.3,445.0,4,0,21.0,22.187,-1.187,0,0.0,off
2026-09-14T13:31:31,9505.3,450.0,4,0,21.0,22.187,-1.187,0,0.0,off
2026-09-14T13:31:36,9510.3,455.0,4,0,21.0,22.187,-1.187,0,0.0,off
2026-09-14T13:31:41,9515.3,460.0,4,0,21.0,22.187,-1.187,0,0.0,off
2026-09-14T13:31:46,9520.3,465.0,4,0,21.0,22.187,-1.187,0,0.0,off
2026-09-14T13:31:51,9525.3,470.0,4,0,21.0,22.125,-1.125,0,0.0,off
2026-09-14T13:31:56,9530.3,475.0,4,0,21.0,22.125,-1.125,0,0.0,off
2026-09-14T13:32:01,9535.3,480.0,4,0,21.0,22.125,-1.125,0,0.0,off
2026-09-14T13:32:06,9540.3,485.0,4,0,21.0,22.125,-1.125,0,0.0,off
2026-09-14T13:32:11,9545.3,490.0,4,0,21.0,22.125,-1.125,0,0.0,off
2026-09-14T13:32:16,9550.3,495.0,4,0,21.0,22.125,-1.125,0,0.0,off
2026-09-14T13:32:21,9555.3,500.0,4,0,21.0,22.062,-1.062,0,0.0,off
2026-09-14T13:32:26,9560.3,505.0,4,0,21.0,22.062,-1.062,0,0.0,off
2026-09-14T13:32:31,9565.3,510.0,4,0,21.0,22.062,-1.062,0,0.0,off
2026-09-14T13:32:36,9570.3,515.0,4,0,21.0,22.062,-1.062,0,0.0,off
2026-09-14T13:32:41,9575.3,520.0,4,0,21.0,22.062,-1.062,0,0.0,off
2026-09-14T13:32:46,9580.3,525.0,4,0,21.0,22.062,-1.062,0,0.0,off
2026-09-14T13:32:51,9585.3,530.0,4,0,21.0,22.062,-1.062,0,0.0,off
2026-09-14T13:32:56,9590.3,535.0,4,0,21.0,22.062,-1.062,0,0.0,off
2026-09-14T13:33:01,9595.3,540.0,4,0,21.0,22.000,-1.000,0,0.0,off
2026-09-14T13:33:06,9600.3,545.0,4,0,21.0,22.000,-1.000,0,0.0,off
2026-09-14T13:33:11,9605.3,550.0,4,0,21.0,22.000,-1.000,0,0.0,off
2026-09-14T13:33:16,9610.3,555.0,4,0,21.0,22.000,-1.000,0,0.0,off
2026-09-14T13:33:21,9615.3,560.0,4,0,21.0,22.000,-1.000,0,0.0,off
2026-09-14T13:33:26,9620.3,565.0,4,0,21.0,22.000,-1.000,0,0.0,off
2026-09-14T13:33:31,9625.3,570.0,4,0,21.0,21.937,-0.937,0,0.0,off
2026-09-14T13:33:36,9630.3,575.0,4,0,21.0,21.937,-0.937,0,0.0,off
2026-09-14T13:33:41,9635.3,580.0,4,0,21.0,21.937,-0.937,0,0.0,off
2026-09-14T13:33:46,9640.3,585.0,4,0,21.0,21.937,-0.937,0,0.0,off
2026-09-14T13:33:51,9645.3,590.0,4,0,21.0,21.937,-0.937,0,0.0,off
2026-09-14T13:33:56,9650.3,595.0,4,0,21.0,21.937,-0.937,0,0.0,off
2026-09-14T13:34:01,9655.3,600.0,4,0,21.0,21.937,-0.937,0,0.0,off
2026-09-14T13:34:06,9660.3,605.0,4,0,21.0,21.875,-0.875,0,0.0,off
2026-09-14T13:34:11,9665.3,610.0,4,0,21.0,21.875,-0.875,0,0.0,off
2026-09-14T13:34:16,9670.3,615.0,4,0,21.0,21.875,-0.875,0,0.0,off
2026-09-14T13:34:21,9675.3,620.0,4,0,21.0,21.875,-0.875,0,0.0,off
2026-09-14T13:34:26,9680.3,625.0,4,0,21.0,21.875,-0.875,0,0.0,off
2026-09-14T13:34:31,9685.3,630.0,4,0,21.0,21.875,-0.875,0,0.0,off
2026-09-14T13:34:36,9690.3,635.0,4,0,21.0,21.812,-0.812,0,0.0,off
2026-09-14T13:34:41,9695.3,640.0,4,0,21.0,21.812,-0.812,0,0.0,off
2026-09-14T13:34:46,9700.3,645.0,4,0,21.0,21.812,-0.812,0,0.0,off
2026-09-14T13:34:51,9705.3,650.0,4,0,21.0,21.812,-0.812,0,0.0,off
2026-09-14T13:34:56,9710.3,655.0,4,0,21.0,21.812,-0.812,0,0.0,off
2026-09-14T13:35:01,9715.3,660.0,4,0,21.0,21.750,-0.750,0,0.0,off
2026-09-14T13:35:06,9720.3,665.0,4,0,21.0,21.750,-0.750,0,0.0,off
2026-09-14T13:35:11,9725.3,670.0,4,0,21.0,21.750,-0.750,0,0.0,off
2026-09-14T13:35:16,9730.3,675.0,4,0,21.0,21.750,-0.750,0,0.0,off
2026-09-14T13:35:21,9735.3,680.0,4,0,21.0,21.750,-0.750,0,0.0,off
2026-09-14T13:35:26,9740.3,685.0,4,0,21.0,21.750,-0.750,0,0.0,off
2026-09-14T13:35:31,9745.3,690.0,4,0,21.0,21.750,-0.750,0,0.0,off
2026-09-14T13:35:36,9750.3,695.0,4,0,21.0,21.687,-0.687,0,0.0,off
2026-09-14T13:35:41,9755.3,700.0,4,0,21.0,21.687,-0.687,0,0.0,off
2026-09-14T13:35:46,9760.3,705.0,4,0,21.0,21.687,-0.687,0,0.0,off
2026-09-14T13:35:51,9765.3,710.0,4,0,21.0,21.687,-0.687,0,0.0,off
2026-09-14T13:35:56,9770.3,715.0,4,0,21.0,21.625,-0.625,0,0.0,off
2026-09-14T13:36:01,9775.3,720.0,4,0,21.0,21.625,-0.625,0,0.0,off
2026-09-14T13:36:06,9780.3,725.0,4,0,21.0,21.625,-0.625,0,0.0,off
2026-09-14T13:36:11,9785.3,730.0,4,0,21.0,21.625,-0.625,0,0.0,off
2026-09-14T13:36:16,9790.3,735.0,4,0,21.0,21.562,-0.562,0,0.0,off
2026-09-14T13:36:21,9795.3,740.0,4,0,21.0,21.625,-0.625,0,0.0,off
2026-09-14T13:36:26,9800.3,745.0,4,0,21.0,21.562,-0.562,0,0.0,off
2026-09-14T13:36:31,9805.3,750.0,4,0,21.0,21.562,-0.562,0,0.0,off
2026-09-14T13:36:36,9810.3,755.0,4,0,21.0,21.562,-0.562,0,0.0,off
2026-09-14T13:36:41,9815.3,760.0,4,0,21.0,21.562,-0.562,0,0.0,off
2026-09-14T13:36:46,9820.3,765.0,4,0,21.0,21.562,-0.562,0,0.0,off
2026-09-14T13:36:51,9825.3,770.0,4,0,21.0,21.500,-0.500,0,0.0,off
2026-09-14T13:36:56,9830.3,775.0,4,0,21.0,21.500,-0.500,0,0.0,off
2026-09-14T13:37:01,9835.3,780.0,4,0,21.0,21.500,-0.500,0,0.0,off
2026-09-14T13:37:06,9840.3,785.0,4,0,21.0,21.500,-0.500,0,0.0,off
2026-09-14T13:37:11,9845.3,790.0,4,0,21.0,21.437,-0.437,0,0.0,off
2026-09-14T13:37:16,9850.3,795.0,4,0,21.0,21.437,-0.437,0,0.0,off
2026-09-14T13:37:21,9855.3,800.0,4,0,21.0,21.437,-0.437,0,0.0,off
2026-09-14T13:37:26,9860.3,805.0,4,0,21.0,21.437,-0.437,0,0.0,off
2026-09-14T13:37:31,9865.3,810.0,4,0,21.0,21.437,-0.437,0,0.0,off
2026-09-14T13:37:36,9870.3,815.0,4,0,21.0,21.375,-0.375,0,0.0,off
2026-09-14T13:37:41,9875.3,820.0,4,0,21.0,21.375,-0.375,0,0.0,off
2026-09-14T13:37:46,9880.3,825.0,4,0,21.0,21.375,-0.375,0,0.0,off
2026-09-14T13:37:51,9885.3,830.0,4,0,21.0,21.375,-0.375,0,0.0,off
2026-09-14T13:37:56,9890.3,835.0,4,0,21.0,21.375,-0.375,0,0.0,off
2026-09-14T13:38:01,9895.3,840.0,4,0,21.0,21.375,-0.375,0,0.0,off
2026-09-14T13:38:06,9900.3,845.0,4,0,21.0,21.375,-0.375,0,0.0,off
2026-09-14T13:38:11,9905.3,850.0,4,0,21.0,21.312,-0.312,0,0.0,off
2026-09-14T13:38:16,9910.3,855.0,4,0,21.0,21.312,-0.312,0,0.0,off
2026-09-14T13:38:21,9915.3,860.0,4,0,21.0,21.312,-0.312,0,0.0,off
2026-09-14T13:38:26,9920.3,865.0,4,0,21.0,21.250,-0.250,1,0.0,off
2026-09-14T13:38:31,9925.3,870.0,4,0,21.0,21.312,-0.312,0,0.0,off
2026-09-14T13:38:36,9930.3,875.0,4,0,21.0,21.250,-0.250,1,0.0,off
2026-09-14T13:38:41,9935.3,880.0,4,0,21.0,21.250,-0.250,1,0.0,off
2026-09-14T13:38:46,9940.3,885.0,4,0,21.0,21.250,-0.250,1,0.0,off
2026-09-14T13:38:51,9945.3,890.0,4,0,21.0,21.250,-0.250,1,0.0,off
2026-09-14T13:38:56,9950.3,895.0,4,0,21.0,21.250,-0.250,1,0.0,off
2026-09-14T13:39:01,9955.3,900.0,4,0,21.0,21.250,-0.250,1,0.0,off
2026-09-14T13:39:06,9960.3,905.0,4,0,21.0,21.187,-0.187,1,0.0,off
2026-09-14T13:39:11,9965.3,910.0,4,0,21.0,21.187,-0.187,1,0.0,off
2026-09-14T13:39:16,9970.3,915.0,4,0,21.0,21.187,-0.187,1,0.0,off
2026-09-14T13:39:21,9975.3,920.0,4,0,21.0,21.187,-0.187,1,0.0,off
2026-09-14T13:39:26,9980.3,925.0,4,0,21.0,21.187,-0.187,1,0.0,off
2026-09-14T13:39:31,9985.3,930.0,4,0,21.0,21.187,-0.187,1,0.0,off
2026-09-14T13:39:36,9990.3,0.0,4,1,23.0,21.125,1.875,0,38.6,heat
2026-09-14T13:39:41,9995.3,5.0,4,1,23.0,21.125,1.875,0,38.8,heat
2026-09-14T13:39:46,10000.3,10.0,4,1,23.0,21.125,1.875,0,38.9,heat
2026-09-14T13:39:51,10005.3,15.0,4,1,23.0,21.125,1.875,0,39.1,heat
2026-09-14T13:39:56,10010.3,20.0,4,1,23.0,21.125,1.875,0,39.2,heat
2026-09-14T13:40:01,10015.3,25.0,4,1,23.0,21.250,1.750,0,37.8,heat
2026-09-14T13:40:06,10020.3,30.0,4,1,23.0,21.375,1.625,0,36.5,heat
2026-09-14T13:40:11,10025.3,35.0,4,1,23.0,21.562,1.438,0,34.3,heat
2026-09-14T13:40:16,10030.3,40.0,4,1,23.0,21.750,1.250,0,32.2,heat
2026-09-14T13:40:21,10035.3,45.0,4,1,23.0,22.000,1.000,0,29.2,heat
2026-09-14T13:40:26,10040.3,50.0,4,1,23.0,22.312,0.688,0,25.5,heat
2026-09-14T13:40:31,10045.3,55.0,4,1,23.0,22.562,0.438,0,22.6,heat
2026-09-14T13:40:36,10050.3,60.0,4,1,23.0,22.875,0.125,1,18.8,heat
2026-09-14T13:40:41,10055.3,65.0,4,1,23.0,23.187,-0.187,1,0.0,off
2026-09-14T13:40:46,10060.3,70.0,4,1,23.0,23.437,-0.437,0,0.0,off
2026-09-14T13:40:51,10065.3,75.0,4,1,23.0,23.750,-0.750,0,0.0,off
2026-09-14T13:40:56,10070.3,80.0,4,1,23.0,24.000,-1.000,0,0.0,off
2026-09-14T13:41:01,10075.3,85.0,4,1,23.0,24.187,-1.187,0,0.0,off
2026-09-14T13:41:06,10080.3,90.0,4,1,23.0,24.375,-1.375,0,0.0,off
2026-09-14T13:41:11,10085.3,95.0,4,1,23.0,24.500,-1.500,0,0.0,off
2026-09-14T13:41:16,10090.3,100.0,4,1,23.0,24.625,-1.625,0,0.0,off
2026-09-14T13:41:21,10095.3,105.0,4,1,23.0,24.687,-1.687,0,0.0,off
2026-09-14T13:41:26,10100.3,110.0,4,1,23.0,24.687,-1.687,0,0.0,off
2026-09-14T13:41:31,10105.3,115.0,4,1,23.0,24.687,-1.687,0,0.0,off
2026-09-14T13:41:36,10110.3,120.0,4,1,23.0,24.687,-1.687,0,0.0,off
2026-09-14T13:41:41,10115.3,125.0,4,1,23.0,24.687,-1.687,0,0.0,off
2026-09-14T13:41:46,10120.3,130.0,4,1,23.0,24.625,-1.625,0,0.0,off
2026-09-14T13:41:51,10125.3,135.0,4,1,23.0,24.625,-1.625,0,0.0,off
2026-09-14T13:41:56,10130.3,140.0,4,1,23.0,24.625,-1.625,0,0.0,off
2026-09-14T13:42:01,10135.3,145.0,4,1,23.0,24.562,-1.562,0,0.0,off
2026-09-14T13:42:06,10140.3,150.0,4,1,23.0,24.500,-1.500,0,0.0,off
2026-09-14T13:42:11,10145.3,155.0,4,1,23.0,24.500,-1.500,0,0.0,off
2026-09-14T13:42:16,10150.3,160.0,4,1,23.0,24.437,-1.437,0,0.0,off
2026-09-14T13:42:21,10155.3,165.0,4,1,23.0,24.375,-1.375,0,0.0,off
2026-09-14T13:42:26,10160.3,170.0,4,1,23.0,24.312,-1.312,0,0.0,off
2026-09-14T13:42:31,10165.3,175.0,4,1,23.0,24.312,-1.312,0,0.0,off
2026-09-14T13:42:36,10170.3,180.0,4,1,23.0,24.187,-1.187,0,0.0,off
2026-09-14T13:42:41,10175.3,185.0,4,1,23.0,24.125,-1.125,0,0.0,off
2026-09-14T13:42:46,10180.3,190.0,4,1,23.0,24.062,-1.062,0,0.0,off
2026-09-14T13:42:51,10185.3,195.0,4,1,23.0,24.062,-1.062,0,0.0,off
2026-09-14T13:42:56,10190.3,200.0,4,1,23.0,24.000,-1.000,0,0.0,off
2026-09-14T13:43:01,10195.3,205.0,4,1,23.0,23.937,-0.937,0,0.0,off
2026-09-14T13:43:06,10200.3,210.0,4,1,23.0,23.875,-0.875,0,0.0,off
2026-09-14T13:43:11,10205.3,215.0,4,1,23.0,23.812,-0.812,0,0.0,off
2026-09-14T13:43:16,10210.3,220.0,4,1,23.0,23.750,-0.750,0,0.0,off
2026-09-14T13:43:21,10215.3,225.0,4,1,23.0,23.750,-0.750,0,0.0,off
2026-09-14T13:43:26,10220.3,230.0,4,1,23.0,23.687,-0.687,0,0.0,off
2026-09-14T13:43:31,10225.3,235.0,4,1,23.0,23.625,-0.625,0,0.0,off
2026-09-14T13:43:36,10230.3,240.0,4,1,23.0,23.562,-0.562,0,0.0,off
2026-09-14T13:43:41,10235.3,245.0,4,1,23.0,23.562,-0.562,0,0.0,off
2026-09-14T13:43:46,10240.3,250.0,4,1,23.0,23.500,-0.500,0,0.0,off
2026-09-14T13:43:51,10245.3,255.0,4,1,23.0,23.437,-0.437,0,0.0,off
2026-09-14T13:43:56,10250.3,260.0,4,1,23.0,23.375,-0.375,0,0.0,off
2026-09-14T13:44:01,10255.3,265.0,4,1,23.0,23.375,-0.375,0,0.0,off
2026-09-14T13:44:06,10260.3,270.0,4,1,23.0,23.312,-0.312,0,0.0,off
2026-09-14T13:44:11,10265.3,275.0,4,1,23.0,23.250,-0.250,1,0.0,off
2026-09-14T13:44:16,10270.3,280.0,4,1,23.0,23.250,-0.250,1,0.0,off
2026-09-14T13:44:21,10275.3,285.0,4,1,23.0,23.187,-0.187,1,0.0,off
2026-09-14T13:44:26,10280.3,290.0,4,1,23.0,23.125,-0.125,1,0.0,off
2026-09-14T13:44:31,10285.3,295.0,4,1,23.0,23.062,-0.062,1,0.0,off
2026-09-14T13:44:36,10290.3,300.0,4,1,23.0,23.062,-0.062,1,0.0,off
2026-09-14T13:44:41,10295.3,305.0,4,1,23.0,23.000,0.000,1,17.3,heat
2026-09-14T13:44:46,10300.3,310.0,4,1,23.0,22.937,0.063,1,18.1,heat
2026-09-14T13:44:51,10305.3,315.0,4,1,23.0,22.937,0.063,1,18.1,heat
2026-09-14T13:44:56,10310.3,320.0,4,1,23.0,22.875,0.125,1,18.8,heat
2026-09-14T13:45:01,10315.3,325.0,4,1,23.0,22.875,0.125,1,18.9,heat
2026-09-14T13:45:06,10320.3,330.0,4,1,23.0,22.937,0.063,1,18.1,heat
2026-09-14T13:45:11,10325.3,0.0,4,2,25.0,22.875,2.125,0,57.7,heat
2026-09-14T13:45:16,10330.3,5.0,4,2,25.0,23.000,2.000,0,56.3,heat
2026-09-14T13:45:21,10335.3,10.0,4,2,25.0,23.062,1.938,0,55.7,heat
2026-09-14T13:45:26,10340.3,15.0,4,2,25.0,23.187,1.813,0,54.3,heat
2026-09-14T13:45:31,10345.3,20.0,4,2,25.0,23.312,1.688,0,53.0,heat
2026-09-14T13:45:36,10350.3,25.0,4,2,25.0,23.562,1.438,0,50.1,heat
2026-09-14T13:45:41,10355.3,30.0,4,2,25.0,23.812,1.188,0,47.2,heat
2026-09-14T13:45:46,10360.3,35.0,4,2,25.0,24.062,0.938,0,44.2,heat
2026-09-14T13:45:51,10365.3,40.0,4,2,25.0,24.437,0.563,0,39.8,heat
2026-09-14T13:45:56,10370.3,45.0,4,2,25.0,24.750,0.250,1,36.0,heat
2026-09-14T13:46:01,10375.3,50.0,4,2,25.0,25.125,-0.125,1,0.0,off
2026-09-14T13:46:06,10380.3,55.0,4,2,25.0,25.500,-0.500,0,0.0,off
2026-09-14T13:46:11,10385.3,60.0,4,2,25.0,25.875,-0.875,0,0.0,off
2026-09-14T13:46:16,10390.3,65.0,4,2,25.0,26.250,-1.250,0,0.0,off
2026-09-14T13:46:21,10395.3,70.0,4,2,25.0,26.562,-1.562,0,0.0,off
2026-09-14T13:46:26,10400.3,75.0,4,2,25.0,26.750,-1.750,0,0.0,off
2026-09-14T13:46:31,10405.3,80.0,4,2,25.0,27.000,-2.000,0,0.0,off
2026-09-14T13:46:36,10410.3,85.0,4,2,25.0,27.125,-2.125,0,0.0,off
2026-09-14T13:46:41,10415.3,90.0,4,2,25.0,27.187,-2.187,0,0.0,off
2026-09-14T13:46:46,10420.3,95.0,4,2,25.0,27.250,-2.250,0,0.0,off
2026-09-14T13:46:51,10425.3,100.0,4,2,25.0,27.250,-2.250,0,0.0,off
2026-09-14T13:46:56,10430.3,105.0,4,2,25.0,27.250,-2.250,0,0.0,off
2026-09-14T13:47:01,10435.3,110.0,4,2,25.0,27.187,-2.187,0,0.0,off
2026-09-14T13:47:06,10440.3,115.0,4,2,25.0,27.187,-2.187,0,0.0,off
2026-09-14T13:47:11,10445.3,120.0,4,2,25.0,27.125,-2.125,0,0.0,off
2026-09-14T13:47:16,10450.3,125.0,4,2,25.0,27.062,-2.062,0,0.0,off
2026-09-14T13:47:21,10455.3,130.0,4,2,25.0,27.000,-2.000,0,0.0,off
2026-09-14T13:47:26,10460.3,135.0,4,2,25.0,26.937,-1.937,0,0.0,off
2026-09-14T13:47:31,10465.3,140.0,4,2,25.0,26.812,-1.812,0,0.0,off
2026-09-14T13:47:36,10470.3,145.0,4,2,25.0,26.750,-1.750,0,0.0,off
2026-09-14T13:47:41,10475.3,150.0,4,2,25.0,26.687,-1.687,0,0.0,off
2026-09-14T13:47:46,10480.3,155.0,4,2,25.0,26.562,-1.562,0,0.0,off
2026-09-14T13:47:51,10485.3,160.0,4,2,25.0,26.500,-1.500,0,0.0,off
2026-09-14T13:47:56,10490.3,165.0,4,2,25.0,26.437,-1.437,0,0.0,off
2026-09-14T13:48:01,10495.3,170.0,4,2,25.0,26.312,-1.312,0,0.0,off
2026-09-14T13:48:06,10500.3,175.0,4,2,25.0,26.250,-1.250,0,0.0,off
2026-09-14T13:48:11,10505.3,180.0,4,2,25.0,26.187,-1.187,0,0.0,off
2026-09-14T13:48:16,10510.3,185.0,4,2,25.0,26.062,-1.062,0,0.0,off
2026-09-14T13:48:21,10515.3,190.0,4,2,25.0,26.000,-1.000,0,0.0,off
2026-09-14T13:48:26,10520.3,195.0,4,2,25.0,25.937,-0.937,0,0.0,off
2026-09-14T13:48:31,10525.3,200.0,4,2,25.0,25.875,-0.875,0,0.0,off
2026-09-14T13:48:36,10530.3,205.0,4,2,25.0,25.750,-0.750,0,0.0,off
2026-09-14T13:48:41,10535.3,210.0,4,2,25.0,25.687,-0.687,0,0.0,off
2026-09-14T13:48:46,10540.3,215.0,4,2,25.0,25.625,-0.625,0,0.0,off
2026-09-14T13:48:51,10545.3,220.0,4,2,25.0,25.500,-0.500,0,0.0,off
2026-09-14T13:48:56,10550.3,225.0,4,2,25.0,25.437,-0.437,0,0.0,off
2026-09-14T13:49:01,10555.3,230.0,4,2,25.0,25.375,-0.375,0,0.0,off
2026-09-14T13:49:06,10560.3,235.0,4,2,25.0,25.312,-0.312,0,0.0,off
2026-09-14T13:49:11,10565.3,240.0,4,2,25.0,25.250,-0.250,1,0.0,off
2026-09-14T13:49:16,10570.3,245.0,4,2,25.0,25.187,-0.187,1,0.0,off
2026-09-14T13:49:21,10575.3,250.0,4,2,25.0,25.062,-0.062,1,0.0,off
2026-09-14T13:49:26,10580.3,255.0,4,2,25.0,25.000,0.000,1,33.0,heat
2026-09-14T13:49:31,10585.3,260.0,4,2,25.0,24.937,0.063,1,33.8,heat
2026-09-14T13:49:36,10590.3,265.0,4,2,25.0,24.875,0.125,1,34.6,heat
2026-09-14T13:49:41,10595.3,270.0,4,2,25.0,24.812,0.188,1,35.3,heat
2026-09-14T13:49:46,10600.3,275.0,4,2,25.0,24.812,0.188,1,35.3,heat
2026-09-14T13:49:51,10605.3,280.0,4,2,25.0,24.812,0.188,1,35.4,heat
2026-09-14T13:49:56,10610.3,285.0,4,2,25.0,24.875,0.125,1,34.6,heat
2026-09-14T13:50:01,10615.3,290.0,4,2,25.0,25.000,0.000,1,33.1,heat
2026-09-14T13:50:06,10620.3,295.0,4,2,25.0,25.125,-0.125,1,0.0,off
2026-09-14T13:50:11,10625.3,0.0,4,3,27.0,25.312,1.688,0,68.4,heat
2026-09-14T13:50:16,10630.3,5.0,4,3,27.0,25.500,1.500,0,66.2,heat
2026-09-14T13:50:21,10635.3,10.0,4,3,27.0,25.687,1.313,0,64.1,heat
2026-09-14T13:50:26,10640.3,15.0,4,3,27.0,25.937,1.063,0,61.2,heat
2026-09-14T13:50:31,10645.3,20.0,4,3,27.0,26.187,0.813,0,58.2,heat
2026-09-14T13:50:36,10650.3,25.0,4,3,27.0,26.437,0.563,0,55.3,heat
2026-09-14T13:50:41,10655.3,30.0,4,3,27.0,26.750,0.250,1,51.5,heat
2026-09-14T13:50:46,10660.3,35.0,4,3,27.0,27.062,-0.062,1,0.0,off
2026-09-14T13:50:51,10665.3,40.0,4,3,27.0,27.437,-0.437,0,0.0,off
2026-09-14T13:50:56,10670.3,45.0,4,3,27.0,27.812,-0.812,0,0.0,off
2026-09-14T13:51:01,10675.3,50.0,4,3,27.0,28.187,-1.187,0,0.0,off
2026-09-14T13:51:06,10680.3,55.0,4,3,27.0,28.500,-1.500,0,0.0,off
2026-09-14T13:51:11,10685.3,60.0,4,3,27.0,28.812,-1.812,0,0.0,off
2026-09-14T13:51:16,10690.3,65.0,4,3,27.0,29.000,-2.000,0,0.0,off
2026-09-14T13:51:21,10695.3,70.0,4,3,27.0,29.125,-2.125,0,0.0,off
2026-09-14T13:51:26,10700.3,75.0,4,3,27.0,29.250,-2.250,0,0.0,off
2026-09-14T13:51:31,10705.3,80.0,4,3,27.0,29.312,-2.312,0,0.0,off
2026-09-14T13:51:36,10710.3,85.0,4,3,27.0,29.312,-2.312,0,0.0,off
2026-09-14T13:51:41,10715.3,90.0,4,3,27.0,29.250,-2.250,0,0.0,off
2026-09-14T13:51:46,10720.3,95.0,4,3,27.0,29.250,-2.250,0,0.0,off
2026-09-14T13:51:51,10725.3,100.0,4,3,27.0,29.187,-2.187,0,0.0,off
2026-09-14T13:51:56,10730.3,105.0,4,3,27.0,29.125,-2.125,0,0.0,off
2026-09-14T13:52:01,10735.3,110.0,4,3,27.0,29.000,-2.000,0,0.0,off
2026-09-14T13:52:06,10740.3,115.0,4,3,27.0,28.937,-1.937,0,0.0,off
2026-09-14T13:52:11,10745.3,120.0,4,3,27.0,28.875,-1.875,0,0.0,off
2026-09-14T13:52:16,10750.3,125.0,4,3,27.0,28.750,-1.750,0,0.0,off
2026-09-14T13:52:21,10755.4,130.0,4,3,27.0,28.687,-1.687,0,0.0,off
2026-09-14T13:52:26,10760.4,135.0,4,3,27.0,28.562,-1.562,0,0.0,off
2026-09-14T13:52:31,10765.4,140.0,4,3,27.0,28.437,-1.437,0,0.0,off
2026-09-14T13:52:36,10770.4,145.0,4,3,27.0,28.312,-1.312,0,0.0,off
2026-09-14T13:52:41,10775.4,150.0,4,3,27.0,28.250,-1.250,0,0.0,off
2026-09-14T13:52:46,10780.4,155.0,4,3,27.0,28.125,-1.125,0,0.0,off
2026-09-14T13:52:51,10785.4,160.0,4,3,27.0,28.000,-1.000,0,0.0,off
2026-09-14T13:52:56,10790.4,165.0,4,3,27.0,27.937,-0.937,0,0.0,off
2026-09-14T13:53:01,10795.4,170.0,4,3,27.0,27.812,-0.812,0,0.0,off
2026-09-14T13:53:06,10800.4,175.0,4,3,27.0,27.687,-0.687,0,0.0,off
2026-09-14T13:53:11,10805.4,180.0,4,3,27.0,27.625,-0.625,0,0.0,off
2026-09-14T13:53:16,10810.4,185.0,4,3,27.0,27.500,-0.500,0,0.0,off
2026-09-14T13:53:21,10815.4,190.0,4,3,27.0,27.375,-0.375,0,0.0,off
2026-09-14T13:53:26,10820.4,195.0,4,3,27.0,27.312,-0.312,0,0.0,off
2026-09-14T13:53:31,10825.4,200.0,4,3,27.0,27.187,-0.187,1,0.0,off
2026-09-14T13:53:36,10830.4,205.0,4,3,27.0,27.062,-0.062,1,0.0,off
2026-09-14T13:53:41,10835.4,210.0,4,3,27.0,27.000,0.000,1,48.5,heat
2026-09-14T13:53:46,10840.4,215.0,4,3,27.0,26.937,0.063,1,49.3,heat
2026-09-14T13:53:51,10845.4,220.0,4,3,27.0,26.812,0.188,1,50.8,heat
2026-09-14T13:53:56,10850.4,225.0,4,3,27.0,26.750,0.250,1,51.6,heat
2026-09-14T13:54:01,10855.4,230.0,4,3,27.0,26.687,0.313,0,52.4,heat
2026-09-14T13:54:06,10860.4,235.0,4,3,27.0,26.750,0.250,1,51.6,heat
2026-09-14T13:54:11,10865.4,240.0,4,3,27.0,26.812,0.188,1,50.9,heat
2026-09-14T13:54:16,10870.4,245.0,4,3,27.0,27.000,0.000,1,48.6,heat
2026-09-14T13:54:21,10875.4,250.0,4,3,27.0,27.187,-0.187,1,0.0,off
2026-09-14T13:54:26,10880.4,255.0,4,3,27.0,27.437,-0.437,0,0.0,off
2026-09-14T13:54:31,10885.4,260.0,4,3,27.0,27.687,-0.687,0,0.0,off
2026-09-14T13:54:36,10890.4,265.0,4,3,27.0,28.000,-1.000,0,0.0,off
2026-09-14T13:54:41,10895.4,270.0,4,3,27.0,28.250,-1.250,0,0.0,off
2026-09-14T13:54:46,10900.4,275.0,4,3,27.0,28.437,-1.437,0,0.0,off
2026-09-14T13:54:51,10905.4,280.0,4,3,27.0,28.625,-1.625,0,0.0,off
2026-09-14T13:54:56,10910.4,285.0,4,3,27.0,28.750,-1.750,0,0.0,off
2026-09-14T13:55:01,10915.4,290.0,4,3,27.0,28.812,-1.812,0,0.0,off
2026-09-14T13:55:06,10920.4,295.0,4,3,27.0,28.812,-1.812,0,0.0,off
2026-09-14T13:55:11,10925.4,300.0,4,3,27.0,28.812,-1.812,0,0.0,off
2026-09-14T13:55:16,10930.4,305.0,4,3,27.0,28.812,-1.812,0,0.0,off
2026-09-14T13:55:21,10935.4,310.0,4,3,27.0,28.750,-1.750,0,0.0,off
2026-09-14T13:55:26,10940.4,315.0,4,3,27.0,28.687,-1.687,0,0.0,off
2026-09-14T13:55:31,10945.4,320.0,4,3,27.0,28.625,-1.625,0,0.0,off
2026-09-14T13:55:36,10950.4,325.0,4,3,27.0,28.562,-1.562,0,0.0,off
2026-09-14T13:55:41,10955.4,330.0,4,3,27.0,28.500,-1.500,0,0.0,off
2026-09-14T13:55:46,10960.4,335.0,4,3,27.0,28.375,-1.375,0,0.0,off
2026-09-14T13:55:51,10965.4,340.0,4,3,27.0,28.312,-1.312,0,0.0,off
2026-09-14T13:55:56,10970.4,345.0,4,3,27.0,28.187,-1.187,0,0.0,off
2026-09-14T13:56:01,10975.4,350.0,4,3,27.0,28.062,-1.062,0,0.0,off
2026-09-14T13:56:06,10980.4,355.0,4,3,27.0,28.000,-1.000,0,0.0,off
2026-09-14T13:56:11,10985.4,360.0,4,3,27.0,27.937,-0.937,0,0.0,off
2026-09-14T13:56:16,10990.4,365.0,4,3,27.0,27.812,-0.812,0,0.0,off
2026-09-14T13:56:21,10995.4,370.0,4,3,27.0,27.687,-0.687,0,0.0,off
2026-09-14T13:56:26,11000.4,375.0,4,3,27.0,27.625,-0.625,0,0.0,off
2026-09-14T13:56:31,11005.4,380.0,4,3,27.0,27.562,-0.562,0,0.0,off
2026-09-14T13:56:36,11010.4,385.0,4,3,27.0,27.437,-0.437,0,0.0,off
2026-09-14T13:56:41,11015.4,390.0,4,3,27.0,27.312,-0.312,0,0.0,off
2026-09-14T13:56:46,11020.4,395.0,4,3,27.0,27.250,-0.250,1,0.0,off
2026-09-14T13:56:51,11025.4,400.0,4,3,27.0,27.125,-0.125,1,0.0,off
2026-09-14T13:56:56,11030.4,405.0,4,3,27.0,27.062,-0.062,1,0.0,off
2026-09-14T13:57:01,11035.4,410.0,4,3,27.0,26.937,0.063,1,49.4,heat
2026-09-14T13:57:06,11040.4,415.0,4,3,27.0,26.875,0.125,1,50.1,heat
2026-09-14T13:57:11,11045.4,420.0,4,3,27.0,26.750,0.250,1,51.7,heat
2026-09-14T13:57:16,11050.4,425.0,4,3,27.0,26.687,0.313,0,52.4,heat
2026-09-14T13:57:21,11055.4,430.0,4,3,27.0,26.687,0.313,0,52.5,heat
2026-09-14T13:57:26,11060.4,435.0,4,3,27.0,26.687,0.313,0,52.5,heat
2026-09-14T13:57:31,11065.4,440.0,4,3,27.0,26.812,0.188,1,51.0,heat
2026-09-14T13:57:36,11070.4,445.0,4,3,27.0,26.937,0.063,1,49.5,heat
2026-09-14T13:57:41,11075.4,450.0,4,3,27.0,27.187,-0.187,1,0.0,off
2026-09-14T13:57:46,11080.4,455.0,4,3,27.0,27.437,-0.437,0,0.0,off
2026-09-14T13:57:51,11085.4,460.0,4,3,27.0,27.687,-0.687,0,0.0,off
2026-09-14T13:57:56,11090.4,465.0,4,3,27.0,28.000,-1.000,0,0.0,off
2026-09-14T13:58:01,11095.4,470.0,4,3,27.0,28.312,-1.312,0,0.0,off
2026-09-14T13:58:06,11100.4,475.0,4,3,27.0,28.437,-1.437,0,0.0,off
2026-09-14T13:58:11,11105.4,480.0,4,3,27.0,28.625,-1.625,0,0.0,off
2026-09-14T13:58:16,11110.4,485.0,4,3,27.0,28.750,-1.750,0,0.0,off
2026-09-14T13:58:21,11115.4,490.0,4,3,27.0,28.812,-1.812,0,0.0,off
2026-09-14T13:58:26,11120.4,495.0,4,3,27.0,28.875,-1.875,0,0.0,off
2026-09-14T13:58:31,11125.4,500.0,4,3,27.0,28.875,-1.875,0,0.0,off
2026-09-14T13:58:36,11130.4,505.0,4,3,27.0,28.875,-1.875,0,0.0,off
2026-09-14T13:58:41,11135.4,510.0,4,3,27.0,28.812,-1.812,0,0.0,off
2026-09-14T13:58:46,11140.4,515.0,4,3,27.0,28.750,-1.750,0,0.0,off
2026-09-14T13:58:51,11145.4,520.0,4,3,27.0,28.687,-1.687,0,0.0,off
2026-09-14T13:58:56,11150.4,525.0,4,3,27.0,28.625,-1.625,0,0.0,off
2026-09-14T13:59:01,11155.4,530.0,4,3,27.0,28.500,-1.500,0,0.0,off
2026-09-14T13:59:06,11160.4,535.0,4,3,27.0,28.437,-1.437,0,0.0,off
2026-09-14T13:59:11,11165.4,540.0,4,3,27.0,28.312,-1.312,0,0.0,off
2026-09-14T13:59:16,11170.4,545.0,4,3,27.0,28.250,-1.250,0,0.0,off
2026-09-14T13:59:21,11175.4,550.0,4,3,27.0,28.187,-1.187,0,0.0,off
2026-09-14T13:59:26,11180.4,555.0,4,3,27.0,28.062,-1.062,0,0.0,off
2026-09-14T13:59:31,11185.4,560.0,4,3,27.0,27.937,-0.937,0,0.0,off
2026-09-14T13:59:36,11190.4,565.0,4,3,27.0,27.875,-0.875,0,0.0,off
2026-09-14T13:59:41,11195.4,570.0,4,3,27.0,27.750,-0.750,0,0.0,off
2026-09-14T13:59:46,11200.4,575.0,4,3,27.0,27.687,-0.687,0,0.0,off
2026-09-14T13:59:51,11205.4,580.0,4,3,27.0,27.562,-0.562,0,0.0,off
2026-09-14T13:59:56,11210.4,585.0,4,3,27.0,27.500,-0.500,0,0.0,off
2026-09-14T14:00:01,11215.4,590.0,4,3,27.0,27.375,-0.375,0,0.0,off
2026-09-14T14:00:06,11220.4,595.0,4,3,27.0,27.312,-0.312,0,0.0,off
2026-09-14T14:00:11,11225.4,600.0,4,3,27.0,27.187,-0.187,1,0.0,off
2026-09-14T14:00:16,11230.4,605.0,4,3,27.0,27.125,-0.125,1,0.0,off
2026-09-14T14:00:21,11235.4,610.0,4,3,27.0,27.000,0.000,1,48.8,heat
2026-09-14T14:00:26,11240.4,615.0,4,3,27.0,26.937,0.063,1,49.5,heat
2026-09-14T14:00:31,11245.4,620.0,4,3,27.0,26.812,0.188,1,51.0,heat
2026-09-14T14:00:36,11250.4,625.0,4,3,27.0,26.750,0.250,1,51.8,heat
2026-09-14T14:00:41,11255.4,630.0,4,3,27.0,26.750,0.250,1,51.8,heat
2026-09-14T14:00:46,11260.4,635.0,4,3,27.0,26.750,0.250,1,51.8,heat
2026-09-14T14:00:51,11265.4,640.0,4,3,27.0,26.875,0.125,1,50.3,heat
2026-09-14T14:00:56,11270.4,645.0,4,3,27.0,27.062,-0.062,1,0.0,off
2026-09-14T14:01:01,11275.4,650.0,4,3,27.0,27.187,-0.187,1,0.0,off
2026-09-14T14:01:06,11280.4,655.0,4,3,27.0,27.500,-0.500,0,0.0,off
2026-09-14T14:01:11,11285.4,660.0,4,3,27.0,27.750,-0.750,0,0.0,off
2026-09-14T14:01:16,11290.4,665.0,4,3,27.0,28.000,-1.000,0,0.0,off
2026-09-14T14:01:21,11295.4,670.0,4,3,27.0,28.187,-1.187,0,0.0,off
2026-09-14T14:01:26,11300.4,675.0,4,3,27.0,28.187,-1.187,0,0.0,off
2026-09-14T14:01:31,11305.4,680.0,4,3,27.0,28.437,-1.437,0,0.0,off
2026-09-14T14:01:36,11310.4,685.0,4,3,27.0,28.500,-1.500,0,0.0,off
2026-09-14T14:01:41,11315.4,690.0,4,3,27.0,28.562,-1.562,0,0.0,off
2026-09-14T14:01:46,11320.4,695.0,4,3,27.0,28.562,-1.562,0,0.0,off
2026-09-14T14:01:51,11325.4,700.0,4,3,27.0,28.562,-1.562,0,0.0,off
2026-09-14T14:01:56,11330.4,705.0,4,3,27.0,28.500,-1.500,0,0.0,off
2026-09-14T14:02:01,11335.4,710.0,4,3,27.0,28.437,-1.437,0,0.0,off
2026-09-14T14:02:06,11340.4,715.0,4,3,27.0,28.375,-1.375,0,0.0,off
2026-09-14T14:02:11,11345.4,720.0,4,3,27.0,28.312,-1.312,0,0.0,off
2026-09-14T14:02:16,11350.4,725.0,4,3,27.0,28.250,-1.250,0,0.0,off
2026-09-14T14:02:21,11355.4,730.0,4,3,27.0,28.125,-1.125,0,0.0,off
2026-09-14T14:02:26,11360.4,735.0,4,3,27.0,28.062,-1.062,0,0.0,off
2026-09-14T14:02:31,11365.4,740.0,4,3,27.0,28.000,-1.000,0,0.0,off
2026-09-14T14:02:36,11370.4,745.0,4,3,27.0,27.875,-0.875,0,0.0,off
2026-09-14T14:02:41,11375.4,750.0,4,3,27.0,27.812,-0.812,0,0.0,off
2026-09-14T14:02:46,11380.4,755.0,4,3,27.0,27.687,-0.687,0,0.0,off
2026-09-14T14:02:51,11385.4,760.0,4,3,27.0,27.625,-0.625,0,0.0,off
2026-09-14T14:02:56,11390.4,765.0,4,3,27.0,27.500,-0.500,0,0.0,off
2026-09-14T14:03:01,11395.4,770.0,4,3,27.0,27.437,-0.437,0,0.0,off
2026-09-14T14:03:06,11400.4,775.0,4,3,27.0,27.375,-0.375,0,0.0,off
2026-09-14T14:03:11,11405.4,780.0,4,3,27.0,27.250,-0.250,1,0.0,off
2026-09-14T14:03:16,11410.4,785.0,4,3,27.0,27.187,-0.187,1,0.0,off
2026-09-14T14:03:21,11415.4,790.0,4,3,27.0,27.062,-0.062,1,0.0,off
2026-09-14T14:03:26,11420.4,795.0,4,3,27.0,27.000,0.000,1,48.8,heat
2026-09-14T14:03:31,11425.4,800.0,4,3,27.0,26.875,0.125,1,50.3,heat
2026-09-14T14:03:36,11430.4,805.0,4,3,27.0,26.812,0.188,1,51.1,heat
2026-09-14T14:03:41,11435.4,810.0,4,3,27.0,26.750,0.250,1,51.9,heat
2026-09-14T14:03:46,11440.4,815.0,4,3,27.0,26.750,0.250,1,51.9,heat
2026-09-14T14:03:51,11445.4,820.0,4,3,27.0,26.750,0.250,1,51.9,heat
2026-09-14T14:03:56,11450.4,825.0,4,3,27.0,26.812,0.188,1,51.2,heat
2026-09-14T14:04:01,11455.4,830.0,4,3,27.0,27.062,-0.062,1,0.0,off
2026-09-14T14:04:06,11460.4,835.0,4,3,27.0,27.187,-0.187,1,0.0,off
2026-09-14T14:04:11,11465.4,0.0,4,4,25.0,27.500,-2.500,0,0.0,off
2026-09-14T14:04:16,11470.4,5.0,4,4,25.0,27.750,-2.750,0,0.0,off
2026-09-14T14:04:21,11475.4,10.0,4,4,25.0,27.937,-2.937,0,0.0,off
2026-09-14T14:04:26,11480.4,15.0,4,4,25.0,28.187,-3.187,0,0.0,off
2026-09-14T14:04:31,11485.4,20.0,4,4,25.0,28.312,-3.312,0,0.0,off
2026-09-14T14:04:36,11490.4,25.0,4,4,25.0,28.500,-3.500,0,0.0,off
2026-09-14T14:04:41,11495.4,30.0,4,4,25.0,28.500,-3.500,0,0.0,off
2026-09-14T14:04:46,11500.4,35.0,4,4,25.0,28.562,-3.562,0,0.0,off
2026-09-14T14:04:51,11505.4,40.0,4,4,25.0,28.562,-3.562,0,0.0,off
2026-09-14T14:04:56,11510.4,45.0,4,4,25.0,28.562,-3.562,0,0.0,off
2026-09-14T14:05:01,11515.4,50.0,4,4,25.0,28.500,-3.500,0,0.0,off
2026-09-14T14:05:06,11520.4,55.0,4,4,25.0,28.500,-3.500,0,0.0,off
2026-09-14T14:05:11,11525.4,60.0,4,4,25.0,28.375,-3.375,0,0.0,off
2026-09-14T14:05:16,11530.4,65.0,4,4,25.0,28.312,-3.312,0,0.0,off
2026-09-14T14:05:21,11535.4,70.0,4,4,25.0,28.250,-3.250,0,0.0,off
2026-09-14T14:05:26,11540.4,75.0,4,4,25.0,28.187,-3.187,0,0.0,off
2026-09-14T14:05:31,11545.4,80.0,4,4,25.0,28.062,-3.062,0,0.0,off
2026-09-14T14:05:36,11550.4,85.0,4,4,25.0,28.000,-3.000,0,0.0,off
2026-09-14T14:05:41,11555.4,90.0,4,4,25.0,27.937,-2.937,0,0.0,off
2026-09-14T14:05:46,11560.4,95.0,4,4,25.0,27.812,-2.812,0,0.0,off
2026-09-14T14:05:51,11565.4,100.0,4,4,25.0,27.750,-2.750,0,0.0,off
2026-09-14T14:05:56,11570.4,105.0,4,4,25.0,27.625,-2.625,0,0.0,off
2026-09-14T14:06:01,11575.4,110.0,4,4,25.0,27.562,-2.562,0,0.0,off
2026-09-14T14:06:06,11580.4,115.0,4,4,25.0,27.437,-2.437,0,0.0,off
2026-09-14T14:06:11,11585.4,120.0,4,4,25.0,27.375,-2.375,0,0.0,off
2026-09-14T14:06:16,11590.4,125.0,4,4,25.0,27.250,-2.250,0,0.0,off
2026-09-14T14:06:21,11595.4,130.0,4,4,25.0,27.187,-2.187,0,0.0,off
2026-09-14T14:06:26,11600.4,135.0,4,4,25.0,27.062,-2.062,0,0.0,off
2026-09-14T14:06:31,11605.4,140.0,4,4,25.0,27.000,-2.000,0,0.0,off
2026-09-14T14:06:36,11610.4,145.0,4,4,25.0,26.937,-1.937,0,0.0,off
2026-09-14T14:06:41,11615.4,150.0,4,4,25.0,26.812,-1.812,0,0.0,off
2026-09-14T14:06:46,11620.4,155.0,4,4,25.0,26.750,-1.750,0,0.0,off
2026-09-14T14:06:51,11625.4,160.0,4,4,25.0,26.687,-1.687,0,0.0,off
2026-09-14T14:06:56,11630.4,165.0,4,4,25.0,26.562,-1.562,0,0.0,off
2026-09-14T14:07:01,11635.4,170.0,4,4,25.0,26.500,-1.500,0,0.0,off
2026-09-14T14:07:06,11640.4,175.0,4,4,25.0,26.437,-1.437,0,0.0,off
2026-09-14T14:07:11,11645.4,180.0,4,4,25.0,26.375,-1.375,0,0.0,off
2026-09-14T14:07:16,11650.4,185.0,4,4,25.0,26.250,-1.250,0,0.0,off
2026-09-14T14:07:21,11655.4,190.0,4,4,25.0,26.187,-1.187,0,0.0,off
2026-09-14T14:07:26,11660.4,195.0,4,4,25.0,26.125,-1.125,0,0.0,off
2026-09-14T14:07:31,11665.4,200.0,4,4,25.0,26.062,-1.062,0,0.0,off
2026-09-14T14:07:36,11670.4,205.0,4,4,25.0,25.937,-0.937,0,0.0,off
2026-09-14T14:07:41,11675.4,210.0,4,4,25.0,25.937,-0.937,0,0.0,off
2026-09-14T14:07:46,11680.4,215.0,4,4,25.0,25.812,-0.812,0,0.0,off
2026-09-14T14:07:51,11685.4,220.0,4,4,25.0,25.750,-0.750,0,0.0,off
2026-09-14T14:07:56,11690.4,225.0,4,4,25.0,25.687,-0.687,0,0.0,off
2026-09-14T14:08:01,11695.4,230.0,4,4,25.0,25.625,-0.625,0,0.0,off
2026-09-14T14:08:06,11700.4,235.0,4,4,25.0,25.500,-0.500,0,0.0,off
2026-09-14T14:08:11,11705.4,240.0,4,4,25.0,25.500,-0.500,0,0.0,off
2026-09-14T14:08:16,11710.4,245.0,4,4,25.0,25.375,-0.375,0,0.0,off
2026-09-14T14:08:21,11715.4,250.0,4,4,25.0,25.312,-0.312,0,0.0,off
2026-09-14T14:08:26,11720.4,255.0,4,4,25.0,25.312,-0.312,0,0.0,off
2026-09-14T14:08:31,11725.4,260.0,4,4,25.0,25.250,-0.250,1,0.0,off
2026-09-14T14:08:36,11730.4,265.0,4,4,25.0,25.125,-0.125,1,0.0,off
2026-09-14T14:08:41,11735.4,270.0,4,4,25.0,25.062,-0.062,1,0.0,off
2026-09-14T14:08:46,11740.4,275.0,4,4,25.0,25.000,0.000,1,32.0,heat
2026-09-14T14:08:51,11745.4,280.0,4,4,25.0,25.000,0.000,1,32.0,heat
2026-09-14T14:08:56,11750.4,285.0,4,4,25.0,24.937,0.063,1,32.8,heat
2026-09-14T14:09:01,11755.4,290.0,4,4,25.0,24.875,0.125,1,33.5,heat
2026-09-14T14:09:06,11760.4,295.0,4,4,25.0,24.875,0.125,1,33.5,heat
2026-09-14T14:09:11,11765.4,300.0,4,4,25.0,24.875,0.125,1,33.5,heat
2026-09-14T14:09:16,11770.4,305.0,4,4,25.0,24.937,0.063,1,32.8,heat
2026-09-14T14:09:21,11775.4,310.0,4,4,25.0,25.062,-0.062,1,0.0,off
2026-09-14T14:09:26,11780.4,315.0,4,4,25.0,25.187,-0.187,1,0.0,off
2026-09-14T14:09:31,11785.4,0.0,4,5,23.0,25.375,-2.375,0,0.0,off
2026-09-14T14:09:36,11790.4,5.0,4,5,23.0,25.562,-2.562,0,0.0,off
2026-09-14T14:09:41,11795.4,10.0,4,5,23.0,25.687,-2.687,0,0.0,off
2026-09-14T14:09:46,11800.4,15.0,4,5,23.0,25.875,-2.875,0,0.0,off
2026-09-14T14:09:51,11805.4,20.0,4,5,23.0,25.937,-2.937,0,0.0,off
2026-09-14T14:09:56,11810.4,25.0,4,5,23.0,26.062,-3.062,0,0.0,off
2026-09-14T14:10:01,11815.4,30.0,4,5,23.0,26.062,-3.062,0,0.0,off
2026-09-14T14:10:06,11820.4,35.0,4,5,23.0,26.125,-3.125,0,0.0,off
2026-09-14T14:10:11,11825.4,40.0,4,5,23.0,26.125,-3.125,0,0.0,off
2026-09-14T14:10:16,11830.4,45.0,4,5,23.0,26.125,-3.125,0,0.0,off
2026-09-14T14:10:21,11835.4,50.0,4,5,23.0,26.062,-3.062,0,0.0,off
2026-09-14T14:10:26,11840.4,55.0,4,5,23.0,26.062,-3.062,0,0.0,off
2026-09-14T14:10:31,11845.4,60.0,4,5,23.0,26.000,-3.000,0,0.0,off
2026-09-14T14:10:36,11850.4,65.0,4,5,23.0,25.937,-2.937,0,0.0,off
2026-09-14T14:10:41,11855.4,70.0,4,5,23.0,25.875,-2.875,0,0.0,off
2026-09-14T14:10:46,11860.4,75.0,4,5,23.0,25.812,-2.812,0,0.0,off
2026-09-14T14:10:51,11865.4,80.0,4,5,23.0,25.812,-2.812,0,0.0,off
2026-09-14T14:10:56,11870.4,85.0,4,5,23.0,25.687,-2.687,0,0.0,off
2026-09-14T14:11:01,11875.4,90.0,4,5,23.0,25.687,-2.687,0,0.0,off
2026-09-14T14:11:06,11880.4,95.0,4,5,23.0,25.625,-2.625,0,0.0,off
2026-09-14T14:11:11,11885.4,100.0,4,5,23.0,25.562,-2.562,0,0.0,off
2026-09-14T14:11:16,11890.4,105.0,4,5,23.0,25.500,-2.500,0,0.0,off
2026-09-14T14:11:21,11895.4,110.0,4,5,23.0,25.437,-2.437,0,0.0,off
2026-09-14T14:11:26,11900.4,115.0,4,5,23.0,25.312,-2.312,0,0.0,off
2026-09-14T14:11:31,11905.4,120.0,4,5,23.0,25.312,-2.312,0,0.0,off
2026-09-14T14:11:36,11910.4,125.0,4,5,23.0,25.187,-2.187,0,0.0,off
2026-09-14T14:11:41,11915.4,130.0,4,5,23.0,25.125,-2.125,0,0.0,off
2026-09-14T14:11:46,11920.4,135.0,4,5,23.0,25.125,-2.125,0,0.0,off
2026-09-14T14:11:51,11925.4,140.0,4,5,23.0,25.062,-2.062,0,0.0,off
2026-09-14T14:11:56,11930.4,145.0,4,5,23.0,25.000,-2.000,0,0.0,off
2026-09-14T14:12:01,11935.4,150.0,4,5,23.0,24.937,-1.937,0,0.0,off
2026-09-14T14:12:06,11940.4,155.0,4,5,23.0,24.875,-1.875,0,0.0,off
2026-09-14T14:12:11,11945.4,160.0,4,5,23.0,24.812,-1.812,0,0.0,off
2026-09-14T14:12:16,11950.4,165.0,4,5,23.0,24.750,-1.750,0,0.0,off
2026-09-14T14:12:21,11955.4,170.0,4,5,23.0,24.687,-1.687,0,0.0,off
2026-09-14T14:12:26,11960.4,175.0,4,5,23.0,24.625,-1.625,0,0.0,off
2026-09-14T14:12:31,11965.4,180.0,4,5,23.0,24.562,-1.562,0,0.0,off
2026-09-14T14:12:36,11970.4,185.0,4,5,23.0,24.500,-1.500,0,0.0,off
2026-09-14T14:12:41,11975.4,190.0,4,5,23.0,24.437,-1.437,0,0.0,off
2026-09-14T14:12:46,11980.4,195.0,4,5,23.0,24.437,-1.437,0,0.0,off
2026-09-14T14:12:51,11985.4,200.0,4,5,23.0,24.375,-1.375,0,0.0,off
2026-09-14T14:12:56,11990.4,205.0,4,5,23.0,24.312,-1.312,0,0.0,off
2026-09-14T14:13:01,11995.4,210.0,4,5,23.0,24.250,-1.250,0,0.0,off
2026-09-14T14:13:06,12000.4,215.0,4,5,23.0,24.187,-1.187,0,0.0,off
2026-09-14T14:13:11,12005.4,220.0,4,5,23.0,24.125,-1.125,0,0.0,off
2026-09-14T14:13:16,12010.4,225.0,4,5,23.0,24.062,-1.062,0,0.0,off
2026-09-14T14:13:21,12015.4,230.0,4,5,23.0,24.062,-1.062,0,0.0,off
2026-09-14T14:13:26,12020.4,235.0,4,5,23.0,24.000,-1.000,0,0.0,off
2026-09-14T14:13:31,12025.4,240.0,4,5,23.0,23.937,-0.937,0,0.0,off
2026-09-14T14:13:36,12030.4,245.0,4,5,23.0,23.875,-0.875,0,0.0,off
2026-09-14T14:13:41,12035.4,250.0,4,5,23.0,23.875,-0.875,0,0.0,off
2026-09-14T14:13:46,12040.4,255.0,4,5,23.0,23.812,-0.812,0,0.0,off
2026-09-14T14:13:51,12045.4,260.0,4,5,23.0,23.812,-0.812,0,0.0,off
2026-09-14T14:13:56,12050.4,265.0,4,5,23.0,23.750,-0.750,0,0.0,off
2026-09-14T14:14:01,12055.4,270.0,4,5,23.0,23.687,-0.687,0,0.0,off
2026-09-14T14:14:06,12060.4,275.0,4,5,23.0,23.625,-0.625,0,0.0,off
2026-09-14T14:14:11,12065.4,280.0,4,5,23.0,23.562,-0.562,0,0.0,off
2026-09-14T14:14:16,12070.4,285.0,4,5,23.0,23.562,-0.562,0,0.0,off
2026-09-14T14:14:21,12075.4,290.0,4,5,23.0,23.500,-0.500,0,0.0,off
2026-09-14T14:14:26,12080.4,295.0,4,5,23.0,23.500,-0.500,0,0.0,off
2026-09-14T14:14:31,12085.4,300.0,4,5,23.0,23.437,-0.437,0,0.0,off
2026-09-14T14:14:36,12090.4,305.0,4,5,23.0,23.375,-0.375,0,0.0,off
2026-09-14T14:14:41,12095.4,310.0,4,5,23.0,23.312,-0.312,0,0.0,off
2026-09-14T14:14:46,12100.4,315.0,4,5,23.0,23.312,-0.312,0,0.0,off
2026-09-14T14:14:51,12105.4,320.0,4,5,23.0,23.250,-0.250,1,0.0,off
2026-09-14T14:14:56,12110.4,325.0,4,5,23.0,23.250,-0.250,1,0.0,off
2026-09-14T14:15:01,12115.4,330.0,4,5,23.0,23.187,-0.187,1,0.0,off
2026-09-14T14:15:06,12120.4,335.0,4,5,23.0,23.187,-0.187,1,0.0,off
2026-09-14T14:15:11,12125.4,340.0,4,5,23.0,23.125,-0.125,1,0.0,off
2026-09-14T14:15:16,12130.4,345.0,4,5,23.0,23.062,-0.062,1,0.0,off
2026-09-14T14:15:21,12135.4,350.0,4,5,23.0,23.000,0.000,1,16.0,heat
2026-09-14T14:15:26,12140.4,355.0,4,5,23.0,23.000,0.000,1,16.0,heat
2026-09-14T14:15:31,12145.4,360.0,4,5,23.0,23.000,0.000,1,16.0,heat
2026-09-14T14:15:36,12150.4,365.0,4,5,23.0,22.937,0.063,1,16.8,heat
2026-09-14T14:15:41,12155.4,370.0,4,5,23.0,22.937,0.063,1,16.8,heat
2026-09-14T14:15:46,12160.4,375.0,4,5,23.0,22.937,0.063,1,16.8,heat
2026-09-14T14:15:51,12165.4,0.0,5,0,21.0,23.000,-2.000,0,0.0,off
2026-09-14T14:15:56,12170.4,5.0,5,0,21.0,23.062,-2.062,0,0.0,off
2026-09-14T14:16:01,12175.4,10.0,5,0,21.0,23.125,-2.125,0,0.0,off
2026-09-14T14:16:06,12180.4,15.0,5,0,21.0,23.187,-2.187,0,0.0,off
2026-09-14T14:16:11,12185.4,20.0,5,0,21.0,23.250,-2.250,0,0.0,off
2026-09-14T14:16:16,12190.4,25.0,5,0,21.0,23.312,-2.312,0,0.0,off
2026-09-14T14:16:21,12195.4,30.0,5,0,21.0,23.375,-2.375,0,0.0,off
2026-09-14T14:16:26,12200.4,35.0,5,0,21.0,23.437,-2.437,0,0.0,off
2026-09-14T14:16:31,12205.4,40.0,5,0,21.0,23.437,-2.437,0,0.0,off
2026-09-14T14:16:36,12210.4,45.0,5,0,21.0,23.437,-2.437,0,0.0,off
2026-09-14T14:16:41,12215.4,50.0,5,0,21.0,23.437,-2.437,0,0.0,off
2026-09-14T14:16:46,12220.4,55.0,5,0,21.0,23.437,-2.437,0,0.0,off
2026-09-14T14:16:51,12225.4,60.0,5,0,21.0,23.375,-2.375,0,0.0,off
2026-09-14T14:16:56,12230.4,65.0,5,0,21.0,23.375,-2.375,0,0.0,off
2026-09-14T14:17:01,12235.4,70.0,5,0,21.0,23.312,-2.312,0,0.0,off
2026-09-14T14:17:06,12240.4,75.0,5,0,21.0,23.312,-2.312,0,0.0,off
2026-09-14T14:17:11,12245.4,80.0,5,0,21.0,23.312,-2.312,0,0.0,off
2026-09-14T14:17:16,12250.4,85.0,5,0,21.0,23.250,-2.250,0,0.0,off
2026-09-14T14:17:21,12255.4,90.0,5,0,21.0,23.250,-2.250,0,0.0,off
2026-09-14T14:17:26,12260.4,95.0,5,0,21.0,23.187,-2.187,0,0.0,off
2026-09-14T14:17:31,12265.4,100.0,5,0,21.0,23.125,-2.125,0,0.0,off
2026-09-14T14:17:36,12270.4,105.0,5,0,21.0,23.125,-2.125,0,0.0,off
2026-09-14T14:17:41,12275.4,110.0,5,0,21.0,23.062,-2.062,0,0.0,off
2026-09-14T14:17:46,12280.4,115.0,5,0,21.0,23.062,-2.062,0,0.0,off
2026-09-14T14:17:51,12285.4,120.0,5,0,21.0,23.000,-2.000,0,0.0,off
2026-09-14T14:17:56,12290.4,125.0,5,0,21.0,23.000,-2.000,0,0.0,off
2026-09-14T14:18:01,12295.4,130.0,5,0,21.0,22.937,-1.937,0,0.0,off
2026-09-14T14:18:06,12300.4,135.0,5,0,21.0,22.875,-1.875,0,0.0,off
2026-09-14T14:18:11,12305.4,140.0,5,0,21.0,22.875,-1.875,0,0.0,off
2026-09-14T14:18:16,12310.4,145.0,5,0,21.0,22.812,-1.812,0,0.0,off
2026-09-14T14:18:21,12315.4,150.0,5,0,21.0,22.812,-1.812,0,0.0,off
2026-09-14T14:18:26,12320.4,155.0,5,0,21.0,22.750,-1.750,0,0.0,off
2026-09-14T14:18:31,12325.4,160.0,5,0,21.0,22.750,-1.750,0,0.0,off
2026-09-14T14:18:36,12330.4,165.0,5,0,21.0,22.687,-1.687,0,0.0,off
2026-09-14T14:18:41,12335.4,170.0,5,0,21.0,22.687,-1.687,0,0.0,off
2026-09-14T14:18:46,12340.4,175.0,5,0,21.0,22.625,-1.625,0,0.0,off
2026-09-14T14:18:51,12345.4,180.0,5,0,21.0,22.562,-1.562,0,0.0,off
2026-09-14T14:18:56,12350.4,185.0,5,0,21.0,22.562,-1.562,0,0.0,off
2026-09-14T14:19:01,12355.4,190.0,5,0,21.0,22.500,-1.500,0,0.0,off
2026-09-14T14:19:06,12360.4,195.0,5,0,21.0,22.500,-1.500,0,0.0,off
2026-09-14T14:19:11,12365.4,200.0,5,0,21.0,22.437,-1.437,0,0.0,off
2026-09-14T14:19:16,12370.4,205.0,5,0,21.0,22.437,-1.437,0,0.0,off
2026-09-14T14:19:21,12375.4,210.0,5,0,21.0,22.437,-1.437,0,0.0,off
2026-09-14T14:19:26,12380.4,215.0,5,0,21.0,22.375,-1.375,0,0.0,off
2026-09-14T14:19:31,12385.4,220.0,5,0,21.0,22.375,-1.375,0,0.0,off
2026-09-14T14:19:36,12390.4,225.0,5,0,21.0,22.375,-1.375,0,0.0,off
2026-09-14T14:19:41,12395.4,230.0,5,0,21.0,22.312,-1.312,0,0.0,off
2026-09-14T14:19:46,12400.4,235.0,5,0,21.0,22.312,-1.312,0,0.0,off
2026-09-14T14:19:51,12405.4,240.0,5,0,21.0,22.250,-1.250,0,0.0,off
2026-09-14T14:19:56,12410.4,245.0,5,0,21.0,22.187,-1.187,0,0.0,off
2026-09-14T14:20:01,12415.4,250.0,5,0,21.0,22.187,-1.187,0,0.0,off
2026-09-14T14:20:06,12420.4,255.0,5,0,21.0,22.187,-1.187,0,0.0,off
2026-09-14T14:20:11,12425.4,260.0,5,0,21.0,22.187,-1.187,0,0.0,off
2026-09-14T14:20:16,12430.4,265.0,5,0,21.0,22.125,-1.125,0,0.0,off
2026-09-14T14:20:21,12435.4,270.0,5,0,21.0,22.125,-1.125,0,0.0,off
2026-09-14T14:20:26,12440.4,275.0,5,0,21.0,22.062,-1.062,0,0.0,off
2026-09-14T14:20:31,12445.4,280.0,5,0,21.0,22.062,-1.062,0,0.0,off
2026-09-14T14:20:36,12450.4,285.0,5,0,21.0,22.062,-1.062,0,0.0,off
2026-09-14T14:20:41,12455.4,290.0,5,0,21.0,22.000,-1.000,0,0.0,off
2026-09-14T14:20:46,12460.4,295.0,5,0,21.0,22.000,-1.000,0,0.0,off
2026-09-14T14:20:51,12465.4,300.0,5,0,21.0,22.000,-1.000,0,0.0,off
2026-09-14T14:20:56,12470.4,305.0,5,0,21.0,22.000,-1.000,0,0.0,off
2026-09-14T14:21:01,12475.4,310.0,5,0,21.0,22.000,-1.000,0,0.0,off
2026-09-14T14:21:06,12480.4,315.0,5,0,21.0,21.937,-0.937,0,0.0,off
2026-09-14T14:21:11,12485.4,320.0,5,0,21.0,21.937,-0.937,0,0.0,off
2026-09-14T14:21:16,12490.4,325.0,5,0,21.0,21.937,-0.937,0,0.0,off
2026-09-14T14:21:21,12495.4,330.0,5,0,21.0,21.937,-0.937,0,0.0,off
2026-09-14T14:21:26,12500.4,335.0,5,0,21.0,21.937,-0.937,0,0.0,off
2026-09-14T14:21:31,12505.4,340.0,5,0,21.0,21.937,-0.937,0,0.0,off
2026-09-14T14:21:36,12510.4,345.0,5,0,21.0,21.875,-0.875,0,0.0,off
2026-09-14T14:21:41,12515.4,350.0,5,0,21.0,21.875,-0.875,0,0.0,off
2026-09-14T14:21:46,12520.4,355.0,5,0,21.0,21.875,-0.875,0,0.0,off
2026-09-14T14:21:51,12525.4,360.0,5,0,21.0,21.812,-0.812,0,0.0,off
2026-09-14T14:21:56,12530.4,365.0,5,0,21.0,21.875,-0.875,0,0.0,off
2026-09-14T14:22:01,12535.4,370.0,5,0,21.0,21.875,-0.875,0,0.0,off
2026-09-14T14:22:06,12540.4,375.0,5,0,21.0,21.812,-0.812,0,0.0,off
2026-09-14T14:22:11,12545.4,380.0,5,0,21.0,21.812,-0.812,0,0.0,off
2026-09-14T14:22:16,12550.4,385.0,5,0,21.0,21.812,-0.812,0,0.0,off
2026-09-14T14:22:21,12555.4,390.0,5,0,21.0,21.812,-0.812,0,0.0,off
2026-09-14T14:22:26,12560.4,395.0,5,0,21.0,21.812,-0.812,0,0.0,off
2026-09-14T14:22:31,12565.4,400.0,5,0,21.0,21.812,-0.812,0,0.0,off
2026-09-14T14:22:36,12570.4,405.0,5,0,21.0,21.812,-0.812,0,0.0,off
2026-09-14T14:22:41,12575.4,410.0,5,0,21.0,21.812,-0.812,0,0.0,off
2026-09-14T14:22:46,12580.4,415.0,5,0,21.0,21.812,-0.812,0,0.0,off
2026-09-14T14:22:51,12585.4,420.0,5,0,21.0,21.812,-0.812,0,0.0,off
2026-09-14T14:22:56,12590.4,425.0,5,0,21.0,21.812,-0.812,0,0.0,off
2026-09-14T14:23:01,12595.4,430.0,5,0,21.0,21.812,-0.812,0,0.0,off
2026-09-14T14:23:06,12600.4,435.0,5,0,21.0,21.812,-0.812,0,0.0,off
2026-09-14T14:23:11,12605.4,440.0,5,0,21.0,21.812,-0.812,0,0.0,off
2026-09-14T14:23:16,12610.4,445.0,5,0,21.0,21.750,-0.750,0,0.0,off
2026-09-14T14:23:21,12615.4,450.0,5,0,21.0,21.750,-0.750,0,0.0,off
2026-09-14T14:23:26,12620.4,455.0,5,0,21.0,21.812,-0.812,0,0.0,off
2026-09-14T14:23:31,12625.4,460.0,5,0,21.0,21.812,-0.812,0,0.0,off
2026-09-14T14:23:36,12630.4,465.0,5,0,21.0,21.812,-0.812,0,0.0,off
2026-09-14T14:23:41,12635.4,470.0,5,0,21.0,21.812,-0.812,0,0.0,off
2026-09-14T14:23:46,12640.4,475.0,5,0,21.0,21.812,-0.812,0,0.0,off
2026-09-14T14:23:51,12645.4,480.0,5,0,21.0,21.812,-0.812,0,0.0,off
2026-09-14T14:23:56,12650.4,485.0,5,0,21.0,21.812,-0.812,0,0.0,off
2026-09-14T14:24:01,12655.4,490.0,5,0,21.0,21.812,-0.812,0,0.0,off
2026-09-14T14:24:06,12660.4,495.0,5,0,21.0,21.812,-0.812,0,0.0,off
2026-09-14T14:24:11,12665.4,500.0,5,0,21.0,21.812,-0.812,0,0.0,off
2026-09-14T14:24:16,12670.4,505.0,5,0,21.0,21.812,-0.812,0,0.0,off
2026-09-14T14:24:21,12675.4,510.0,5,0,21.0,21.812,-0.812,0,0.0,off
2026-09-14T14:24:26,12680.4,515.0,5,0,21.0,21.812,-0.812,0,0.0,off
2026-09-14T14:24:31,12685.4,520.0,5,0,21.0,21.812,-0.812,0,0.0,off
2026-09-14T14:24:36,12690.4,525.0,5,0,21.0,21.812,-0.812,0,0.0,off
2026-09-14T14:24:41,12695.4,530.0,5,0,21.0,21.812,-0.812,0,0.0,off
2026-09-14T14:24:46,12700.4,535.0,5,0,21.0,21.812,-0.812,0,0.0,off
2026-09-14T14:24:51,12705.4,540.0,5,0,21.0,21.812,-0.812,0,0.0,off
2026-09-14T14:24:56,12710.4,545.0,5,0,21.0,21.812,-0.812,0,0.0,off
2026-09-14T14:25:01,12715.4,550.0,5,0,21.0,21.875,-0.875,0,0.0,off
2026-09-14T14:25:06,12720.4,555.0,5,0,21.0,21.875,-0.875,0,0.0,off
2026-09-14T14:25:11,12725.4,560.0,5,0,21.0,21.875,-0.875,0,0.0,off
2026-09-14T14:25:16,12730.4,565.0,5,0,21.0,21.812,-0.812,0,0.0,off
2026-09-14T14:25:21,12735.4,570.0,5,0,21.0,21.875,-0.875,0,0.0,off
2026-09-14T14:25:26,12740.4,575.0,5,0,21.0,21.875,-0.875,0,0.0,off
2026-09-14T14:25:31,12745.4,580.0,5,0,21.0,21.812,-0.812,0,0.0,off
2026-09-14T14:25:36,12750.4,585.0,5,0,21.0,21.812,-0.812,0,0.0,off
2026-09-14T14:25:41,12755.4,590.0,5,0,21.0,21.875,-0.875,0,0.0,off
2026-09-14T14:25:46,12760.4,595.0,5,0,21.0,21.875,-0.875,0,0.0,off
2026-09-14T14:25:51,12765.4,600.0,5,0,21.0,21.812,-0.812,0,0.0,off
2026-09-14T14:25:56,12770.4,605.0,5,0,21.0,21.812,-0.812,0,0.0,off
2026-09-14T14:26:01,12775.4,610.0,5,0,21.0,21.875,-0.875,0,0.0,off
2026-09-14T14:26:06,12780.4,615.0,5,0,21.0,21.812,-0.812,0,0.0,off
2026-09-14T14:26:11,12785.4,620.0,5,0,21.0,21.875,-0.875,0,0.0,off
2026-09-14T14:26:16,12790.4,625.0,5,0,21.0,21.812,-0.812,0,0.0,off
2026-09-14T14:26:21,12795.4,630.0,5,0,21.0,21.875,-0.875,0,0.0,off
2026-09-14T14:26:26,12800.4,635.0,5,0,21.0,21.812,-0.812,0,0.0,off
2026-09-14T14:26:31,12805.4,640.0,5,0,21.0,21.812,-0.812,0,0.0,off
2026-09-14T14:26:36,12810.4,645.0,5,0,21.0,21.875,-0.875,0,0.0,off
2026-09-14T14:26:41,12815.4,650.0,5,0,21.0,21.812,-0.812,0,0.0,off
2026-09-14T14:26:46,12820.4,655.0,5,0,21.0,21.812,-0.812,0,0.0,off
2026-09-14T14:26:51,12825.4,660.0,5,0,21.0,21.812,-0.812,0,0.0,off
2026-09-14T14:26:56,12830.4,665.0,5,0,21.0,21.812,-0.812,0,0.0,off
2026-09-14T14:27:01,12835.4,670.0,5,0,21.0,21.812,-0.812,0,0.0,off
2026-09-14T14:27:06,12840.4,675.0,5,0,21.0,21.812,-0.812,0,0.0,off
2026-09-14T14:27:11,12845.4,680.0,5,0,21.0,21.812,-0.812,0,0.0,off
2026-09-14T14:27:16,12850.4,685.0,5,0,21.0,21.812,-0.812,0,0.0,off
2026-09-14T14:27:21,12855.4,690.0,5,0,21.0,21.812,-0.812,0,0.0,off
2026-09-14T14:27:26,12860.4,695.0,5,0,21.0,21.812,-0.812,0,0.0,off
2026-09-14T14:27:31,12865.4,700.0,5,0,21.0,21.812,-0.812,0,0.0,off
2026-09-14T14:27:36,12870.4,705.0,5,0,21.0,21.812,-0.812,0,0.0,off
2026-09-14T14:27:41,12875.4,710.0,5,0,21.0,21.750,-0.750,0,0.0,off
2026-09-14T14:27:46,12880.4,715.0,5,0,21.0,21.750,-0.750,0,0.0,off
2026-09-14T14:27:51,12885.4,720.0,5,0,21.0,21.750,-0.750,0,0.0,off
2026-09-14T14:27:56,12890.4,725.0,5,0,21.0,21.750,-0.750,0,0.0,off
2026-09-14T14:28:01,12895.4,730.0,5,0,21.0,21.750,-0.750,0,0.0,off
2026-09-14T14:28:06,12900.4,735.0,5,0,21.0,21.750,-0.750,0,0.0,off
2026-09-14T14:28:11,12905.4,740.0,5,0,21.0,21.750,-0.750,0,0.0,off
2026-09-14T14:28:16,12910.4,745.0,5,0,21.0,21.750,-0.750,0,0.0,off
2026-09-14T14:28:21,12915.4,750.0,5,0,21.0,21.750,-0.750,0,0.0,off
2026-09-14T14:28:26,12920.4,755.0,5,0,21.0,21.750,-0.750,0,0.0,off
2026-09-14T14:28:31,12925.4,760.0,5,0,21.0,21.687,-0.687,0,0.0,off
2026-09-14T14:28:36,12930.4,765.0,5,0,21.0,21.687,-0.687,0,0.0,off
2026-09-14T14:28:41,12935.4,770.0,5,0,21.0,21.687,-0.687,0,0.0,off
2026-09-14T14:28:46,12940.4,775.0,5,0,21.0,21.687,-0.687,0,0.0,off
2026-09-14T14:28:51,12945.4,780.0,5,0,21.0,21.687,-0.687,0,0.0,off
2026-09-14T14:28:56,12950.4,785.0,5,0,21.0,21.687,-0.687,0,0.0,off
2026-09-14T14:29:01,12955.4,790.0,5,0,21.0,21.687,-0.687,0,0.0,off
2026-09-14T14:29:06,12960.4,795.0,5,0,21.0,21.687,-0.687,0,0.0,off
2026-09-14T14:29:11,12965.4,800.0,5,0,21.0,21.625,-0.625,0,0.0,off
2026-09-14T14:29:16,12970.4,805.0,5,0,21.0,21.625,-0.625,0,0.0,off
2026-09-14T14:29:21,12975.4,810.0,5,0,21.0,21.625,-0.625,0,0.0,off
2026-09-14T14:29:26,12980.4,815.0,5,0,21.0,21.625,-0.625,0,0.0,off
2026-09-14T14:29:31,12985.4,820.0,5,0,21.0,21.562,-0.562,0,0.0,off
2026-09-14T14:29:36,12990.4,825.0,5,0,21.0,21.625,-0.625,0,0.0,off
2026-09-14T14:29:41,12995.4,830.0,5,0,21.0,21.562,-0.562,0,0.0,off
2026-09-14T14:29:46,13000.4,835.0,5,0,21.0,21.625,-0.625,0,0.0,off
2026-09-14T14:29:51,13005.4,840.0,5,0,21.0,21.562,-0.562,0,0.0,off
2026-09-14T14:29:56,13010.4,845.0,5,0,21.0,21.562,-0.562,0,0.0,off
2026-09-14T14:30:01,13015.4,850.0,5,0,21.0,21.562,-0.562,0,0.0,off
2026-09-14T14:30:06,13020.4,855.0,5,0,21.0,21.562,-0.562,0,0.0,off
2026-09-14T14:30:11,13025.4,860.0,5,0,21.0,21.562,-0.562,0,0.0,off
2026-09-14T14:30:16,13030.4,865.0,5,0,21.0,21.562,-0.562,0,0.0,off
2026-09-14T14:30:21,13035.4,870.0,5,0,21.0,21.562,-0.562,0,0.0,off
2026-09-14T14:30:26,13040.4,875.0,5,0,21.0,21.500,-0.500,0,0.0,off
2026-09-14T14:30:31,13045.4,880.0,5,0,21.0,21.500,-0.500,0,0.0,off
2026-09-14T14:30:36,13050.4,885.0,5,0,21.0,21.500,-0.500,0,0.0,off
2026-09-14T14:30:41,13055.4,890.0,5,0,21.0,21.500,-0.500,0,0.0,off
2026-09-14T14:30:46,13060.4,895.0,5,0,21.0,21.437,-0.437,0,0.0,off
2026-09-14T14:30:51,13065.4,900.0,5,0,21.0,21.500,-0.500,0,0.0,off
2026-09-14T14:30:56,13070.4,905.0,5,0,21.0,21.437,-0.437,0,0.0,off
2026-09-14T14:31:01,13075.4,910.0,5,0,21.0,21.437,-0.437,0,0.0,off
2026-09-14T14:31:06,13080.4,915.0,5,0,21.0,21.437,-0.437,0,0.0,off
2026-09-14T14:31:11,13085.4,920.0,5,0,21.0,21.437,-0.437,0,0.0,off
2026-09-14T14:31:16,13090.4,925.0,5,0,21.0,21.375,-0.375,0,0.0,off
2026-09-14T14:31:21,13095.4,930.0,5,0,21.0,21.437,-0.437,0,0.0,off
2026-09-14T14:31:26,13100.4,935.0,5,0,21.0,21.437,-0.437,0,0.0,off
2026-09-14T14:31:31,13105.4,940.0,5,0,21.0,21.375,-0.375,0,0.0,off
2026-09-14T14:31:36,13110.4,945.0,5,0,21.0,21.375,-0.375,0,0.0,off
2026-09-14T14:31:41,13115.4,950.0,5,0,21.0,21.375,-0.375,0,0.0,off
2026-09-14T14:31:46,13120.4,955.0,5,0,21.0,21.375,-0.375,0,0.0,off
2026-09-14T14:31:51,13125.4,960.0,5,0,21.0,21.375,-0.375,0,0.0,off
2026-09-14T14:31:56,13130.4,965.0,5,0,21.0,21.312,-0.312,0,0.0,off
2026-09-14T14:32:01,13135.4,970.0,5,0,21.0,21.375,-0.375,0,0.0,off
2026-09-14T14:32:06,13140.4,975.0,5,0,21.0,21.312,-0.312,0,0.0,off
2026-09-14T14:32:11,13145.4,980.0,5,0,21.0,21.312,-0.312,0,0.0,off
2026-09-14T14:32:16,13150.4,985.0,5,0,21.0,21.312,-0.312,0,0.0,off
2026-09-14T14:32:21,13155.4,990.0,5,0,21.0,21.312,-0.312,0,0.0,off
2026-09-14T14:32:26,13160.4,995.0,5,0,21.0,21.312,-0.312,0,0.0,off
2026-09-14T14:32:31,13165.4,1000.0,5,0,21.0,21.250,-0.250,1,0.0,off
2026-09-14T14:32:36,13170.4,1005.0,5,0,21.0,21.250,-0.250,1,0.0,off
2026-09-14T14:32:41,13175.4,1010.0,5,0,21.0,21.250,-0.250,1,0.0,off
2026-09-14T14:32:46,13180.4,1015.0,5,0,21.0,21.250,-0.250,1,0.0,off
2026-09-14T14:32:51,13185.4,1020.0,5,0,21.0,21.250,-0.250,1,0.0,off
2026-09-14T14:32:56,13190.4,1025.0,5,0,21.0,21.250,-0.250,1,0.0,off
2026-09-14T14:33:01,13195.4,1030.0,5,0,21.0,21.250,-0.250,1,0.0,off
2026-09-14T14:33:06,13200.4,1035.0,5,0,21.0,21.187,-0.187,1,0.0,off
2026-09-14T14:33:11,13205.4,1040.0,5,0,21.0,21.187,-0.187,1,0.0,off
2026-09-14T14:33:16,13210.4,1045.0,5,0,21.0,21.187,-0.187,1,0.0,off
2026-09-14T14:33:21,13215.4,1050.0,5,0,21.0,21.125,-0.125,1,0.0,off
2026-09-14T14:33:26,13220.4,1055.0,5,0,21.0,21.125,-0.125,1,0.0,off
2026-09-14T14:33:31,13225.4,0.0,5,1,23.0,21.125,1.875,0,38.6,heat
2026-09-14T14:33:36,13230.4,5.0,5,1,23.0,21.125,1.875,0,38.8,heat
2026-09-14T14:33:41,13235.4,10.0,5,1,23.0,21.125,1.875,0,38.9,heat
2026-09-14T14:33:46,13240.4,15.0,5,1,23.0,21.125,1.875,0,39.1,heat
2026-09-14T14:33:51,13245.4,20.0,5,1,23.0,21.187,1.813,0,38.5,heat
2026-09-14T14:33:56,13250.4,25.0,5,1,23.0,21.250,1.750,0,37.8,heat
2026-09-14T14:34:01,13255.4,30.0,5,1,23.0,21.375,1.625,0,36.5,heat
2026-09-14T14:34:06,13260.4,35.0,5,1,23.0,21.562,1.438,0,34.3,heat
2026-09-14T14:34:11,13265.4,40.0,5,1,23.0,21.812,1.188,0,31.4,heat
2026-09-14T14:34:16,13270.4,45.0,5,1,23.0,22.062,0.938,0,28.5,heat
2026-09-14T14:34:21,13275.4,50.0,5,1,23.0,22.312,0.688,0,25.5,heat
2026-09-14T14:34:26,13280.4,55.0,5,1,23.0,22.625,0.375,0,21.8,heat
2026-09-14T14:34:31,13285.4,60.0,5,1,23.0,22.937,0.063,1,18.1,heat
2026-09-14T14:34:36,13290.4,65.0,5,1,23.0,23.187,-0.187,1,0.0,off
2026-09-14T14:34:41,13295.4,70.0,5,1,23.0,23.500,-0.500,0,0.0,off
2026-09-14T14:34:46,13300.4,75.0,5,1,23.0,23.750,-0.750,0,0.0,off
2026-09-14T14:34:51,13305.4,80.0,5,1,23.0,24.000,-1.000,0,0.0,off
2026-09-14T14:34:56,13310.4,85.0,5,1,23.0,24.187,-1.187,0,0.0,off
2026-09-14T14:35:01,13315.4,90.0,5,1,23.0,24.375,-1.375,0,0.0,off
2026-09-14T14:35:06,13320.4,95.0,5,1,23.0,24.500,-1.500,0,0.0,off
2026-09-14T14:35:11,13325.4,100.0,5,1,23.0,24.562,-1.562,0,0.0,off
2026-09-14T14:35:16,13330.4,105.0,5,1,23.0,24.687,-1.687,0,0.0,off
2026-09-14T14:35:21,13335.4,110.0,5,1,23.0,24.687,-1.687,0,0.0,off
2026-09-14T14:35:26,13340.4,115.0,5,1,23.0,24.687,-1.687,0,0.0,off
2026-09-14T14:35:31,13345.4,120.0,5,1,23.0,24.750,-1.750,0,0.0,off
2026-09-14T14:35:36,13350.4,125.0,5,1,23.0,24.687,-1.687,0,0.0,off
2026-09-14T14:35:41,13355.4,130.0,5,1,23.0,24.687,-1.687,0,0.0,off
2026-09-14T14:35:46,13360.4,135.0,5,1,23.0,24.687,-1.687,0,0.0,off
2026-09-14T14:35:51,13365.4,140.0,5,1,23.0,24.625,-1.625,0,0.0,off
2026-09-14T14:35:56,13370.4,145.0,5,1,23.0,24.562,-1.562,0,0.0,off
2026-09-14T14:36:01,13375.4,150.0,5,1,23.0,24.500,-1.500,0,0.0,off
2026-09-14T14:36:06,13380.4,155.0,5,1,23.0,24.500,-1.500,0,0.0,off
2026-09-14T14:36:11,13385.4,160.0,5,1,23.0,24.437,-1.437,0,0.0,off
2026-09-14T14:36:16,13390.4,165.0,5,1,23.0,24.375,-1.375,0,0.0,off
2026-09-14T14:36:21,13395.4,170.0,5,1,23.0,24.312,-1.312,0,0.0,off
2026-09-14T14:36:26,13400.4,175.0,5,1,23.0,24.312,-1.312,0,0.0,off
2026-09-14T14:36:31,13405.4,180.0,5,1,23.0,24.250,-1.250,0,0.0,off
2026-09-14T14:36:36,13410.4,185.0,5,1,23.0,24.187,-1.187,0,0.0,off
2026-09-14T14:36:41,13415.4,190.0,5,1,23.0,24.125,-1.125,0,0.0,off
2026-09-14T14:36:46,13420.4,195.0,5,1,23.0,24.125,-1.125,0,0.0,off
2026-09-14T14:36:51,13425.4,200.0,5,1,23.0,24.000,-1.000,0,0.0,off
2026-09-14T14:36:56,13430.4,205.0,5,1,23.0,23.937,-0.937,0,0.0,off
2026-09-14T14:37:01,13435.4,210.0,5,1,23.0,23.937,-0.937,0,0.0,off
2026-09-14T14:37:06,13440.4,215.0,5,1,23.0,23.875,-0.875,0,0.0,off
2026-09-14T14:37:11,13445.4,220.0,5,1,23.0,23.812,-0.812,0,0.0,off
2026-09-14T14:37:16,13450.4,225.0,5,1,23.0,23.750,-0.750,0,0.0,off
2026-09-14T14:37:21,13455.4,230.0,5,1,23.0,23.687,-0.687,0,0.0,off
2026-09-14T14:37:26,13460.4,235.0,5,1,23.0,23.687,-0.687,0,0.0,off
2026-09-14T14:37:31,13465.4,240.0,5,1,23.0,23.625,-0.625,0,0.0,off
2026-09-14T14:37:36,13470.4,245.0,5,1,23.0,23.562,-0.562,0,0.0,off
2026-09-14T14:37:41,13475.4,250.0,5,1,23.0,23.500,-0.500,0,0.0,off
2026-09-14T14:37:46,13480.4,255.0,5,1,23.0,23.500,-0.500,0,0.0,off
2026-09-14T14:37:51,13485.4,260.0,5,1,23.0,23.437,-0.437,0,0.0,off
2026-09-14T14:37:56,13490.4,265.0,5,1,23.0,23.375,-0.375,0,0.0,off
2026-09-14T14:38:01,13495.4,270.0,5,1,23.0,23.312,-0.312,0,0.0,off
2026-09-14T14:38:06,13500.4,275.0,5,1,23.0,23.312,-0.312,0,0.0,off
2026-09-14T14:38:11,13505.4,280.0,5,1,23.0,23.312,-0.312,0,0.0,off
2026-09-14T14:38:16,13510.4,285.0,5,1,23.0,23.187,-0.187,1,0.0,off
2026-09-14T14:38:21,13515.4,290.0,5,1,23.0,23.187,-0.187,1,0.0,off
2026-09-14T14:38:26,13520.4,295.0,5,1,23.0,23.125,-0.125,1,0.0,off
2026-09-14T14:38:31,13525.4,300.0,5,1,23.0,23.125,-0.125,1,0.0,off
2026-09-14T14:38:36,13530.4,305.0,5,1,23.0,23.062,-0.062,1,0.0,off
2026-09-14T14:38:41,13535.4,310.0,5,1,23.0,23.000,0.000,1,17.3,heat
2026-09-14T14:38:46,13540.4,315.0,5,1,23.0,22.937,0.063,1,18.1,heat
2026-09-14T14:38:51,13545.4,320.0,5,1,23.0,22.937,0.063,1,18.1,heat
2026-09-14T14:38:56,13550.4,325.0,5,1,23.0,22.937,0.063,1,18.1,heat
2026-09-14T14:39:01,13555.4,330.0,5,1,23.0,22.875,0.125,1,18.8,heat
2026-09-14T14:39:06,13560.4,335.0,5,1,23.0,22.875,0.125,1,18.8,heat
2026-09-14T14:39:11,13565.4,340.0,5,1,23.0,22.937,0.063,1,18.1,heat
2026-09-14T14:39:16,13570.4,0.0,5,2,25.0,23.000,2.000,0,56.1,heat
2026-09-14T14:39:21,13575.4,5.0,5,2,25.0,23.062,1.938,0,55.6,heat
2026-09-14T14:39:26,13580.4,10.0,5,2,25.0,23.187,1.813,0,54.2,heat
2026-09-14T14:39:31,13585.4,15.0,5,2,25.0,23.312,1.688,0,52.8,heat
2026-09-14T14:39:36,13590.4,20.0,5,2,25.0,23.437,1.563,0,51.4,heat
2026-09-14T14:39:41,13595.4,25.0,5,2,25.0,23.687,1.313,0,48.5,heat
2026-09-14T14:39:46,13600.4,30.0,5,2,25.0,23.937,1.063,0,45.6,heat
2026-09-14T14:39:51,13605.4,35.0,5,2,25.0,24.250,0.750,0,41.9,heat
2026-09-14T14:39:56,13610.4,40.0,5,2,25.0,24.562,0.438,0,38.2,heat
2026-09-14T14:40:01,13615.4,45.0,5,2,25.0,24.875,0.125,1,34.5,heat
2026-09-14T14:40:06,13620.4,50.0,5,2,25.0,25.250,-0.250,1,0.0,off
2026-09-14T14:40:11,13625.4,55.0,5,2,25.0,25.625,-0.625,0,0.0,off
2026-09-14T14:40:16,13630.4,60.0,5,2,25.0,26.000,-1.000,0,0.0,off
2026-09-14T14:40:21,13635.4,65.0,5,2,25.0,26.312,-1.312,0,0.0,off
2026-09-14T14:40:26,13640.4,70.0,5,2,25.0,26.625,-1.625,0,0.0,off
2026-09-14T14:40:31,13645.4,75.0,5,2,25.0,26.812,-1.812,0,0.0,off
2026-09-14T14:40:36,13650.4,80.0,5,2,25.0,27.062,-2.062,0,0.0,off
2026-09-14T14:40:41,13655.4,85.0,5,2,25.0,27.187,-2.187,0,0.0,off
2026-09-14T14:40:46,13660.4,90.0,5,2,25.0,27.250,-2.250,0,0.0,off
2026-09-14T14:40:51,13665.4,95.0,5,2,25.0,27.250,-2.250,0,0.0,off
2026-09-14T14:40:56,13670.4,100.0,5,2,25.0,27.312,-2.312,0,0.0,off
2026-09-14T14:41:01,13675.4,105.0,5,2,25.0,27.312,-2.312,0,0.0,off
2026-09-14T14:41:06,13680.4,110.0,5,2,25.0,27.250,-2.250,0,0.0,off
2026-09-14T14:41:11,13685.4,115.0,5,2,25.0,27.250,-2.250,0,0.0,off
2026-09-14T14:41:16,13690.4,120.0,5,2,25.0,27.187,-2.187,0,0.0,off
2026-09-14T14:41:21,13695.4,125.0,5,2,25.0,27.125,-2.125,0,0.0,off
2026-09-14T14:41:26,13700.4,130.0,5,2,25.0,27.062,-2.062,0,0.0,off
2026-09-14T14:41:31,13705.4,135.0,5,2,25.0,27.000,-2.000,0,0.0,off
2026-09-14T14:41:36,13710.4,140.0,5,2,25.0,26.875,-1.875,0,0.0,off
2026-09-14T14:41:41,13715.4,145.0,5,2,25.0,26.812,-1.812,0,0.0,off
2026-09-14T14:41:46,13720.4,150.0,5,2,25.0,26.750,-1.750,0,0.0,off
2026-09-14T14:41:51,13725.4,155.0,5,2,25.0,26.625,-1.625,0,0.0,off
2026-09-14T14:41:56,13730.4,160.0,5,2,25.0,26.562,-1.562,0,0.0,off
2026-09-14T14:42:01,13735.4,165.0,5,2,25.0,26.500,-1.500,0,0.0,off
2026-09-14T14:42:06,13740.4,170.0,5,2,25.0,26.375,-1.375,0,0.0,off
2026-09-14T14:42:11,13745.4,175.0,5,2,25.0,26.312,-1.312,0,0.0,off
2026-09-14T14:42:16,13750.4,180.0,5,2,25.0,26.250,-1.250,0,0.0,off
2026-09-14T14:42:21,13755.4,185.0,5,2,25.0,26.187,-1.187,0,0.0,off
2026-09-14T14:42:26,13760.4,190.0,5,2,25.0,26.062,-1.062,0,0.0,off
2026-09-14T14:42:31,13765.4,195.0,5,2,25.0,26.000,-1.000,0,0.0,off
2026-09-14T14:42:36,13770.4,200.0,5,2,25.0,25.937,-0.937,0,0.0,off
2026-09-14T14:42:41,13775.4,205.0,5,2,25.0,25.812,-0.812,0,0.0,off
2026-09-14T14:42:46,13780.4,210.0,5,2,25.0,25.750,-0.750,0,0.0,off
2026-09-14T14:42:51,13785.4,215.0,5,2,25.0,25.687,-0.687,0,0.0,off
2026-09-14T14:42:56,13790.4,220.0,5,2,25.0,25.562,-0.562,0,0.0,off
2026-09-14T14:43:01,13795.4,225.0,5,2,25.0,25.500,-0.500,0,0.0,off
2026-09-14T14:43:06,13800.4,230.0,5,2,25.0,25.437,-0.437,0,0.0,off
2026-09-14T14:43:11,13805.4,235.0,5,2,25.0,25.375,-0.375,0,0.0,off
2026-09-14T14:43:16,13810.4,240.0,5,2,25.0,25.312,-0.312,0,0.0,off
2026-09-14T14:43:21,13815.4,245.0,5,2,25.0,25.250,-0.250,1,0.0,off
2026-09-14T14:43:26,13820.4,250.0,5,2,25.0,25.125,-0.125,1,0.0,off
2026-09-14T14:43:31,13825.4,255.0,5,2,25.0,25.062,-0.062,1,0.0,off
2026-09-14T14:43:36,13830.4,260.0,5,2,25.0,25.000,0.000,1,33.0,heat
2026-09-14T14:43:41,13835.4,265.0,5,2,25.0,24.937,0.063,1,33.7,heat
2026-09-14T14:43:46,13840.4,270.0,5,2,25.0,24.875,0.125,1,34.5,heat
2026-09-14T14:43:51,13845.5,275.0,5,2,25.0,24.812,0.188,1,35.2,heat
2026-09-14T14:43:56,13850.5,280.0,5,2,25.0,24.812,0.188,1,35.3,heat
2026-09-14T14:44:01,13855.5,285.0,5,2,25.0,24.812,0.188,1,35.3,heat
2026-09-14T14:44:06,13860.5,290.0,5,2,25.0,24.812,0.188,1,35.3,heat
2026-09-14T14:44:11,13865.5,295.0,5,2,25.0,25.000,0.000,1,33.0,heat
2026-09-14T14:44:16,13870.5,300.0,5,2,25.0,25.000,0.000,1,33.0,heat
2026-09-14T14:44:21,13875.5,0.0,5,3,27.0,25.312,1.688,0,68.4,heat
2026-09-14T14:44:26,13880.5,5.0,5,3,27.0,25.500,1.500,0,66.2,heat
2026-09-14T14:44:31,13885.5,10.0,5,3,27.0,25.750,1.250,0,63.3,heat
2026-09-14T14:44:36,13890.5,15.0,5,3,27.0,26.000,1.000,0,60.4,heat
2026-09-14T14:44:41,13895.5,20.0,5,3,27.0,26.250,0.750,0,57.5,heat
2026-09-14T14:44:46,13900.5,25.0,5,3,27.0,26.562,0.438,0,53.8,heat
2026-09-14T14:44:51,13905.5,30.0,5,3,27.0,26.875,0.125,1,50.0,heat
2026-09-14T14:44:56,13910.5,35.0,5,3,27.0,27.250,-0.250,1,0.0,off
2026-09-14T14:45:01,13915.5,40.0,5,3,27.0,27.687,-0.687,0,0.0,off
2026-09-14T14:45:06,13920.5,45.0,5,3,27.0,28.062,-1.062,0,0.0,off
2026-09-14T14:45:11,13925.5,50.0,5,3,27.0,28.437,-1.437,0,0.0,off
2026-09-14T14:45:16,13930.5,55.0,5,3,27.0,28.812,-1.812,0,0.0,off
2026-09-14T14:45:21,13935.5,60.0,5,3,27.0,29.062,-2.062,0,0.0,off
2026-09-14T14:45:26,13940.5,65.0,5,3,27.0,29.312,-2.312,0,0.0,off
2026-09-14T14:45:31,13945.5,70.0,5,3,27.0,29.437,-2.437,0,0.0,off
2026-09-14T14:45:36,13950.5,75.0,5,3,27.0,29.500,-2.500,0,0.0,off
2026-09-14T14:45:41,13955.5,80.0,5,3,27.0,29.562,-2.562,0,0.0,off
2026-09-14T14:45:46,13960.5,85.0,5,3,27.0,29.625,-2.625,0,0.0,off
2026-09-14T14:45:51,13965.5,90.0,5,3,27.0,29.562,-2.562,0,0.0,off
2026-09-14T14:45:56,13970.5,95.0,5,3,27.0,29.500,-2.500,0,0.0,off
2026-09-14T14:46:01,13975.5,100.0,5,3,27.0,29.437,-2.437,0,0.0,off
2026-09-14T14:46:06,13980.5,105.0,5,3,27.0,29.375,-2.375,0,0.0,off
2026-09-14T14:46:11,13985.5,110.0,5,3,27.0,29.312,-2.312,0,0.0,off
2026-09-14T14:46:16,13990.5,115.0,5,3,27.0,29.187,-2.187,0,0.0,off
2026-09-14T14:46:21,13995.5,120.0,5,3,27.0,29.125,-2.125,0,0.0,off
2026-09-14T14:46:26,14000.5,125.0,5,3,27.0,29.000,-2.000,0,0.0,off
2026-09-14T14:46:31,14005.5,130.0,5,3,27.0,28.875,-1.875,0,0.0,off
2026-09-14T14:46:36,14010.5,135.0,5,3,27.0,28.812,-1.812,0,0.0,off
2026-09-14T14:46:41,14015.5,140.0,5,3,27.0,28.687,-1.687,0,0.0,off
2026-09-14T14:46:46,14020.5,145.0,5,3,27.0,28.625,-1.625,0,0.0,off
2026-09-14T14:46:51,14025.5,150.0,5,3,27.0,28.500,-1.500,0,0.0,off
2026-09-14T14:46:56,14030.5,155.0,5,3,27.0,28.375,-1.375,0,0.0,off
2026-09-14T14:47:01,14035.5,160.0,5,3,27.0,28.312,-1.312,0,0.0,off
2026-09-14T14:47:06,14040.5,165.0,5,3,27.0,28.125,-1.125,0,0.0,off
2026-09-14T14:47:11,14045.5,170.0,5,3,27.0,28.062,-1.062,0,0.0,off
2026-09-14T14:47:16,14050.5,175.0,5,3,27.0,27.937,-0.937,0,0.0,off
2026-09-14T14:47:21,14055.5,180.0,5,3,27.0,27.812,-0.812,0,0.0,off
2026-09-14T14:47:26,14060.5,185.0,5,3,27.0,27.750,-0.750,0,0.0,off
2026-09-14T14:47:31,14065.5,190.0,5,3,27.0,27.625,-0.625,0,0.0,off
2026-09-14T14:47:36,14070.5,195.0,5,3,27.0,27.562,-0.562,0,0.0,off
2026-09-14T14:47:41,14075.5,200.0,5,3,27.0,27.437,-0.437,0,0.0,off
2026-09-14T14:47:46,14080.5,205.0,5,3,27.0,27.312,-0.312,0,0.0,off
2026-09-14T14:47:51,14085.5,210.0,5,3,27.0,27.250,-0.250,1,0.0,off
2026-09-14T14:47:56,14090.5,215.0,5,3,27.0,27.125,-0.125,1,0.0,off
2026-09-14T14:48:01,14095.5,220.0,5,3,27.0,27.062,-0.062,1,0.0,off
2026-09-14T14:48:06,14100.5,225.0,5,3,27.0,26.937,0.063,1,49.3,heat
2026-09-14T14:48:11,14105.5,230.0,5,3,27.0,26.875,0.125,1,50.0,heat
2026-09-14T14:48:16,14110.5,235.0,5,3,27.0,26.750,0.250,1,51.5,heat
2026-09-14T14:48:21,14115.5,240.0,5,3,27.0,26.687,0.313,0,52.3,heat
2026-09-14T14:48:26,14120.5,245.0,5,3,27.0,26.687,0.313,0,52.3,heat
2026-09-14T14:48:31,14125.5,250.0,5,3,27.0,26.687,0.313,0,52.4,heat
2026-09-14T14:48:36,14130.5,255.0,5,3,27.0,26.812,0.188,1,50.9,heat
2026-09-14T14:48:41,14135.5,260.0,5,3,27.0,26.937,0.063,1,49.4,heat
2026-09-14T14:48:46,14140.5,265.0,5,3,27.0,27.187,-0.187,1,0.0,off
2026-09-14T14:48:51,14145.5,270.0,5,3,27.0,27.437,-0.437,0,0.0,off
2026-09-14T14:48:56,14150.5,275.0,5,3,27.0,27.687,-0.687,0,0.0,off
2026-09-14T14:49:01,14155.5,280.0,5,3,27.0,27.937,-0.937,0,0.0,off
2026-09-14T14:49:06,14160.5,285.0,5,3,27.0,28.250,-1.250,0,0.0,off
2026-09-14T14:49:11,14165.5,290.0,5,3,27.0,28.437,-1.437,0,0.0,off
2026-09-14T14:49:16,14170.5,295.0,5,3,27.0,28.625,-1.625,0,0.0,off
2026-09-14T14:49:21,14175.5,300.0,5,3,27.0,28.750,-1.750,0,0.0,off
2026-09-14T14:49:26,14180.5,305.0,5,3,27.0,28.812,-1.812,0,0.0,off
2026-09-14T14:49:31,14185.5,310.0,5,3,27.0,28.875,-1.875,0,0.0,off
2026-09-14T14:49:36,14190.5,315.0,5,3,27.0,28.875,-1.875,0,0.0,off
2026-09-14T14:49:41,14195.5,320.0,5,3,27.0,28.875,-1.875,0,0.0,off
2026-09-14T14:49:46,14200.5,325.0,5,3,27.0,28.812,-1.812,0,0.0,off
2026-09-14T14:49:51,14205.5,330.0,5,3,27.0,28.750,-1.750,0,0.0,off
2026-09-14T14:49:56,14210.5,335.0,5,3,27.0,28.687,-1.687,0,0.0,off
2026-09-14T14:50:01,14215.5,340.0,5,3,27.0,28.625,-1.625,0,0.0,off
2026-09-14T14:50:06,14220.5,345.0,5,3,27.0,28.500,-1.500,0,0.0,off
2026-09-14T14:50:11,14225.5,350.0,5,3,27.0,28.375,-1.375,0,0.0,off
2026-09-14T14:50:16,14230.5,355.0,5,3,27.0,28.312,-1.312,0,0.0,off
2026-09-14T14:50:21,14235.5,360.0,5,3,27.0,28.250,-1.250,0,0.0,off
2026-09-14T14:50:26,14240.5,365.0,5,3,27.0,28.125,-1.125,0,0.0,off
2026-09-14T14:50:31,14245.5,370.0,5,3,27.0,28.062,-1.062,0,0.0,off
2026-09-14T14:50:36,14250.5,375.0,5,3,27.0,27.937,-0.937,0,0.0,off
2026-09-14T14:50:41,14255.5,380.0,5,3,27.0,27.875,-0.875,0,0.0,off
2026-09-14T14:50:46,14260.5,385.0,5,3,27.0,27.750,-0.750,0,0.0,off
2026-09-14T14:50:51,14265.5,390.0,5,3,27.0,27.625,-0.625,0,0.0,off
2026-09-14T14:50:56,14270.5,395.0,5,3,27.0,27.562,-0.562,0,0.0,off
2026-09-14T14:51:01,14275.5,400.0,5,3,27.0,27.437,-0.437,0,0.0,off
2026-09-14T14:51:06,14280.5,405.0,5,3,27.0,27.375,-0.375,0,0.0,off
2026-09-14T14:51:11,14285.5,410.0,5,3,27.0,27.250,-0.250,1,0.0,off
2026-09-14T14:51:16,14290.5,415.0,5,3,27.0,27.187,-0.187,1,0.0,off
2026-09-14T14:51:21,14295.5,420.0,5,3,27.0,27.062,-0.062,1,0.0,off
2026-09-14T14:51:26,14300.5,425.0,5,3,27.0,27.000,0.000,1,48.6,heat
2026-09-14T14:51:31,14305.5,430.0,5,3,27.0,26.875,0.125,1,50.1,heat
2026-09-14T14:51:36,14310.5,435.0,5,3,27.0,26.812,0.188,1,50.9,heat
2026-09-14T14:51:41,14315.5,440.0,5,3,27.0,26.750,0.250,1,51.7,heat
2026-09-14T14:51:46,14320.5,445.0,5,3,27.0,26.750,0.250,1,51.7,heat
2026-09-14T14:51:51,14325.5,450.0,5,3,27.0,26.750,0.250,1,51.7,heat
2026-09-14T14:51:56,14330.5,455.0,5,3,27.0,26.875,0.125,1,50.2,heat
2026-09-14T14:52:01,14335.5,460.0,5,3,27.0,26.875,0.125,1,50.2,heat
2026-09-14T14:52:06,14340.5,465.0,5,3,27.0,27.250,-0.250,1,0.0,off
2026-09-14T14:52:11,14345.5,0.0,5,4,25.0,27.437,-2.437,0,0.0,off
2026-09-14T14:52:16,14350.5,5.0,5,4,25.0,27.750,-2.750,0,0.0,off
2026-09-14T14:52:21,14355.5,10.0,5,4,25.0,28.000,-3.000,0,0.0,off
2026-09-14T14:52:26,14360.5,15.0,5,4,25.0,28.312,-3.312,0,0.0,off
2026-09-14T14:52:31,14365.5,20.0,5,4,25.0,28.500,-3.500,0,0.0,off
2026-09-14T14:52:36,14370.5,25.0,5,4,25.0,28.687,-3.687,0,0.0,off
2026-09-14T14:52:41,14375.5,30.0,5,4,25.0,28.812,-3.812,0,0.0,off
2026-09-14T14:52:46,14380.5,35.0,5,4,25.0,28.875,-3.875,0,0.0,off
2026-09-14T14:52:51,14385.5,40.0,5,4,25.0,28.875,-3.875,0,0.0,off
2026-09-14T14:52:56,14390.5,45.0,5,4,25.0,28.875,-3.875,0,0.0,off
2026-09-14T14:53:01,14395.5,50.0,5,4,25.0,28.875,-3.875,0,0.0,off
2026-09-14T14:53:06,14400.5,55.0,5,4,25.0,28.812,-3.812,0,0.0,off
2026-09-14T14:53:11,14405.5,60.0,5,4,25.0,28.812,-3.812,0,0.0,off
2026-09-14T14:53:16,14410.5,65.0,5,4,25.0,28.750,-3.750,0,0.0,off
2026-09-14T14:53:21,14415.5,70.0,5,4,25.0,28.625,-3.625,0,0.0,off
2026-09-14T14:53:26,14420.5,75.0,5,4,25.0,28.562,-3.562,0,0.0,off
2026-09-14T14:53:31,14425.5,80.0,5,4,25.0,28.500,-3.500,0,0.0,off
2026-09-14T14:53:36,14430.5,85.0,5,4,25.0,28.437,-3.437,0,0.0,off
2026-09-14T14:53:41,14435.5,90.0,5,4,25.0,28.312,-3.312,0,0.0,off
2026-09-14T14:53:46,14440.5,95.0,5,4,25.0,28.187,-3.187,0,0.0,off
2026-09-14T14:53:51,14445.5,100.0,5,4,25.0,28.125,-3.125,0,0.0,off
2026-09-14T14:53:56,14450.5,105.0,5,4,25.0,28.000,-3.000,0,0.0,off
2026-09-14T14:54:01,14455.5,110.0,5,4,25.0,27.937,-2.937,0,0.0,off
2026-09-14T14:54:06,14460.5,115.0,5,4,25.0,27.812,-2.812,0,0.0,off
2026-09-14T14:54:11,14465.5,120.0,5,4,25.0,27.750,-2.750,0,0.0,off
2026-09-14T14:54:16,14470.5,125.0,5,4,25.0,27.625,-2.625,0,0.0,off
2026-09-14T14:54:21,14475.5,130.0,5,4,25.0,27.500,-2.500,0,0.0,off
2026-09-14T14:54:26,14480.5,135.0,5,4,25.0,27.437,-2.437,0,0.0,off
2026-09-14T14:54:31,14485.5,140.0,5,4,25.0,27.375,-2.375,0,0.0,off
2026-09-14T14:54:36,14490.5,145.0,5,4,25.0,27.250,-2.250,0,0.0,off
2026-09-14T14:54:41,14495.5,150.0,5,4,25.0,27.187,-2.187,0,0.0,off
2026-09-14T14:54:46,14500.5,155.0,5,4,25.0,27.062,-2.062,0,0.0,off
2026-09-14T14:54:51,14505.5,160.0,5,4,25.0,27.000,-2.000,0,0.0,off
2026-09-14T14:54:56,14510.5,165.0,5,4,25.0,26.875,-1.875,0,0.0,off
2026-09-14T14:55:01,14515.5,170.0,5,4,25.0,26.812,-1.812,0,0.0,off
2026-09-14T14:55:06,14520.5,175.0,5,4,25.0,26.750,-1.750,0,0.0,off
2026-09-14T14:55:11,14525.5,180.0,5,4,25.0,26.625,-1.625,0,0.0,off
2026-09-14T14:55:16,14530.5,185.0,5,4,25.0,26.562,-1.562,0,0.0,off
2026-09-14T14:55:21,14535.5,190.0,5,4,25.0,26.500,-1.500,0,0.0,off
2026-09-14T14:55:26,14540.5,195.0,5,4,25.0,26.375,-1.375,0,0.0,off
2026-09-14T14:55:31,14545.5,200.0,5,4,25.0,26.312,-1.312,0,0.0,off
2026-09-14T14:55:36,14550.5,205.0,5,4,25.0,26.250,-1.250,0,0.0,off
2026-09-14T14:55:41,14555.5,210.0,5,4,25.0,26.125,-1.125,0,0.0,off
2026-09-14T14:55:46,14560.5,215.0,5,4,25.0,26.125,-1.125,0,0.0,off
2026-09-14T14:55:51,14565.5,220.0,5,4,25.0,26.000,-1.000,0,0.0,off
2026-09-14T14:55:56,14570.5,225.0,5,4,25.0,25.937,-0.937,0,0.0,off
2026-09-14T14:56:01,14575.5,230.0,5,4,25.0,25.875,-0.875,0,0.0,off
2026-09-14T14:56:06,14580.5,235.0,5,4,25.0,25.812,-0.812,0,0.0,off
2026-09-14T14:56:11,14585.5,240.0,5,4,25.0,25.750,-0.750,0,0.0,off
2026-09-14T14:56:16,14590.5,245.0,5,4,25.0,25.687,-0.687,0,0.0,off
2026-09-14T14:56:21,14595.5,250.0,5,4,25.0,25.562,-0.562,0,0.0,off
2026-09-14T14:56:26,14600.5,255.0,5,4,25.0,25.500,-0.500,0,0.0,off
2026-09-14T14:56:31,14605.5,260.0,5,4,25.0,25.437,-0.437,0,0.0,off
2026-09-14T14:56:36,14610.5,265.0,5,4,25.0,25.375,-0.375,0,0.0,off
2026-09-14T14:56:41,14615.5,270.0,5,4,25.0,25.312,-0.312,0,0.0,off
2026-09-14T14:56:46,14620.5,275.0,5,4,25.0,25.250,-0.250,1,0.0,off
2026-09-14T14:56:51,14625.5,280.0,5,4,25.0,25.187,-0.187,1,0.0,off
2026-09-14T14:56:56,14630.5,285.0,5,4,25.0,25.125,-0.125,1,0.0,off
2026-09-14T14:57:01,14635.5,290.0,5,4,25.0,25.062,-0.062,1,0.0,off
2026-09-14T14:57:06,14640.5,295.0,5,4,25.0,25.000,0.000,1,32.0,heat
2026-09-14T14:57:11,14645.5,300.0,5,4,25.0,24.937,0.063,1,32.8,heat
2026-09-14T14:57:16,14650.5,305.0,5,4,25.0,24.875,0.125,1,33.5,heat
2026-09-14T14:57:21,14655.5,310.0,5,4,25.0,24.875,0.125,1,33.5,heat
2026-09-14T14:57:26,14660.5,315.0,5,4,25.0,24.812,0.188,1,34.3,heat
2026-09-14T14:57:31,14665.5,320.0,5,4,25.0,24.875,0.125,1,33.5,heat
2026-09-14T14:57:36,14670.5,325.0,5,4,25.0,24.937,0.063,1,32.8,heat
2026-09-14T14:57:41,14675.5,330.0,5,4,25.0,25.062,-0.062,1,0.0,off
2026-09-14T14:57:46,14680.5,0.0,5,5,23.0,25.187,-2.187,0,0.0,off
2026-09-14T14:57:51,14685.5,5.0,5,5,23.0,25.312,-2.312,0,0.0,off
2026-09-14T14:57:56,14690.5,10.0,5,5,23.0,25.500,-2.500,0,0.0,off
2026-09-14T14:58:01,14695.5,15.0,5,5,23.0,25.687,-2.687,0,0.0,off
2026-09-14T14:58:06,14700.5,20.0,5,5,23.0,25.875,-2.875,0,0.0,off
2026-09-14T14:58:11,14705.5,25.0,5,5,23.0,25.937,-2.937,0,0.0,off
2026-09-14T14:58:16,14710.5,30.0,5,5,23.0,26.062,-3.062,0,0.0,off
2026-09-14T14:58:21,14715.5,35.0,5,5,23.0,26.062,-3.062,0,0.0,off
2026-09-14T14:58:26,14720.5,40.0,5,5,23.0,26.125,-3.125,0,0.0,off
2026-09-14T14:58:31,14725.5,45.0,5,5,23.0,26.125,-3.125,0,0.0,off
2026-09-14T14:58:36,14730.5,50.0,5,5,23.0,26.125,-3.125,0,0.0,off
2026-09-14T14:58:41,14735.5,55.0,5,5,23.0,26.062,-3.062,0,0.0,off
2026-09-14T14:58:46,14740.5,60.0,5,5,23.0,26.062,-3.062,0,0.0,off
2026-09-14T14:58:51,14745.5,65.0,5,5,23.0,26.000,-3.000,0,0.0,off
2026-09-14T14:58:56,14750.5,70.0,5,5,23.0,25.937,-2.937,0,0.0,off
2026-09-14T14:59:01,14755.5,75.0,5,5,23.0,25.875,-2.875,0,0.0,off
2026-09-14T14:59:06,14760.5,80.0,5,5,23.0,25.812,-2.812,0,0.0,off
2026-09-14T14:59:11,14765.5,85.0,5,5,23.0,25.812,-2.812,0,0.0,off
2026-09-14T14:59:16,14770.5,90.0,5,5,23.0,25.750,-2.750,0,0.0,off
2026-09-14T14:59:21,14775.5,95.0,5,5,23.0,25.687,-2.687,0,0.0,off
2026-09-14T14:59:26,14780.5,100.0,5,5,23.0,25.562,-2.562,0,0.0,off
2026-09-14T14:59:31,14785.5,105.0,5,5,23.0,25.500,-2.500,0,0.0,off
2026-09-14T14:59:36,14790.5,110.0,5,5,23.0,25.437,-2.437,0,0.0,off
2026-09-14T14:59:41,14795.5,115.0,5,5,23.0,25.437,-2.437,0,0.0,off
2026-09-14T14:59:46,14800.5,120.0,5,5,23.0,25.375,-2.375,0,0.0,off
2026-09-14T14:59:51,14805.5,125.0,5,5,23.0,25.250,-2.250,0,0.0,off
2026-09-14T14:59:56,14810.5,130.0,5,5,23.0,25.250,-2.250,0,0.0,off
2026-09-14T15:00:01,14815.5,135.0,5,5,23.0,25.187,-2.187,0,0.0,off
2026-09-14T15:00:06,14820.5,140.0,5,5,23.0,25.125,-2.125,0,0.0,off
2026-09-14T15:00:11,14825.5,145.0,5,5,23.0,25.000,-2.000,0,0.0,off
2026-09-14T15:00:16,14830.5,150.0,5,5,23.0,24.937,-1.937,0,0.0,off
2026-09-14T15:00:21,14835.5,155.0,5,5,23.0,24.875,-1.875,0,0.0,off
2026-09-14T15:00:26,14840.5,160.0,5,5,23.0,24.875,-1.875,0,0.0,off
2026-09-14T15:00:31,14845.5,165.0,5,5,23.0,24.812,-1.812,0,0.0,off
2026-09-14T15:00:36,14850.5,170.0,5,5,23.0,24.750,-1.750,0,0.0,off
2026-09-14T15:00:41,14855.5,175.0,5,5,23.0,24.687,-1.687,0,0.0,off
2026-09-14T15:00:46,14860.5,180.0,5,5,23.0,24.625,-1.625,0,0.0,off
2026-09-14T15:00:51,14865.5,185.0,5,5,23.0,24.562,-1.562,0,0.0,off
2026-09-14T15:00:56,14870.5,190.0,5,5,23.0,24.500,-1.500,0,0.0,off
2026-09-14T15:01:01,14875.5,195.0,5,5,23.0,24.437,-1.437,0,0.0,off
2026-09-14T15:01:06,14880.5,200.0,5,5,23.0,24.437,-1.437,0,0.0,off
2026-09-14T15:01:11,14885.5,205.0,5,5,23.0,24.375,-1.375,0,0.0,off
2026-09-14T15:01:16,14890.5,210.0,5,5,23.0,24.312,-1.312,0,0.0,off
2026-09-14T15:01:21,14895.5,215.0,5,5,23.0,24.250,-1.250,0,0.0,off
2026-09-14T15:01:26,14900.5,220.0,5,5,23.0,24.187,-1.187,0,0.0,off
2026-09-14T15:01:31,14905.5,225.0,5,5,23.0,24.187,-1.187,0,0.0,off
2026-09-14T15:01:36,14910.5,230.0,5,5,23.0,24.125,-1.125,0,0.0,off
2026-09-14T15:01:41,14915.5,235.0,5,5,23.0,24.062,-1.062,0,0.0,off
2026-09-14T15:01:46,14920.5,240.0,5,5,23.0,24.000,-1.000,0,0.0,off
2026-09-14T15:01:51,14925.5,245.0,5,5,23.0,23.937,-0.937,0,0.0,off
2026-09-14T15:01:56,14930.5,250.0,5,5,23.0,23.937,-0.937,0,0.0,off
2026-09-14T15:02:01,14935.5,255.0,5,5,23.0,23.875,-0.875,0,0.0,off
2026-09-14T15:02:06,14940.5,260.0,5,5,23.0,23.812,-0.812,0,0.0,off
2026-09-14T15:02:11,14945.5,265.0,5,5,23.0,23.812,-0.812,0,0.0,off
2026-09-14T15:02:16,14950.5,270.0,5,5,23.0,23.750,-0.750,0,0.0,off
2026-09-14T15:02:21,14955.5,275.0,5,5,23.0,23.687,-0.687,0,0.0,off
2026-09-14T15:02:26,14960.5,280.0,5,5,23.0,23.625,-0.625,0,0.0,off
2026-09-14T15:02:31,14965.5,285.0,5,5,23.0,23.625,-0.625,0,0.0,off
2026-09-14T15:02:36,14970.5,290.0,5,5,23.0,23.562,-0.562,0,0.0,off
2026-09-14T15:02:41,14975.5,295.0,5,5,23.0,23.562,-0.562,0,0.0,off
2026-09-14T15:02:46,14980.5,300.0,5,5,23.0,23.437,-0.437,0,0.0,off
2026-09-14T15:02:51,14985.5,305.0,5,5,23.0,23.437,-0.437,0,0.0,off
2026-09-14T15:02:56,14990.5,310.0,5,5,23.0,23.375,-0.375,0,0.0,off
2026-09-14T15:03:01,14995.5,315.0,5,5,23.0,23.375,-0.375,0,0.0,off
2026-09-14T15:03:06,15000.5,320.0,5,5,23.0,23.312,-0.312,0,0.0,off
2026-09-14T15:03:11,15005.5,325.0,5,5,23.0,23.312,-0.312,0,0.0,off
2026-09-14T15:03:16,15010.5,330.0,5,5,23.0,23.250,-0.250,1,0.0,off
2026-09-14T15:03:21,15015.5,335.0,5,5,23.0,23.187,-0.187,1,0.0,off
2026-09-14T15:03:26,15020.5,340.0,5,5,23.0,23.187,-0.187,1,0.0,off
2026-09-14T15:03:31,15025.5,345.0,5,5,23.0,23.125,-0.125,1,0.0,off
2026-09-14T15:03:36,15030.5,350.0,5,5,23.0,23.125,-0.125,1,0.0,off
2026-09-14T15:03:41,15035.5,355.0,5,5,23.0,23.062,-0.062,1,0.0,off
2026-09-14T15:03:46,15040.5,360.0,5,5,23.0,23.062,-0.062,1,0.0,off
2026-09-14T15:03:51,15045.5,365.0,5,5,23.0,23.000,0.000,1,16.0,heat
2026-09-14T15:03:56,15050.5,370.0,5,5,23.0,22.937,0.063,1,16.8,heat
2026-09-14T15:04:01,15055.5,375.0,5,5,23.0,22.937,0.063,1,16.8,heat
2026-09-14T15:04:06,15060.5,380.0,5,5,23.0,22.875,0.125,1,17.5,heat
2026-09-14T15:04:11,15065.5,385.0,5,5,23.0,22.875,0.125,1,17.5,heat
2026-09-14T15:04:16,15070.5,0.0,6,0,21.0,22.875,-1.875,0,0.0,off
2026-09-14T15:04:21,15075.5,5.0,6,0,21.0,22.937,-1.937,0,0.0,off
2026-09-14T15:04:26,15080.5,10.0,6,0,21.0,23.000,-2.000,0,0.0,off
2026-09-14T15:04:31,15085.5,15.0,6,0,21.0,23.062,-2.062,0,0.0,off
2026-09-14T15:04:36,15090.5,20.0,6,0,21.0,23.125,-2.125,0,0.0,off
2026-09-14T15:04:41,15095.5,25.0,6,0,21.0,23.187,-2.187,0,0.0,off
2026-09-14T15:04:46,15100.5,30.0,6,0,21.0,23.187,-2.187,0,0.0,off
2026-09-14T15:04:51,15105.5,35.0,6,0,21.0,23.250,-2.250,0,0.0,off
2026-09-14T15:04:56,15110.5,40.0,6,0,21.0,23.312,-2.312,0,0.0,off
2026-09-14T15:05:01,15115.5,45.0,6,0,21.0,23.250,-2.250,0,0.0,off
2026-09-14T15:05:06,15120.5,50.0,6,0,21.0,23.312,-2.312,0,0.0,off
2026-09-14T15:05:11,15125.5,55.0,6,0,21.0,23.250,-2.250,0,0.0,off
2026-09-14T15:05:16,15130.5,60.0,6,0,21.0,23.250,-2.250,0,0.0,off
2026-09-14T15:05:21,15135.5,65.0,6,0,21.0,23.250,-2.250,0,0.0,off
2026-09-14T15:05:26,15140.5,70.0,6,0,21.0,23.187,-2.187,0,0.0,off
2026-09-14T15:05:31,15145.5,75.0,6,0,21.0,23.187,-2.187,0,0.0,off
2026-09-14T15:05:36,15150.5,80.0,6,0,21.0,23.125,-2.125,0,0.0,off
2026-09-14T15:05:41,15155.5,85.0,6,0,21.0,23.125,-2.125,0,0.0,off
2026-09-14T15:05:46,15160.5,90.0,6,0,21.0,23.125,-2.125,0,0.0,off
2026-09-14T15:05:51,15165.5,95.0,6,0,21.0,23.062,-2.062,0,0.0,off
2026-09-14T15:05:56,15170.5,100.0,6,0,21.0,23.000,-2.000,0,0.0,off
2026-09-14T15:06:01,15175.5,105.0,6,0,21.0,23.000,-2.000,0,0.0,off
2026-09-14T15:06:06,15180.5,110.0,6,0,21.0,23.000,-2.000,0,0.0,off
2026-09-14T15:06:11,15185.5,115.0,6,0,21.0,22.875,-1.875,0,0.0,off
2026-09-14T15:06:16,15190.5,120.0,6,0,21.0,22.875,-1.875,0,0.0,off
2026-09-14T15:06:21,15195.5,125.0,6,0,21.0,22.875,-1.875,0,0.0,off
2026-09-14T15:06:26,15200.5,130.0,6,0,21.0,22.812,-1.812,0,0.0,off
2026-09-14T15:06:31,15205.5,135.0,6,0,21.0,22.750,-1.750,0,0.0,off
2026-09-14T15:06:36,15210.5,140.0,6,0,21.0,22.750,-1.750,0,0.0,off
2026-09-14T15:06:41,15215.5,145.0,6,0,21.0,22.750,-1.750,0,0.0,off
2026-09-14T15:06:46,15220.5,150.0,6,0,21.0,22.687,-1.687,0,0.0,off
2026-09-14T15:06:51,15225.5,155.0,6,0,21.0,22.687,-1.687,0,0.0,off
2026-09-14T15:06:56,15230.5,160.0,6,0,21.0,22.625,-1.625,0,0.0,off
2026-09-14T15:07:01,15235.5,165.0,6,0,21.0,22.562,-1.562,0,0.0,off
2026-09-14T15:07:06,15240.5,170.0,6,0,21.0,22.562,-1.562,0,0.0,off
2026-09-14T15:07:11,15245.5,175.0,6,0,21.0,22.500,-1.500,0,0.0,off
2026-09-14T15:07:16,15250.5,180.0,6,0,21.0,22.500,-1.500,0,0.0,off
2026-09-14T15:07:21,15255.5,185.0,6,0,21.0,22.437,-1.437,0,0.0,off
2026-09-14T15:07:26,15260.5,190.0,6,0,21.0,22.437,-1.437,0,0.0,off
2026-09-14T15:07:31,15265.5,195.0,6,0,21.0,22.375,-1.375,0,0.0,off
2026-09-14T15:07:36,15270.5,200.0,6,0,21.0,22.375,-1.375,0,0.0,off
2026-09-14T15:07:41,15275.5,205.0,6,0,21.0,22.312,-1.312,0,0.0,off
2026-09-14T15:07:46,15280.5,210.0,6,0,21.0,22.312,-1.312,0,0.0,off
2026-09-14T15:07:51,15285.5,215.0,6,0,21.0,22.250,-1.250,0,0.0,off
2026-09-14T15:07:56,15290.5,220.0,6,0,21.0,22.250,-1.250,0,0.0,off
2026-09-14T15:08:01,15295.5,225.0,6,0,21.0,22.250,-1.250,0,0.0,off
2026-09-14T15:08:06,15300.5,230.0,6,0,21.0,22.187,-1.187,0,0.0,off
2026-09-14T15:08:11,15305.5,235.0,6,0,21.0,22.187,-1.187,0,0.0,off
2026-09-14T15:08:16,15310.5,240.0,6,0,21.0,22.125,-1.125,0,0.0,off
2026-09-14T15:08:21,15315.5,245.0,6,0,21.0,22.125,-1.125,0,0.0,off
2026-09-14T15:08:26,15320.5,250.0,6,0,21.0,22.125,-1.125,0,0.0,off
2026-09-14T15:08:31,15325.5,255.0,6,0,21.0,22.062,-1.062,0,0.0,off
2026-09-14T15:08:36,15330.5,260.0,6,0,21.0,22.062,-1.062,0,0.0,off
2026-09-14T15:08:41,15335.5,265.0,6,0,21.0,22.000,-1.000,0,0.0,off
2026-09-14T15:08:46,15340.5,270.0,6,0,21.0,22.000,-1.000,0,0.0,off
2026-09-14T15:08:51,15345.5,275.0,6,0,21.0,21.937,-0.937,0,0.0,off
2026-09-14T15:08:56,15350.5,280.0,6,0,21.0,21.937,-0.937,0,0.0,off
2026-09-14T15:09:01,15355.5,285.0,6,0,21.0,21.937,-0.937,0,0.0,off
2026-09-14T15:09:06,15360.5,290.0,6,0,21.0,21.875,-0.875,0,0.0,off
2026-09-14T15:09:11,15365.5,295.0,6,0,21.0,21.875,-0.875,0,0.0,off
2026-09-14T15:09:16,15370.5,300.0,6,0,21.0,21.812,-0.812,0,0.0,off
2026-09-14T15:09:21,15375.5,305.0,6,0,21.0,21.812,-0.812,0,0.0,off
2026-09-14T15:09:26,15380.5,310.0,6,0,21.0,21.812,-0.812,0,0.0,off
2026-09-14T15:09:31,15385.5,315.0,6,0,21.0,21.750,-0.750,0,0.0,off
2026-09-14T15:09:36,15390.5,320.0,6,0,21.0,21.750,-0.750,0,0.0,off
2026-09-14T15:09:41,15395.5,325.0,6,0,21.0,21.687,-0.687,0,0.0,off
2026-09-14T15:09:46,15400.5,330.0,6,0,21.0,21.687,-0.687,0,0.0,off
2026-09-14T15:09:51,15405.5,335.0,6,0,21.0,21.687,-0.687,0,0.0,off
2026-09-14T15:09:56,15410.5,340.0,6,0,21.0,21.625,-0.625,0,0.0,off
2026-09-14T15:10:01,15415.5,345.0,6,0,21.0,21.625,-0.625,0,0.0,off
2026-09-14T15:10:06,15420.5,350.0,6,0,21.0,21.625,-0.625,0,0.0,off
2026-09-14T15:10:11,15425.5,355.0,6,0,21.0,21.625,-0.625,0,0.0,off
2026-09-14T15:10:16,15430.5,360.0,6,0,21.0,21.562,-0.562,0,0.0,off
2026-09-14T15:10:21,15435.5,365.0,6,0,21.0,21.562,-0.562,0,0.0,off
2026-09-14T15:10:26,15440.5,370.0,6,0,21.0,21.562,-0.562,0,0.0,off
2026-09-14T15:10:31,15445.5,375.0,6,0,21.0,21.562,-0.562,0,0.0,off
2026-09-14T15:10:36,15450.5,380.0,6,0,21.0,21.562,-0.562,0,0.0,off
2026-09-14T15:10:41,15455.5,385.0,6,0,21.0,21.500,-0.500,0,0.0,off
2026-09-14T15:10:46,15460.5,390.0,6,0,21.0,21.500,-0.500,0,0.0,off
2026-09-14T15:10:51,15465.5,395.0,6,0,21.0,21.500,-0.500,0,0.0,off
2026-09-14T15:10:56,15470.5,400.0,6,0,21.0,21.437,-0.437,0,0.0,off
2026-09-14T15:11:01,15475.5,405.0,6,0,21.0,21.500,-0.500,0,0.0,off
2026-09-14T15:11:06,15480.5,410.0,6,0,21.0,21.437,-0.437,0,0.0,off
2026-09-14T15:11:11,15485.5,415.0,6,0,21.0,21.500,-0.500,0,0.0,off
2026-09-14T15:11:16,15490.5,420.0,6,0,21.0,21.437,-0.437,0,0.0,off
2026-09-14T15:11:21,15495.5,425.0,6,0,21.0,21.437,-0.437,0,0.0,off
2026-09-14T15:11:26,15500.5,430.0,6,0,21.0,21.437,-0.437,0,0.0,off
2026-09-14T15:11:31,15505.5,435.0,6,0,21.0,21.437,-0.437,0,0.0,off
2026-09-14T15:11:36,15510.5,440.0,6,0,21.0,21.437,-0.437,0,0.0,off
2026-09-14T15:11:41,15515.5,445.0,6,0,21.0,21.437,-0.437,0,0.0,off
2026-09-14T15:11:46,15520.5,450.0,6,0,21.0,21.375,-0.375,0,0.0,off
2026-09-14T15:11:51,15525.5,455.0,6,0,21.0,21.375,-0.375,0,0.0,off
2026-09-14T15:11:56,15530.5,460.0,6,0,21.0,21.375,-0.375,0,0.0,off
2026-09-14T15:12:01,15535.5,465.0,6,0,21.0,21.375,-0.375,0,0.0,off
2026-09-14T15:12:06,15540.5,470.0,6,0,21.0,21.375,-0.375,0,0.0,off
2026-09-14T15:12:11,15545.5,475.0,6,0,21.0,21.375,-0.375,0,0.0,off
2026-09-14T15:12:16,15550.5,480.0,6,0,21.0,21.375,-0.375,0,0.0,off
2026-09-14T15:12:21,15555.5,485.0,6,0,21.0,21.375,-0.375,0,0.0,off
2026-09-14T15:12:26,15560.5,490.0,6,0,21.0,21.375,-0.375,0,0.0,off
2026-09-14T15:12:31,15565.5,495.0,6,0,21.0,21.375,-0.375,0,0.0,off
2026-09-14T15:12:36,15570.5,500.0,6,0,21.0,21.375,-0.375,0,0.0,off
2026-09-14T15:12:41,15575.5,505.0,6,0,21.0,21.375,-0.375,0,0.0,off
2026-09-14T15:12:46,15580.5,510.0,6,0,21.0,21.375,-0.375,0,0.0,off
2026-09-14T15:12:51,15585.5,515.0,6,0,21.0,21.375,-0.375,0,0.0,off
2026-09-14T15:12:56,15590.5,520.0,6,0,21.0,21.375,-0.375,0,0.0,off
2026-09-14T15:13:01,15595.5,525.0,6,0,21.0,21.375,-0.375,0,0.0,off
2026-09-14T15:13:06,15600.5,530.0,6,0,21.0,21.375,-0.375,0,0.0,off
2026-09-14T15:13:11,15605.5,535.0,6,0,21.0,21.375,-0.375,0,0.0,off
2026-09-14T15:13:16,15610.5,540.0,6,0,21.0,21.375,-0.375,0,0.0,off
2026-09-14T15:13:21,15615.5,545.0,6,0,21.0,21.375,-0.375,0,0.0,off
2026-09-14T15:13:26,15620.5,550.0,6,0,21.0,21.375,-0.375,0,0.0,off
2026-09-14T15:13:31,15625.5,555.0,6,0,21.0,21.375,-0.375,0,0.0,off
2026-09-14T15:13:36,15630.5,560.0,6,0,21.0,21.375,-0.375,0,0.0,off
2026-09-14T15:13:41,15635.5,565.0,6,0,21.0,21.375,-0.375,0,0.0,off
2026-09-14T15:13:46,15640.5,570.0,6,0,21.0,21.375,-0.375,0,0.0,off
2026-09-14T15:13:51,15645.5,575.0,6,0,21.0,21.437,-0.437,0,0.0,off
2026-09-14T15:13:56,15650.5,580.0,6,0,21.0,21.375,-0.375,0,0.0,off
2026-09-14T15:14:01,15655.5,585.0,6,0,21.0,21.437,-0.437,0,0.0,off
2026-09-14T15:14:06,15660.5,590.0,6,0,21.0,21.437,-0.437,0,0.0,off
2026-09-14T15:14:11,15665.5,595.0,6,0,21.0,21.437,-0.437,0,0.0,off
2026-09-14T15:14:16,15670.5,600.0,6,0,21.0,21.437,-0.437,0,0.0,off
2026-09-14T15:14:21,15675.5,605.0,6,0,21.0,21.437,-0.437,0,0.0,off
2026-09-14T15:14:26,15680.5,610.0,6,0,21.0,21.437,-0.437,0,0.0,off
2026-09-14T15:14:31,15685.5,615.0,6,0,21.0,21.437,-0.437,0,0.0,off
2026-09-14T15:14:36,15690.5,620.0,6,0,21.0,21.500,-0.500,0,0.0,off
2026-09-14T15:14:41,15695.5,625.0,6,0,21.0,21.437,-0.437,0,0.0,off
2026-09-14T15:14:46,15700.5,630.0,6,0,21.0,21.500,-0.500,0,0.0,off
2026-09-14T15:14:51,15705.5,635.0,6,0,21.0,21.500,-0.500,0,0.0,off
2026-09-14T15:14:56,15710.5,640.0,6,0,21.0,21.500,-0.500,0,0.0,off
2026-09-14T15:15:01,15715.5,645.0,6,0,21.0,21.500,-0.500,0,0.0,off
2026-09-14T15:15:06,15720.5,650.0,6,0,21.0,21.500,-0.500,0,0.0,off
2026-09-14T15:15:11,15725.5,655.0,6,0,21.0,21.500,-0.500,0,0.0,off
2026-09-14T15:15:16,15730.5,660.0,6,0,21.0,21.500,-0.500,0,0.0,off
2026-09-14T15:15:21,15735.5,665.0,6,0,21.0,21.500,-0.500,0,0.0,off
2026-09-14T15:15:26,15740.5,670.0,6,0,21.0,21.500,-0.500,0,0.0,off
2026-09-14T15:15:31,15745.5,675.0,6,0,21.0,21.500,-0.500,0,0.0,off
2026-09-14T15:15:36,15750.5,680.0,6,0,21.0,21.500,-0.500,0,0.0,off
2026-09-14T15:15:41,15755.5,685.0,6,0,21.0,21.562,-0.562,0,0.0,off
2026-09-14T15:15:46,15760.5,690.0,6,0,21.0,21.500,-0.500,0,0.0,off
2026-09-14T15:15:51,15765.5,695.0,6,0,21.0,21.500,-0.500,0,0.0,off
2026-09-14T15:15:56,15770.5,700.0,6,0,21.0,21.562,-0.562,0,0.0,off
2026-09-14T15:16:01,15775.5,705.0,6,0,21.0,21.562,-0.562,0,0.0,off
2026-09-14T15:16:06,15780.5,710.0,6,0,21.0,21.562,-0.562,0,0.0,off
2026-09-14T15:16:11,15785.5,715.0,6,0,21.0,21.562,-0.562,0,0.0,off
2026-09-14T15:16:16,15790.5,720.0,6,0,21.0,21.562,-0.562,0,0.0,off
2026-09-14T15:16:21,15795.5,725.0,6,0,21.0,21.562,-0.562,0,0.0,off
2026-09-14T15:16:26,15800.5,730.0,6,0,21.0,21.562,-0.562,0,0.0,off
2026-09-14T15:16:31,15805.5,735.0,6,0,21.0,21.562,-0.562,0,0.0,off
2026-09-14T15:16:36,15810.5,740.0,6,0,21.0,21.562,-0.562,0,0.0,off
2026-09-14T15:16:41,15815.5,745.0,6,0,21.0,21.562,-0.562,0,0.0,off
2026-09-14T15:16:46,15820.5,750.0,6,0,21.0,21.562,-0.562,0,0.0,off
2026-09-14T15:16:51,15825.5,755.0,6,0,21.0,21.562,-0.562,0,0.0,off
2026-09-14T15:16:56,15830.5,760.0,6,0,21.0,21.562,-0.562,0,0.0,off
2026-09-14T15:17:01,15835.5,765.0,6,0,21.0,21.562,-0.562,0,0.0,off
2026-09-14T15:17:06,15840.5,770.0,6,0,21.0,21.562,-0.562,0,0.0,off
2026-09-14T15:17:11,15845.5,775.0,6,0,21.0,21.562,-0.562,0,0.0,off
2026-09-14T15:17:16,15850.5,780.0,6,0,21.0,21.562,-0.562,0,0.0,off
2026-09-14T15:17:21,15855.5,785.0,6,0,21.0,21.562,-0.562,0,0.0,off
2026-09-14T15:17:26,15860.5,790.0,6,0,21.0,21.562,-0.562,0,0.0,off
2026-09-14T15:17:31,15865.5,795.0,6,0,21.0,21.562,-0.562,0,0.0,off
2026-09-14T15:17:36,15870.5,800.0,6,0,21.0,21.500,-0.500,0,0.0,off
2026-09-14T15:17:41,15875.5,805.0,6,0,21.0,21.562,-0.562,0,0.0,off
2026-09-14T15:17:46,15880.5,810.0,6,0,21.0,21.500,-0.500,0,0.0,off
2026-09-14T15:17:51,15885.5,815.0,6,0,21.0,21.562,-0.562,0,0.0,off
2026-09-14T15:17:56,15890.5,820.0,6,0,21.0,21.500,-0.500,0,0.0,off
2026-09-14T15:18:01,15895.5,825.0,6,0,21.0,21.500,-0.500,0,0.0,off
2026-09-14T15:18:06,15900.5,830.0,6,0,21.0,21.500,-0.500,0,0.0,off
2026-09-14T15:18:11,15905.5,835.0,6,0,21.0,21.500,-0.500,0,0.0,off
2026-09-14T15:18:16,15910.5,840.0,6,0,21.0,21.500,-0.500,0,0.0,off
2026-09-14T15:18:21,15915.5,845.0,6,0,21.0,21.500,-0.500,0,0.0,off
2026-09-14T15:18:26,15920.5,850.0,6,0,21.0,21.500,-0.500,0,0.0,off
2026-09-14T15:18:31,15925.5,855.0,6,0,21.0,21.500,-0.500,0,0.0,off
2026-09-14T15:18:36,15930.5,860.0,6,0,21.0,21.500,-0.500,0,0.0,off
2026-09-14T15:18:41,15935.5,865.0,6,0,21.0,21.437,-0.437,0,0.0,off
2026-09-14T15:18:46,15940.5,870.0,6,0,21.0,21.437,-0.437,0,0.0,off
2026-09-14T15:18:51,15945.5,875.0,6,0,21.0,21.437,-0.437,0,0.0,off
2026-09-14T15:18:56,15950.5,880.0,6,0,21.0,21.437,-0.437,0,0.0,off
2026-09-14T15:19:01,15955.5,885.0,6,0,21.0,21.437,-0.437,0,0.0,off
2026-09-14T15:19:06,15960.5,890.0,6,0,21.0,21.500,-0.500,0,0.0,off
2026-09-14T15:19:11,15965.5,895.0,6,0,21.0,21.437,-0.437,0,0.0,off
2026-09-14T15:19:16,15970.5,900.0,6,0,21.0,21.437,-0.437,0,0.0,off
2026-09-14T15:19:21,15975.5,905.0,6,0,21.0,21.437,-0.437,0,0.0,off
2026-09-14T15:19:26,15980.5,910.0,6,0,21.0,21.437,-0.437,0,0.0,off
2026-09-14T15:19:31,15985.5,915.0,6,0,21.0,21.437,-0.437,0,0.0,off
2026-09-14T15:19:36,15990.5,920.0,6,0,21.0,21.437,-0.437,0,0.0,off
2026-09-14T15:19:41,15995.5,925.0,6,0,21.0,21.437,-0.437,0,0.0,off
2026-09-14T15:19:46,16000.5,930.0,6,0,21.0,21.375,-0.375,0,0.0,off
2026-09-14T15:19:51,16005.5,935.0,6,0,21.0,21.375,-0.375,0,0.0,off
2026-09-14T15:19:56,16010.5,940.0,6,0,21.0,21.375,-0.375,0,0.0,off
2026-09-14T15:20:01,16015.5,945.0,6,0,21.0,21.375,-0.375,0,0.0,off
2026-09-14T15:20:06,16020.5,950.0,6,0,21.0,21.375,-0.375,0,0.0,off
2026-09-14T15:20:11,16025.5,955.0,6,0,21.0,21.375,-0.375,0,0.0,off
2026-09-14T15:20:16,16030.5,960.0,6,0,21.0,21.375,-0.375,0,0.0,off
2026-09-14T15:20:21,16035.5,965.0,6,0,21.0,21.375,-0.375,0,0.0,off
2026-09-14T15:20:26,16040.5,970.0,6,0,21.0,21.312,-0.312,0,0.0,off
2026-09-14T15:20:31,16045.5,975.0,6,0,21.0,21.312,-0.312,0,0.0,off
2026-09-14T15:20:36,16050.5,980.0,6,0,21.0,21.312,-0.312,0,0.0,off
2026-09-14T15:20:41,16055.5,985.0,6,0,21.0,21.312,-0.312,0,0.0,off
2026-09-14T15:20:46,16060.5,990.0,6,0,21.0,21.312,-0.312,0,0.0,off
2026-09-14T15:20:51,16065.5,995.0,6,0,21.0,21.312,-0.312,0,0.0,off
2026-09-14T15:20:56,16070.5,1000.0,6,0,21.0,21.312,-0.312,0,0.0,off
2026-09-14T15:21:01,16075.5,1005.0,6,0,21.0,21.250,-0.250,1,0.0,off
2026-09-14T15:21:06,16080.5,1010.0,6,0,21.0,21.250,-0.250,1,0.0,off
2026-09-14T15:21:11,16085.5,1015.0,6,0,21.0,21.250,-0.250,1,0.0,off
2026-09-14T15:21:16,16090.5,1020.0,6,0,21.0,21.250,-0.250,1,0.0,off
2026-09-14T15:21:21,16095.5,1025.0,6,0,21.0,21.250,-0.250,1,0.0,off
2026-09-14T15:21:26,16100.5,1030.0,6,0,21.0,21.250,-0.250,1,0.0,off
2026-09-14T15:21:31,16105.5,1035.0,6,0,21.0,21.250,-0.250,1,0.0,off
2026-09-14T15:21:36,16110.5,1040.0,6,0,21.0,21.250,-0.250,1,0.0,off
2026-09-14T15:21:41,16115.5,1045.0,6,0,21.0,21.187,-0.187,1,0.0,off
2026-09-14T15:21:46,16120.5,1050.0,6,0,21.0,21.187,-0.187,1,0.0,off
2026-09-14T15:21:51,16125.5,1055.0,6,0,21.0,21.187,-0.187,1,0.0,off
2026-09-14T15:21:56,16130.5,1060.0,6,0,21.0,21.187,-0.187,1,0.0,off
2026-09-14T15:22:01,16135.5,0.0,6,1,23.0,21.187,1.813,0,37.9,heat
2026-09-14T15:22:06,16140.5,5.0,6,1,23.0,21.125,1.875,0,38.8,heat
2026-09-14T15:22:11,16145.5,10.0,6,1,23.0,21.187,1.813,0,38.2,heat
2026-09-14T15:22:16,16150.5,15.0,6,1,23.0,21.187,1.813,0,38.3,heat
2026-09-14T15:22:21,16155.5,20.0,6,1,23.0,21.250,1.750,0,37.7,heat
2026-09-14T15:22:26,16160.5,25.0,6,1,23.0,21.312,1.688,0,37.1,heat
2026-09-14T15:22:31,16165.5,30.0,6,1,23.0,21.437,1.563,0,35.7,heat
2026-09-14T15:22:36,16170.5,35.0,6,1,23.0,21.625,1.375,0,33.5,heat
2026-09-14T15:22:41,16175.5,40.0,6,1,23.0,21.875,1.125,0,30.6,heat
2026-09-14T15:22:46,16180.5,45.0,6,1,23.0,22.062,0.938,0,28.4,heat
2026-09-14T15:22:51,16185.5,50.0,6,1,23.0,22.375,0.625,0,24.7,heat
2026-09-14T15:22:56,16190.5,55.0,6,1,23.0,22.625,0.375,0,21.8,heat
2026-09-14T15:23:01,16195.5,60.0,6,1,23.0,22.937,0.063,1,18.0,heat
2026-09-14T15:23:06,16200.5,65.0,6,1,23.0,23.250,-0.250,1,0.0,off
2026-09-14T15:23:11,16205.5,70.0,6,1,23.0,23.500,-0.500,0,0.0,off
2026-09-14T15:23:16,16210.5,75.0,6,1,23.0,23.750,-0.750,0,0.0,off
2026-09-14T15:23:21,16215.5,80.0,6,1,23.0,24.000,-1.000,0,0.0,off
2026-09-14T15:23:26,16220.5,85.0,6,1,23.0,24.250,-1.250,0,0.0,off
2026-09-14T15:23:31,16225.5,90.0,6,1,23.0,24.375,-1.375,0,0.0,off
2026-09-14T15:23:36,16230.5,95.0,6,1,23.0,24.500,-1.500,0,0.0,off
2026-09-14T15:23:41,16235.5,100.0,6,1,23.0,24.625,-1.625,0,0.0,off
2026-09-14T15:23:46,16240.5,105.0,6,1,23.0,24.687,-1.687,0,0.0,off
2026-09-14T15:23:51,16245.5,110.0,6,1,23.0,24.687,-1.687,0,0.0,off
2026-09-14T15:23:56,16250.5,115.0,6,1,23.0,24.750,-1.750,0,0.0,off
2026-09-14T15:24:01,16255.5,120.0,6,1,23.0,24.687,-1.687,0,0.0,off
2026-09-14T15:24:06,16260.5,125.0,6,1,23.0,24.687,-1.687,0,0.0,off
2026-09-14T15:24:11,16265.5,130.0,6,1,23.0,24.687,-1.687,0,0.0,off
2026-09-14T15:24:16,16270.5,135.0,6,1,23.0,24.687,-1.687,0,0.0,off
2026-09-14T15:24:21,16275.5,140.0,6,1,23.0,24.625,-1.625,0,0.0,off
2026-09-14T15:24:26,16280.5,145.0,6,1,23.0,24.625,-1.625,0,0.0,off
2026-09-14T15:24:31,16285.5,150.0,6,1,23.0,24.562,-1.562,0,0.0,off
2026-09-14T15:24:36,16290.5,155.0,6,1,23.0,24.500,-1.500,0,0.0,off
2026-09-14T15:24:41,16295.5,160.0,6,1,23.0,24.437,-1.437,0,0.0,off
2026-09-14T15:24:46,16300.5,165.0,6,1,23.0,24.437,-1.437,0,0.0,off
2026-09-14T15:24:51,16305.5,170.0,6,1,23.0,24.375,-1.375,0,0.0,off
2026-09-14T15:24:56,16310.5,175.0,6,1,23.0,24.312,-1.312,0,0.0,off
2026-09-14T15:25:01,16315.5,180.0,6,1,23.0,24.250,-1.250,0,0.0,off
2026-09-14T15:25:06,16320.5,185.0,6,1,23.0,24.250,-1.250,0,0.0,off
2026-09-14T15:25:11,16325.5,190.0,6,1,23.0,24.125,-1.125,0,0.0,off
2026-09-14T15:25:16,16330.5,195.0,6,1,23.0,24.125,-1.125,0,0.0,off
2026-09-14T15:25:21,16335.5,200.0,6,1,23.0,24.062,-1.062,0,0.0,off
2026-09-14T15:25:26,16340.5,205.0,6,1,23.0,24.000,-1.000,0,0.0,off
2026-09-14T15:25:31,16345.5,210.0,6,1,23.0,24.000,-1.000,0,0.0,off
2026-09-14T15:25:36,16350.5,215.0,6,1,23.0,23.937,-0.937,0,0.0,off
2026-09-14T15:25:41,16355.5,220.0,6,1,23.0,23.937,-0.937,0,0.0,off
2026-09-14T15:25:46,16360.5,225.0,6,1,23.0,23.812,-0.812,0,0.0,off
2026-09-14T15:25:51,16365.5,230.0,6,1,23.0,23.750,-0.750,0,0.0,off
2026-09-14T15:25:56,16370.5,235.0,6,1,23.0,23.750,-0.750,0,0.0,off
2026-09-14T15:26:01,16375.5,240.0,6,1,23.0,23.687,-0.687,0,0.0,off
2026-09-14T15:26:06,16380.5,245.0,6,1,23.0,23.625,-0.625,0,0.0,off
2026-09-14T15:26:11,16385.5,250.0,6,1,23.0,23.562,-0.562,0,0.0,off
2026-09-14T15:26:16,16390.5,255.0,6,1,23.0,23.500,-0.500,0,0.0,off
2026-09-14T15:26:21,16395.5,260.0,6,1,23.0,23.500,-0.500,0,0.0,off
2026-09-14T15:26:26,16400.5,265.0,6,1,23.0,23.437,-0.437,0,0.0,off
2026-09-14T15:26:31,16405.5,270.0,6,1,23.0,23.437,-0.437,0,0.0,off
2026-09-14T15:26:36,16410.5,275.0,6,1,23.0,23.375,-0.375,0,0.0,off
2026-09-14T15:26:41,16415.5,280.0,6,1,23.0,23.312,-0.312,0,0.0,off
2026-09-14T15:26:46,16420.5,285.0,6,1,23.0,23.250,-0.250,1,0.0,off
2026-09-14T15:26:51,16425.5,290.0,6,1,23.0,23.250,-0.250,1,0.0,off
2026-09-14T15:26:56,16430.5,295.0,6,1,23.0,23.187,-0.187,1,0.0,off
2026-09-14T15:27:01,16435.5,300.0,6,1,23.0,23.125,-0.125,1,0.0,off
2026-09-14T15:27:06,16440.5,305.0,6,1,23.0,23.125,-0.125,1,0.0,off
2026-09-14T15:27:11,16445.5,310.0,6,1,23.0,23.062,-0.062,1,0.0,off
2026-09-14T15:27:16,16450.5,315.0,6,1,23.0,23.062,-0.062,1,0.0,off
2026-09-14T15:27:21,16455.5,320.0,6,1,23.0,23.000,0.000,1,17.3,heat
2026-09-14T15:27:26,16460.5,325.0,6,1,23.0,22.937,0.063,1,18.0,heat
2026-09-14T15:27:31,16465.5,330.0,6,1,23.0,22.937,0.063,1,18.0,heat
2026-09-14T15:27:36,16470.5,335.0,6,1,23.0,22.875,0.125,1,18.8,heat
2026-09-14T15:27:41,16475.6,340.0,6,1,23.0,22.875,0.125,1,18.8,heat
2026-09-14T15:27:46,16480.6,0.0,6,2,25.0,22.875,2.125,0,57.7,heat
2026-09-14T15:27:51,16485.6,5.0,6,2,25.0,22.937,2.063,0,57.1,heat
2026-09-14T15:27:56,16490.6,10.0,6,2,25.0,23.000,2.000,0,56.5,heat
2026-09-14T15:28:01,16495.6,15.0,6,2,25.0,23.062,1.938,0,55.9,heat
2026-09-14T15:28:06,16500.6,20.0,6,2,25.0,23.250,1.750,0,53.7,heat
2026-09-14T15:28:11,16505.6,25.0,6,2,25.0,23.437,1.563,0,51.6,heat
2026-09-14T15:28:16,16510.6,30.0,6,2,25.0,23.687,1.313,0,48.7,heat
2026-09-14T15:28:21,16515.6,35.0,6,2,25.0,24.000,1.000,0,45.0,heat
2026-09-14T15:28:26,16520.6,40.0,6,2,25.0,24.312,0.688,0,41.3,heat
2026-09-14T15:28:31,16525.6,45.0,6,2,25.0,24.687,0.313,0,36.9,heat
2026-09-14T15:28:36,16530.6,50.0,6,2,25.0,25.062,-0.062,1,0.0,off
2026-09-14T15:28:41,16535.6,55.0,6,2,25.0,25.437,-0.437,0,0.0,off
2026-09-14T15:28:46,16540.6,60.0,6,2,25.0,25.812,-0.812,0,0.0,off
2026-09-14T15:28:51,16545.6,65.0,6,2,25.0,26.187,-1.187,0,0.0,off
2026-09-14T15:28:56,16550.6,70.0,6,2,25.0,26.437,-1.437,0,0.0,off
2026-09-14T15:29:01,16555.6,75.0,6,2,25.0,26.750,-1.750,0,0.0,off
2026-09-14T15:29:06,16560.6,80.0,6,2,25.0,26.937,-1.937,0,0.0,off
2026-09-14T15:29:11,16565.6,85.0,6,2,25.0,27.062,-2.062,0,0.0,off
2026-09-14T15:29:16,16570.6,90.0,6,2,25.0,27.187,-2.187,0,0.0,off
2026-09-14T15:29:21,16575.6,95.0,6,2,25.0,27.187,-2.187,0,0.0,off
2026-09-14T15:29:26,16580.6,100.0,6,2,25.0,27.250,-2.250,0,0.0,off
2026-09-14T15:29:31,16585.6,105.0,6,2,25.0,27.250,-2.250,0,0.0,off
2026-09-14T15:29:36,16590.6,110.0,6,2,25.0,27.187,-2.187,0,0.0,off
2026-09-14T15:29:41,16595.6,115.0,6,2,25.0,27.125,-2.125,0,0.0,off
2026-09-14T15:29:46,16600.6,120.0,6,2,25.0,27.125,-2.125,0,0.0,off
2026-09-14T15:29:51,16605.6,125.0,6,2,25.0,27.062,-2.062,0,0.0,off
2026-09-14T15:29:56,16610.6,130.0,6,2,25.0,27.000,-2.000,0,0.0,off
2026-09-14T15:30:01,16615.6,135.0,6,2,25.0,26.937,-1.937,0,0.0,off
2026-09-14T15:30:06,16620.6,140.0,6,2,25.0,26.875,-1.875,0,0.0,off
2026-09-14T15:30:11,16625.6,145.0,6,2,25.0,26.750,-1.750,0,0.0,off
2026-09-14T15:30:16,16630.6,150.0,6,2,25.0,26.687,-1.687,0,0.0,off
2026-09-14T15:30:21,16635.6,155.0,6,2,25.0,26.625,-1.625,0,0.0,off
2026-09-14T15:30:26,16640.6,160.0,6,2,25.0,26.562,-1.562,0,0.0,off
2026-09-14T15:30:31,16645.6,165.0,6,2,25.0,26.437,-1.437,0,0.0,off
2026-09-14T15:30:36,16650.6,170.0,6,2,25.0,26.375,-1.375,0,0.0,off
2026-09-14T15:30:41,16655.6,175.0,6,2,25.0,26.312,-1.312,0,0.0,off
2026-09-14T15:30:46,16660.6,180.0,6,2,25.0,26.187,-1.187,0,0.0,off
2026-09-14T15:30:51,16665.6,185.0,6,2,25.0,26.125,-1.125,0,0.0,off
2026-09-14T15:30:56,16670.6,190.0,6,2,25.0,26.062,-1.062,0,0.0,off
2026-09-14T15:31:01,16675.6,195.0,6,2,25.0,26.000,-1.000,0,0.0,off
2026-09-14T15:31:06,16680.6,200.0,6,2,25.0,25.875,-0.875,0,0.0,off
2026-09-14T15:31:11,16685.6,205.0,6,2,25.0,25.812,-0.812,0,0.0,off
2026-09-14T15:31:16,16690.6,210.0,6,2,25.0,25.750,-0.750,0,0.0,off
2026-09-14T15:31:21,16695.6,215.0,6,2,25.0,25.625,-0.625,0,0.0,off
2026-09-14T15:31:26,16700.6,220.0,6,2,25.0,25.625,-0.625,0,0.0,off
2026-09-14T15:31:31,16705.6,225.0,6,2,25.0,25.500,-0.500,0,0.0,off
2026-09-14T15:31:36,16710.6,230.0,6,2,25.0,25.437,-0.437,0,0.0,off
