2026-09-15 10:59:45,856 - Bioreactor - INFO - Initializing Bioreactor...
2026-09-15 10:59:45,857 - Bioreactor - INFO - Initializing temp_sensor...
2026-09-15 10:59:45,864 - Bioreactor.Components - INFO - DS18B20 temperature sensors initialized (1 sensors)
2026-09-15 10:59:45,864 - Bioreactor - INFO - temp_sensor initialized successfully
2026-09-15 10:59:45,865 - Bioreactor - INFO - Initializing peltier_driver...
2026-09-15 10:59:45,867 - Bioreactor.Components - INFO - Peltier driver initialized (PWM pin 21, DIR pin 20, 1000 Hz)
2026-09-15 10:59:45,868 - Bioreactor - INFO - peltier_driver initialized successfully
2026-09-15 10:59:45,868 - Bioreactor - INFO - Initializing stirrer...
2026-09-15 10:59:45,868 - Bioreactor.Components - INFO - Stirrer driver initialized (PWM pin 12, 1000 Hz)
2026-09-15 10:59:45,868 - Bioreactor - INFO - Stirrer duty set to 30.0%
2026-09-15 10:59:45,868 - Bioreactor - INFO - stirrer initialized successfully
2026-09-15 10:59:45,868 - Bioreactor - INFO - Data logging to: /home/afiq/Documents/GitHub/bioreactor_v3/src/bioreactor_data/20260915_105945_bioreactor_data.csv
2026-09-15 10:59:45,868 - Bioreactor - INFO - Bioreactor initialization complete.
2026-09-15 10:59:45,868 - Bioreactor - INFO - Stirrer duty set to 30.0%
2026-09-15 10:59:45,869 - Bioreactor - INFO - Reading temperature from sensor 0
2026-09-15 10:59:46,660 - Bioreactor - INFO - Temperature: 21.187
2026-09-15 10:59:46,660 - Bioreactor - INFO - Peltier PWM stopped.
2026-09-15 10:59:46,660 - Bioreactor - INFO - Heat-only PID [trim]: setpoint=21.00C current=21.19C error=-0.19C rate=+0.00C/min ff=0.4 duty=0.0%
2026-09-15 10:59:50,869 - Bioreactor - INFO - Reading temperature from sensor 0
2026-09-15 10:59:51,680 - Bioreactor - INFO - Temperature: 21.187
2026-09-15 10:59:51,680 - Bioreactor - INFO - Peltier PWM stopped.
2026-09-15 10:59:51,680 - Bioreactor - INFO - Heat-only PID [trim]: setpoint=21.00C current=21.19C error=-0.19C rate=+0.00C/min ff=0.4 duty=0.0%
2026-09-15 10:59:55,869 - Bioreactor - INFO - Reading temperature from sensor 0
2026-09-15 10:59:56,672 - Bioreactor - INFO - Temperature: 21.187
2026-09-15 10:59:56,672 - Bioreactor - INFO - Peltier PWM stopped.
2026-09-15 10:59:56,672 - Bioreactor - INFO - Heat-only PID [trim]: setpoint=21.00C current=21.19C error=-0.19C rate=+0.00C/min ff=0.4 duty=0.0%
2026-09-15 11:00:00,869 - Bioreactor - INFO - Reading temperature from sensor 0
2026-09-15 11:00:01,664 - Bioreactor - INFO - Temperature: 21.25
2026-09-15 11:00:01,664 - Bioreactor - INFO - Peltier PWM stopped.
2026-09-15 11:00:01,664 - Bioreactor - INFO - Heat-only PID [trim]: setpoint=21.00C current=21.25C error=-0.25C rate=+0.25C/min ff=0.4 duty=0.0%
2026-09-15 11:00:05,869 - Bioreactor - INFO - Reading temperature from sensor 0
2026-09-15 11:00:06,656 - Bioreactor - INFO - Temperature: 21.25
2026-09-15 11:00:06,656 - Bioreactor - INFO - Peltier PWM stopped.
2026-09-15 11:00:06,656 - Bioreactor - INFO - Heat-only PID [trim]: setpoint=21.00C current=21.25C error=-0.25C rate=+0.19C/min ff=0.4 duty=0.0%
2026-09-15 11:00:10,869 - Bioreactor - INFO - Reading temperature from sensor 0
2026-09-15 11:00:11,680 - Bioreactor - INFO - Temperature: 21.25
2026-09-15 11:00:11,680 - Bioreactor - INFO - Peltier PWM stopped.
2026-09-15 11:00:11,680 - Bioreactor - INFO - Heat-only PID [trim]: setpoint=21.00C current=21.25C error=-0.25C rate=+0.15C/min ff=0.4 duty=0.0%
2026-09-15 11:00:15,869 - Bioreactor - INFO - Reading temperature from sensor 0
2026-09-15 11:00:16,672 - Bioreactor - INFO - Temperature: 21.25
2026-09-15 11:00:16,672 - Bioreactor - INFO - Peltier PWM stopped.
2026-09-15 11:00:16,672 - Bioreactor - INFO - Heat-only PID [trim]: setpoint=21.00C current=21.25C error=-0.25C rate=+0.15C/min ff=0.4 duty=0.0%
2026-09-15 11:00:20,869 - Bioreactor - INFO - Reading temperature from sensor 0
2026-09-15 11:00:21,664 - Bioreactor - INFO - Temperature: 21.312
2026-09-15 11:00:21,664 - Bioreactor - INFO - Peltier PWM stopped.
2026-09-15 11:00:21,664 - Bioreactor - INFO - Heat-only PID [trim]: setpoint=21.00C current=21.31C error=-0.31C rate=+0.30C/min ff=0.4 duty=0.0%
2026-09-15 11:00:25,869 - Bioreactor - INFO - Reading temperature from sensor 0
2026-09-15 11:00:26,692 - Bioreactor - INFO - Temperature: 21.312
2026-09-15 11:00:26,692 - Bioreactor - INFO - Peltier PWM stopped.
2026-09-15 11:00:26,692 - Bioreactor - INFO - Heat-only PID [trim]: setpoint=21.00C current=21.31C error=-0.31C rate=+0.15C/min ff=0.4 duty=0.0%
2026-09-15 11:00:30,869 - Bioreactor - INFO - Reading temperature from sensor 0
2026-09-15 11:00:31,680 - Bioreactor - INFO - Temperature: 21.312
2026-09-15 11:00:31,680 - Bioreactor - INFO - Peltier PWM stopped.
2026-09-15 11:00:31,684 - Bioreactor - INFO - Heat-only PID [trim]: setpoint=21.00C current=21.31C error=-0.31C rate=+0.15C/min ff=0.4 duty=0.0%
2026-09-15 11:00:35,870 - Bioreactor - INFO - Reading temperature from sensor 0
2026-09-15 11:00:36,672 - Bioreactor - INFO - Temperature: 21.312
2026-09-15 11:00:36,672 - Bioreactor - INFO - Peltier PWM stopped.
2026-09-15 11:00:36,672 - Bioreactor - INFO - Heat-only PID [trim]: setpoint=21.00C current=21.31C error=-0.31C rate=+0.15C/min ff=0.4 duty=0.0%
2026-09-15 11:00:40,870 - Bioreactor - INFO - Reading temperature from sensor 0
2026-09-15 11:00:41,665 - Bioreactor - INFO - Temperature: 21.312
2026-09-15 11:00:41,665 - Bioreactor - INFO - Peltier PWM stopped.
2026-09-15 11:00:41,665 - Bioreactor - INFO - Heat-only PID [trim]: setpoint=21.00C current=21.31C error=-0.31C rate=+0.15C/min ff=0.4 duty=0.0%
2026-09-15 11:00:45,870 - Bioreactor - INFO - Reading temperature from sensor 0
2026-09-15 11:00:46,688 - Bioreactor - INFO - Temperature: 21.312
2026-09-15 11:00:46,688 - Bioreactor - INFO - Peltier PWM stopped.
2026-09-15 11:00:46,688 - Bioreactor - INFO - Heat-only PID [trim]: setpoint=21.00C current=21.31C error=-0.31C rate=+0.00C/min ff=0.4 duty=0.0%
2026-09-15 11:00:50,870 - Bioreactor - INFO - Reading temperature from sensor 0
2026-09-15 11:00:51,680 - Bioreactor - INFO - Temperature: 21.312
2026-09-15 11:00:51,680 - Bioreactor - INFO - Peltier PWM stopped.
2026-09-15 11:00:51,680 - Bioreactor - INFO - Heat-only PID [trim]: setpoint=21.00C current=21.31C error=-0.31C rate=+0.00C/min ff=0.4 duty=0.0%
2026-09-15 11:00:55,870 - Bioreactor - INFO - Reading temperature from sensor 0
2026-09-15 11:00:56,672 - Bioreactor - INFO - Temperature: 21.375
2026-09-15 11:00:56,672 - Bioreactor - INFO - Peltier PWM stopped.
2026-09-15 11:00:56,672 - Bioreactor - INFO - Heat-only PID [trim]: setpoint=21.00C current=21.38C error=-0.38C rate=+0.15C/min ff=0.4 duty=0.0%
2026-09-15 11:01:00,870 - Bioreactor - INFO - Reading temperature from sensor 0
2026-09-15 11:01:01,664 - Bioreactor - INFO - Temperature: 21.375
2026-09-15 11:01:01,664 - Bioreactor - INFO - Peltier PWM stopped.
2026-09-15 11:01:01,664 - Bioreactor - INFO - Heat-only PID [trim]: setpoint=21.00C current=21.38C error=-0.38C rate=+0.15C/min ff=0.4 duty=0.0%
2026-09-15 11:01:05,870 - Bioreactor - INFO - Reading temperature from sensor 0
2026-09-15 11:01:06,656 - Bioreactor - INFO - Temperature: 21.375
2026-09-15 11:01:06,656 - Bioreactor - INFO - Peltier PWM stopped.
2026-09-15 11:01:06,656 - Bioreactor - INFO - Heat-only PID [trim]: setpoint=21.00C current=21.38C error=-0.38C rate=+0.15C/min ff=0.4 duty=0.0%
2026-09-15 11:01:10,870 - Bioreactor - INFO - Reading temperature from sensor 0
2026-09-15 11:01:11,680 - Bioreactor - INFO - Temperature: 21.375
2026-09-15 11:01:11,680 - Bioreactor - INFO - Peltier PWM stopped.
2026-09-15 11:01:11,680 - Bioreactor - INFO - Heat-only PID [trim]: setpoint=21.00C current=21.38C error=-0.38C rate=+0.15C/min ff=0.4 duty=0.0%
2026-09-15 11:01:15,870 - Bioreactor - INFO - Reading temperature from sensor 0
2026-09-15 11:01:16,672 - Bioreactor - INFO - Temperature: 21.375
2026-09-15 11:01:16,672 - Bioreactor - INFO - Peltier PWM stopped.
2026-09-15 11:01:16,672 - Bioreactor - INFO - Heat-only PID [trim]: setpoint=21.00C current=21.38C error=-0.38C rate=+0.15C/min ff=0.4 duty=0.0%
2026-09-15 11:01:20,870 - Bioreactor - INFO - Reading temperature from sensor 0
2026-09-15 11:01:21,664 - Bioreactor - INFO - Temperature: 21.375
2026-09-15 11:01:21,664 - Bioreactor - INFO - Peltier PWM stopped.
2026-09-15 11:01:21,664 - Bioreactor - INFO - Heat-only PID [trim]: setpoint=21.00C current=21.38C error=-0.38C rate=+0.00C/min ff=0.4 duty=0.0%
2026-09-15 11:01:25,870 - Bioreactor - INFO - Reading temperature from sensor 0
2026-09-15 11:01:26,656 - Bioreactor - INFO - Temperature: 21.437
2026-09-15 11:01:26,656 - Bioreactor - INFO - Peltier PWM stopped.
2026-09-15 11:01:26,656 - Bioreactor - INFO - Heat-only PID [trim]: setpoint=21.00C current=21.44C error=-0.44C rate=+0.15C/min ff=0.4 duty=0.0%
2026-09-15 11:01:30,871 - Bioreactor - INFO - Reading temperature from sensor 0
2026-09-15 11:01:31,680 - Bioreactor - INFO - Temperature: 21.437
2026-09-15 11:01:31,680 - Bioreactor - INFO - Peltier PWM stopped.
2026-09-15 11:01:31,681 - Bioreactor - INFO - Heat-only PID [trim]: setpoint=21.00C current=21.44C error=-0.44C rate=+0.15C/min ff=0.4 duty=0.0%
2026-09-15 11:01:35,871 - Bioreactor - INFO - Reading temperature from sensor 0
2026-09-15 11:01:36,672 - Bioreactor - INFO - Temperature: 21.437
2026-09-15 11:01:36,672 - Bioreactor - INFO - Peltier PWM stopped.
2026-09-15 11:01:36,672 - Bioreactor - INFO - Heat-only PID [trim]: setpoint=21.00C current=21.44C error=-0.44C rate=+0.15C/min ff=0.4 duty=0.0%
2026-09-15 11:01:40,871 - Bioreactor - INFO - Reading temperature from sensor 0
2026-09-15 11:01:41,664 - Bioreactor - INFO - Temperature: 21.437
2026-09-15 11:01:41,664 - Bioreactor - INFO - Peltier PWM stopped.
2026-09-15 11:01:41,664 - Bioreactor - INFO - Heat-only PID [trim]: setpoint=21.00C current=21.44C error=-0.44C rate=+0.15C/min ff=0.4 duty=0.0%
2026-09-15 11:01:45,871 - Bioreactor - INFO - Reading temperature from sensor 0
2026-09-15 11:01:46,692 - Bioreactor - INFO - Temperature: 21.437
2026-09-15 11:01:46,692 - Bioreactor - INFO - Peltier PWM stopped.
2026-09-15 11:01:46,692 - Bioreactor - INFO - Heat-only PID [trim]: setpoint=21.00C current=21.44C error=-0.44C rate=+0.15C/min ff=0.4 duty=0.0%
2026-09-15 11:01:50,871 - Bioreactor - INFO - Reading temperature from sensor 0
2026-09-15 11:01:51,680 - Bioreactor - INFO - Temperature: 21.437
2026-09-15 11:01:51,680 - Bioreactor - INFO - Peltier PWM stopped.
2026-09-15 11:01:51,680 - Bioreactor - INFO - Heat-only PID [trim]: setpoint=21.00C current=21.44C error=-0.44C rate=+0.00C/min ff=0.4 duty=0.0%
2026-09-15 11:01:55,871 - Bioreactor - INFO - Reading temperature from sensor 0
2026-09-15 11:01:56,672 - Bioreactor - INFO - Temperature: 21.437
2026-09-15 11:01:56,672 - Bioreactor - INFO - Peltier PWM stopped.
2026-09-15 11:01:56,672 - Bioreactor - INFO - Heat-only PID [trim]: setpoint=21.00C current=21.44C error=-0.44C rate=+0.00C/min ff=0.4 duty=0.0%
2026-09-15 11:02:00,871 - Bioreactor - INFO - Reading temperature from sensor 0
2026-09-15 11:02:01,664 - Bioreactor - INFO - Temperature: 21.5
2026-09-15 11:02:01,664 - Bioreactor - INFO - Peltier PWM stopped.
2026-09-15 11:02:01,664 - Bioreactor - INFO - Heat-only PID [trim]: setpoint=21.00C current=21.50C error=-0.50C rate=+0.15C/min ff=0.4 duty=0.0%
2026-09-15 11:02:05,871 - Bioreactor - INFO - Reading temperature from sensor 0
2026-09-15 11:02:06,688 - Bioreactor - INFO - Temperature: 21.5
2026-09-15 11:02:06,688 - Bioreactor - INFO - Peltier PWM stopped.
2026-09-15 11:02:06,688 - Bioreactor - INFO - Heat-only PID [trim]: setpoint=21.00C current=21.50C error=-0.50C rate=+0.15C/min ff=0.4 duty=0.0%
2026-09-15 11:02:10,871 - Bioreactor - INFO - Reading temperature from sensor 0
2026-09-15 11:02:11,680 - Bioreactor - INFO - Temperature: 21.5
2026-09-15 11:02:11,680 - Bioreactor - INFO - Peltier PWM stopped.
2026-09-15 11:02:11,680 - Bioreactor - INFO - Heat-only PID [trim]: setpoint=21.00C current=21.50C error=-0.50C rate=+0.15C/min ff=0.4 duty=0.0%
2026-09-15 11:02:15,871 - Bioreactor - INFO - Reading temperature from sensor 0
2026-09-15 11:02:16,672 - Bioreactor - INFO - Temperature: 21.5
2026-09-15 11:02:16,672 - Bioreactor - INFO - Peltier PWM stopped.
2026-09-15 11:02:16,672 - Bioreactor - INFO - Heat-only PID [trim]: setpoint=21.00C current=21.50C error=-0.50C rate=+0.15C/min ff=0.4 duty=0.0%
2026-09-15 11:02:20,871 - Bioreactor - INFO - Reading temperature from sensor 0
2026-09-15 11:02:21,664 - Bioreactor - INFO - Temperature: 21.5
2026-09-15 11:02:21,664 - Bioreactor - INFO - Peltier PWM stopped.
2026-09-15 11:02:21,664 - Bioreactor - INFO - Heat-only PID [trim]: setpoint=21.00C current=21.50C error=-0.50C rate=+0.15C/min ff=0.4 duty=0.0%
2026-09-15 11:02:25,872 - Bioreactor - INFO - Reading temperature from sensor 0
2026-09-15 11:02:26,688 - Bioreactor - INFO - Temperature: 21.5
2026-09-15 11:02:26,688 - Bioreactor - INFO - Peltier PWM stopped.
2026-09-15 11:02:26,688 - Bioreactor - INFO - Heat-only PID [trim]: setpoint=21.00C current=21.50C error=-0.50C rate=+0.00C/min ff=0.4 duty=0.0%
2026-09-15 11:02:30,872 - Bioreactor - INFO - Reading temperature from sensor 0
2026-09-15 11:02:31,680 - Bioreactor - INFO - Temperature: 21.562
2026-09-15 11:02:31,680 - Bioreactor - INFO - Peltier PWM stopped.
2026-09-15 11:02:31,680 - Bioreactor - INFO - Heat-only PID [trim]: setpoint=21.00C current=21.56C error=-0.56C rate=+0.15C/min ff=0.4 duty=0.0%
2026-09-15 11:02:35,872 - Bioreactor - INFO - Reading temperature from sensor 0
2026-09-15 11:02:36,672 - Bioreactor - INFO - Temperature: 21.562
2026-09-15 11:02:36,672 - Bioreactor - INFO - Peltier PWM stopped.
2026-09-15 11:02:36,672 - Bioreactor - INFO - Heat-only PID [trim]: setpoint=21.00C current=21.56C error=-0.56C rate=+0.15C/min ff=0.4 duty=0.0%
2026-09-15 11:02:40,872 - Bioreactor - INFO - Reading temperature from sensor 0
2026-09-15 11:02:41,664 - Bioreactor - INFO - Temperature: 21.562
2026-09-15 11:02:41,664 - Bioreactor - INFO - Peltier PWM stopped.
2026-09-15 11:02:41,664 - Bioreactor - INFO - Heat-only PID [trim]: setpoint=21.00C current=21.56C error=-0.56C rate=+0.15C/min ff=0.4 duty=0.0%
2026-09-15 11:02:45,872 - Bioreactor - INFO - Reading temperature from sensor 0
2026-09-15 11:02:46,688 - Bioreactor - INFO - Temperature: 21.562
2026-09-15 11:02:46,692 - Bioreactor - INFO - Peltier PWM stopped.
2026-09-15 11:02:46,692 - Bioreactor - INFO - Heat-only PID [trim]: setpoint=21.00C current=21.56C error=-0.56C rate=+0.15C/min ff=0.4 duty=0.0%
2026-09-15 11:02:50,872 - Bioreactor - INFO - Reading temperature from sensor 0
2026-09-15 11:02:51,680 - Bioreactor - INFO - Temperature: 21.562
2026-09-15 11:02:51,680 - Bioreactor - INFO - Peltier PWM stopped.
2026-09-15 11:02:51,680 - Bioreactor - INFO - Heat-only PID [trim]: setpoint=21.00C current=21.56C error=-0.56C rate=+0.15C/min ff=0.4 duty=0.0%
2026-09-15 11:02:55,872 - Bioreactor - INFO - Reading temperature from sensor 0
2026-09-15 11:02:56,672 - Bioreactor - INFO - Temperature: 21.562
2026-09-15 11:02:56,672 - Bioreactor - INFO - Peltier PWM stopped.
2026-09-15 11:02:56,672 - Bioreactor - INFO - Heat-only PID [trim]: setpoint=21.00C current=21.56C error=-0.56C rate=+0.00C/min ff=0.4 duty=0.0%
2026-09-15 11:03:00,872 - Bioreactor - INFO - Reading temperature from sensor 0
2026-09-15 11:03:01,664 - Bioreactor - INFO - Temperature: 21.562
2026-09-15 11:03:01,664 - Bioreactor - INFO - Peltier PWM stopped.
2026-09-15 11:03:01,665 - Bioreactor - INFO - Heat-only PID [trim]: setpoint=21.00C current=21.56C error=-0.56C rate=+0.00C/min ff=0.4 duty=0.0%
2026-09-15 11:03:05,872 - Bioreactor - INFO - Reading temperature from sensor 0
2026-09-15 11:03:06,688 - Bioreactor - INFO - Temperature: 21.562
2026-09-15 11:03:06,688 - Bioreactor - INFO - Peltier PWM stopped.
2026-09-15 11:03:06,688 - Bioreactor - INFO - Heat-only PID [trim]: setpoint=21.00C current=21.56C error=-0.56C rate=+0.00C/min ff=0.4 duty=0.0%
2026-09-15 11:03:10,872 - Bioreactor - INFO - Reading temperature from sensor 0
2026-09-15 11:03:11,680 - Bioreactor - INFO - Temperature: 21.562
2026-09-15 11:03:11,680 - Bioreactor - INFO - Peltier PWM stopped.
2026-09-15 11:03:11,680 - Bioreactor - INFO - Heat-only PID [trim]: setpoint=21.00C current=21.56C error=-0.56C rate=+0.00C/min ff=0.4 duty=0.0%
2026-09-15 11:03:15,873 - Bioreactor - INFO - Reading temperature from sensor 0
2026-09-15 11:03:16,672 - Bioreactor - INFO - Temperature: 21.562
2026-09-15 11:03:16,672 - Bioreactor - INFO - Peltier PWM stopped.
2026-09-15 11:03:16,672 - Bioreactor - INFO - Heat-only PID [trim]: setpoint=21.00C current=21.56C error=-0.56C rate=+0.00C/min ff=0.4 duty=0.0%
2026-09-15 11:03:20,873 - Bioreactor - INFO - Reading temperature from sensor 0
2026-09-15 11:03:21,664 - Bioreactor - INFO - Temperature: 21.562
2026-09-15 11:03:21,664 - Bioreactor - INFO - Peltier PWM stopped.
2026-09-15 11:03:21,664 - Bioreactor - INFO - Heat-only PID [trim]: setpoint=21.00C current=21.56C error=-0.56C rate=+0.00C/min ff=0.4 duty=0.0%
2026-09-15 11:03:25,873 - Bioreactor - INFO - Reading temperature from sensor 0
2026-09-15 11:03:26,688 - Bioreactor - INFO - Temperature: 21.562
2026-09-15 11:03:26,688 - Bioreactor - INFO - Peltier PWM stopped.
2026-09-15 11:03:26,688 - Bioreactor - INFO - Heat-only PID [trim]: setpoint=21.00C current=21.56C error=-0.56C rate=+0.00C/min ff=0.4 duty=0.0%
2026-09-15 11:03:30,873 - Bioreactor - INFO - Reading temperature from sensor 0
2026-09-15 11:03:31,680 - Bioreactor - INFO - Temperature: 21.625
2026-09-15 11:03:31,680 - Bioreactor - INFO - Peltier PWM stopped.
2026-09-15 11:03:31,680 - Bioreactor - INFO - Heat-only PID [trim]: setpoint=21.00C current=21.62C error=-0.62C rate=+0.15C/min ff=0.4 duty=0.0%
2026-09-15 11:03:35,873 - Bioreactor - INFO - Reading temperature from sensor 0
2026-09-15 11:03:36,672 - Bioreactor - INFO - Temperature: 21.562
2026-09-15 11:03:36,672 - Bioreactor - INFO - Peltier PWM stopped.
2026-09-15 11:03:36,672 - Bioreactor - INFO - Heat-only PID [trim]: setpoint=21.00C current=21.56C error=-0.56C rate=+0.00C/min ff=0.4 duty=0.0%
2026-09-15 11:03:40,873 - Bioreactor - INFO - Reading temperature from sensor 0
2026-09-15 11:03:41,664 - Bioreactor - INFO - Temperature: 21.625
2026-09-15 11:03:41,664 - Bioreactor - INFO - Peltier PWM stopped.
2026-09-15 11:03:41,665 - Bioreactor - INFO - Heat-only PID [trim]: setpoint=21.00C current=21.62C error=-0.62C rate=+0.15C/min ff=0.4 duty=0.0%
2026-09-15 11:03:45,873 - Bioreactor - INFO - Reading temperature from sensor 0
2026-09-15 11:03:46,692 - Bioreactor - INFO - Temperature: 21.625
2026-09-15 11:03:46,692 - Bioreactor - INFO - Peltier PWM stopped.
2026-09-15 11:03:46,695 - Bioreactor - INFO - Heat-only PID [trim]: setpoint=21.00C current=21.62C error=-0.62C rate=+0.15C/min ff=0.4 duty=0.0%
2026-09-15 11:03:50,873 - Bioreactor - INFO - Reading temperature from sensor 0
2026-09-15 11:03:51,680 - Bioreactor - INFO - Temperature: 21.625
2026-09-15 11:03:51,680 - Bioreactor - INFO - Peltier PWM stopped.
2026-09-15 11:03:51,680 - Bioreactor - INFO - Heat-only PID [trim]: setpoint=21.00C current=21.62C error=-0.62C rate=+0.15C/min ff=0.4 duty=0.0%
2026-09-15 11:03:55,873 - Bioreactor - INFO - Reading temperature from sensor 0
2026-09-15 11:03:56,673 - Bioreactor - INFO - Temperature: 21.625
2026-09-15 11:03:56,673 - Bioreactor - INFO - Peltier PWM stopped.
2026-09-15 11:03:56,673 - Bioreactor - INFO - Heat-only PID [trim]: setpoint=21.00C current=21.62C error=-0.62C rate=+0.00C/min ff=0.4 duty=0.0%
2026-09-15 11:04:00,873 - Bioreactor - INFO - Reading temperature from sensor 0
2026-09-15 11:04:01,664 - Bioreactor - INFO - Temperature: 21.625
2026-09-15 11:04:01,664 - Bioreactor - INFO - Peltier PWM stopped.
2026-09-15 11:04:01,664 - Bioreactor - INFO - Heat-only PID [trim]: setpoint=21.00C current=21.62C error=-0.62C rate=+0.15C/min ff=0.4 duty=0.0%
2026-09-15 11:04:05,874 - Bioreactor - INFO - Reading temperature from sensor 0
2026-09-15 11:04:06,688 - Bioreactor - INFO - Temperature: 21.625
2026-09-15 11:04:06,688 - Bioreactor - INFO - Peltier PWM stopped.
2026-09-15 11:04:06,692 - Bioreactor - INFO - Heat-only PID [trim]: setpoint=21.00C current=21.62C error=-0.62C rate=+0.00C/min ff=0.4 duty=0.0%
2026-09-15 11:04:10,874 - Bioreactor - INFO - Reading temperature from sensor 0
2026-09-15 11:04:11,680 - Bioreactor - INFO - Temperature: 21.625
2026-09-15 11:04:11,680 - Bioreactor - INFO - Peltier PWM stopped.
2026-09-15 11:04:11,680 - Bioreactor - INFO - Heat-only PID [trim]: setpoint=21.00C current=21.62C error=-0.62C rate=+0.00C/min ff=0.4 duty=0.0%
2026-09-15 11:04:15,874 - Bioreactor - INFO - Reading temperature from sensor 0
2026-09-15 11:04:16,672 - Bioreactor - INFO - Temperature: 21.625
2026-09-15 11:04:16,672 - Bioreactor - INFO - Peltier PWM stopped.
2026-09-15 11:04:16,672 - Bioreactor - INFO - Heat-only PID [trim]: setpoint=21.00C current=21.62C error=-0.62C rate=+0.00C/min ff=0.4 duty=0.0%
2026-09-15 11:04:20,874 - Bioreactor - INFO - Reading temperature from sensor 0
2026-09-15 11:04:21,664 - Bioreactor - INFO - Temperature: 21.625
2026-09-15 11:04:21,664 - Bioreactor - INFO - Peltier PWM stopped.
2026-09-15 11:04:21,664 - Bioreactor - INFO - Heat-only PID [trim]: setpoint=21.00C current=21.62C error=-0.62C rate=+0.00C/min ff=0.4 duty=0.0%
2026-09-15 11:04:25,874 - Bioreactor - INFO - Reading temperature from sensor 0
2026-09-15 11:04:26,692 - Bioreactor - INFO - Temperature: 21.625
2026-09-15 11:04:26,692 - Bioreactor - INFO - Peltier PWM stopped.
2026-09-15 11:04:26,696 - Bioreactor - INFO - Heat-only PID [trim]: setpoint=21.00C current=21.62C error=-0.62C rate=+0.00C/min ff=0.4 duty=0.0%
2026-09-15 11:04:30,874 - Bioreactor - INFO - Reading temperature from sensor 0
2026-09-15 11:04:31,680 - Bioreactor - INFO - Temperature: 21.625
2026-09-15 11:04:31,680 - Bioreactor - INFO - Peltier PWM stopped.
2026-09-15 11:04:31,680 - Bioreactor - INFO - Heat-only PID [trim]: setpoint=21.00C current=21.62C error=-0.62C rate=+0.00C/min ff=0.4 duty=0.0%
2026-09-15 11:04:35,874 - Bioreactor - INFO - Reading temperature from sensor 0
2026-09-15 11:04:36,672 - Bioreactor - INFO - Temperature: 21.625
2026-09-15 11:04:36,672 - Bioreactor - INFO - Peltier PWM stopped.
2026-09-15 11:04:36,672 - Bioreactor - INFO - Heat-only PID [trim]: setpoint=21.00C current=21.62C error=-0.62C rate=+0.00C/min ff=0.4 duty=0.0%
2026-09-15 11:04:40,874 - Bioreactor - INFO - Reading temperature from sensor 0
2026-09-15 11:04:41,664 - Bioreactor - INFO - Temperature: 21.625
2026-09-15 11:04:41,664 - Bioreactor - INFO - Peltier PWM stopped.
2026-09-15 11:04:41,664 - Bioreactor - INFO - Heat-only PID [trim]: setpoint=21.00C current=21.62C error=-0.62C rate=+0.00C/min ff=0.4 duty=0.0%
2026-09-15 11:04:45,874 - Bioreactor - INFO - Reading temperature from sensor 0
2026-09-15 11:04:46,688 - Bioreactor - INFO - Temperature: 21.625
2026-09-15 11:04:46,688 - Bioreactor - INFO - Peltier PWM stopped.
2026-09-15 11:04:46,692 - Bioreactor - INFO - Heat-only PID [trim]: setpoint=21.00C current=21.62C error=-0.62C rate=+0.00C/min ff=0.4 duty=0.0%
2026-09-15 11:04:50,874 - Bioreactor - INFO - Reading temperature from sensor 0
2026-09-15 11:04:51,680 - Bioreactor - INFO - Temperature: 21.625
2026-09-15 11:04:51,680 - Bioreactor - INFO - Peltier PWM stopped.
2026-09-15 11:04:51,680 - Bioreactor - INFO - Heat-only PID [trim]: setpoint=21.00C current=21.62C error=-0.62C rate=+0.00C/min ff=0.4 duty=0.0%
2026-09-15 11:04:55,875 - Bioreactor - INFO - Reading temperature from sensor 0
2026-09-15 11:04:56,672 - Bioreactor - INFO - Temperature: 21.625
2026-09-15 11:04:56,672 - Bioreactor - INFO - Peltier PWM stopped.
2026-09-15 11:04:56,672 - Bioreactor - INFO - Heat-only PID [trim]: setpoint=21.00C current=21.62C error=-0.62C rate=+0.00C/min ff=0.4 duty=0.0%
2026-09-15 11:05:00,875 - Bioreactor - INFO - Reading temperature from sensor 0
2026-09-15 11:05:01,664 - Bioreactor - INFO - Temperature: 21.625
2026-09-15 11:05:01,664 - Bioreactor - INFO - Peltier PWM stopped.
2026-09-15 11:05:01,664 - Bioreactor - INFO - Heat-only PID [trim]: setpoint=21.00C current=21.62C error=-0.62C rate=+0.00C/min ff=0.4 duty=0.0%
2026-09-15 11:05:05,875 - Bioreactor - INFO - Reading temperature from sensor 0
2026-09-15 11:05:06,688 - Bioreactor - INFO - Temperature: 21.625
2026-09-15 11:05:06,688 - Bioreactor - INFO - Peltier PWM stopped.
2026-09-15 11:05:06,688 - Bioreactor - INFO - Heat-only PID [trim]: setpoint=21.00C current=21.62C error=-0.62C rate=+0.00C/min ff=0.4 duty=0.0%
2026-09-15 11:05:10,875 - Bioreactor - INFO - Reading temperature from sensor 0
2026-09-15 11:05:11,680 - Bioreactor - INFO - Temperature: 21.625
2026-09-15 11:05:11,680 - Bioreactor - INFO - Peltier PWM stopped.
2026-09-15 11:05:11,680 - Bioreactor - INFO - Heat-only PID [trim]: setpoint=21.00C current=21.62C error=-0.62C rate=+0.00C/min ff=0.4 duty=0.0%
2026-09-15 11:05:15,875 - Bioreactor - INFO - Reading temperature from sensor 0
2026-09-15 11:05:16,672 - Bioreactor - INFO - Temperature: 21.625
2026-09-15 11:05:16,672 - Bioreactor - INFO - Peltier PWM stopped.
2026-09-15 11:05:16,672 - Bioreactor - INFO - Heat-only PID [trim]: setpoint=21.00C current=21.62C error=-0.62C rate=+0.00C/min ff=0.4 duty=0.0%
2026-09-15 11:05:20,875 - Bioreactor - INFO - Reading temperature from sensor 0
2026-09-15 11:05:21,664 - Bioreactor - INFO - Temperature: 21.625
2026-09-15 11:05:21,664 - Bioreactor - INFO - Peltier PWM stopped.
2026-09-15 11:05:21,665 - Bioreactor - INFO - Heat-only PID [trim]: setpoint=21.00C current=21.62C error=-0.62C rate=+0.00C/min ff=0.4 duty=0.0%
2026-09-15 11:05:25,875 - Bioreactor - INFO - Reading temperature from sensor 0
2026-09-15 11:05:26,692 - Bioreactor - INFO - Temperature: 21.625
2026-09-15 11:05:26,692 - Bioreactor - INFO - Peltier PWM stopped.
2026-09-15 11:05:26,693 - Bioreactor - INFO - Heat-only PID [trim]: setpoint=21.00C current=21.62C error=-0.62C rate=+0.00C/min ff=0.4 duty=0.0%
2026-09-15 11:05:30,875 - Bioreactor - INFO - Reading temperature from sensor 0
2026-09-15 11:05:31,680 - Bioreactor - INFO - Temperature: 21.625
2026-09-15 11:05:31,680 - Bioreactor - INFO - Peltier PWM stopped.
2026-09-15 11:05:31,681 - Bioreactor - INFO - Heat-only PID [trim]: setpoint=21.00C current=21.62C error=-0.62C rate=+0.00C/min ff=0.4 duty=0.0%
2026-09-15 11:05:35,875 - Bioreactor - INFO - Reading temperature from sensor 0
2026-09-15 11:05:36,672 - Bioreactor - INFO - Temperature: 21.625
2026-09-15 11:05:36,672 - Bioreactor - INFO - Peltier PWM stopped.
2026-09-15 11:05:36,672 - Bioreactor - INFO - Heat-only PID [trim]: setpoint=21.00C current=21.62C error=-0.62C rate=+0.00C/min ff=0.4 duty=0.0%
2026-09-15 11:05:40,875 - Bioreactor - INFO - Reading temperature from sensor 0
2026-09-15 11:05:41,664 - Bioreactor - INFO - Temperature: 21.625
2026-09-15 11:05:41,664 - Bioreactor - INFO - Peltier PWM stopped.
2026-09-15 11:05:41,665 - Bioreactor - INFO - Heat-only PID [trim]: setpoint=21.00C current=21.62C error=-0.62C rate=+0.00C/min ff=0.4 duty=0.0%
2026-09-15 11:05:45,875 - Bioreactor - INFO - Reading temperature from sensor 0
2026-09-15 11:05:46,688 - Bioreactor - INFO - Temperature: 21.562
2026-09-15 11:05:46,688 - Bioreactor - INFO - Peltier PWM stopped.
2026-09-15 11:05:46,688 - Bioreactor - INFO - Heat-only PID [trim]: setpoint=21.00C current=21.56C error=-0.56C rate=-0.15C/min ff=0.4 duty=0.0%
2026-09-15 11:05:50,876 - Bioreactor - INFO - Reading temperature from sensor 0
2026-09-15 11:05:51,680 - Bioreactor - INFO - Temperature: 21.625
2026-09-15 11:05:51,680 - Bioreactor - INFO - Peltier PWM stopped.
2026-09-15 11:05:51,681 - Bioreactor - INFO - Heat-only PID [trim]: setpoint=21.00C current=21.62C error=-0.62C rate=+0.00C/min ff=0.4 duty=0.0%
2026-09-15 11:05:55,876 - Bioreactor - INFO - Reading temperature from sensor 0
2026-09-15 11:05:56,672 - Bioreactor - INFO - Temperature: 21.625
2026-09-15 11:05:56,672 - Bioreactor - INFO - Peltier PWM stopped.
2026-09-15 11:05:56,673 - Bioreactor - INFO - Heat-only PID [trim]: setpoint=21.00C current=21.62C error=-0.62C rate=+0.00C/min ff=0.4 duty=0.0%
2026-09-15 11:06:00,876 - Bioreactor - INFO - Reading temperature from sensor 0
2026-09-15 11:06:01,664 - Bioreactor - INFO - Temperature: 21.562
2026-09-15 11:06:01,664 - Bioreactor - INFO - Peltier PWM stopped.
2026-09-15 11:06:01,664 - Bioreactor - INFO - Heat-only PID [trim]: setpoint=21.00C current=21.56C error=-0.56C rate=-0.15C/min ff=0.4 duty=0.0%
2026-09-15 11:06:05,876 - Bioreactor - INFO - Reading temperature from sensor 0
2026-09-15 11:06:06,688 - Bioreactor - INFO - Temperature: 21.562
2026-09-15 11:06:06,688 - Bioreactor - INFO - Peltier PWM stopped.
2026-09-15 11:06:06,688 - Bioreactor - INFO - Heat-only PID [trim]: setpoint=21.00C current=21.56C error=-0.56C rate=-0.15C/min ff=0.4 duty=0.0%
2026-09-15 11:06:10,876 - Bioreactor - INFO - Reading temperature from sensor 0
2026-09-15 11:06:11,680 - Bioreactor - INFO - Temperature: 21.562
2026-09-15 11:06:11,684 - Bioreactor - INFO - Peltier PWM stopped.
2026-09-15 11:06:11,684 - Bioreactor - INFO - Heat-only PID [trim]: setpoint=21.00C current=21.56C error=-0.56C rate=+0.00C/min ff=0.4 duty=0.0%
2026-09-15 11:06:15,876 - Bioreactor - INFO - Reading temperature from sensor 0
2026-09-15 11:06:16,672 - Bioreactor - INFO - Temperature: 21.562
2026-09-15 11:06:16,672 - Bioreactor - INFO - Peltier PWM stopped.
2026-09-15 11:06:16,673 - Bioreactor - INFO - Heat-only PID [trim]: setpoint=21.00C current=21.56C error=-0.56C rate=-0.15C/min ff=0.4 duty=0.0%
2026-09-15 11:06:20,876 - Bioreactor - INFO - Reading temperature from sensor 0
2026-09-15 11:06:21,664 - Bioreactor - INFO - Temperature: 21.562
2026-09-15 11:06:21,664 - Bioreactor - INFO - Peltier PWM stopped.
2026-09-15 11:06:21,664 - Bioreactor - INFO - Heat-only PID [trim]: setpoint=21.00C current=21.56C error=-0.56C rate=-0.15C/min ff=0.4 duty=0.0%
2026-09-15 11:06:25,876 - Bioreactor - INFO - Reading temperature from sensor 0
2026-09-15 11:06:26,688 - Bioreactor - INFO - Temperature: 21.562
2026-09-15 11:06:26,688 - Bioreactor - INFO - Peltier PWM stopped.
2026-09-15 11:06:26,688 - Bioreactor - INFO - Heat-only PID [trim]: setpoint=21.00C current=21.56C error=-0.56C rate=+0.00C/min ff=0.4 duty=0.0%
2026-09-15 11:06:30,876 - Bioreactor - INFO - Reading temperature from sensor 0
2026-09-15 11:06:31,680 - Bioreactor - INFO - Temperature: 21.562
2026-09-15 11:06:31,680 - Bioreactor - INFO - Peltier PWM stopped.
2026-09-15 11:06:31,680 - Bioreactor - INFO - Heat-only PID [trim]: setpoint=21.00C current=21.56C error=-0.56C rate=+0.00C/min ff=0.4 duty=0.0%
2026-09-15 11:06:35,876 - Bioreactor - INFO - Reading temperature from sensor 0
2026-09-15 11:06:36,672 - Bioreactor - INFO - Temperature: 21.562
2026-09-15 11:06:36,672 - Bioreactor - INFO - Peltier PWM stopped.
2026-09-15 11:06:36,673 - Bioreactor - INFO - Heat-only PID [trim]: setpoint=21.00C current=21.56C error=-0.56C rate=+0.00C/min ff=0.4 duty=0.0%
2026-09-15 11:06:40,876 - Bioreactor - INFO - Reading temperature from sensor 0
2026-09-15 11:06:41,668 - Bioreactor - INFO - Temperature: 21.562
2026-09-15 11:06:41,668 - Bioreactor - INFO - Peltier PWM stopped.
2026-09-15 11:06:41,669 - Bioreactor - INFO - Heat-only PID [trim]: setpoint=21.00C current=21.56C error=-0.56C rate=+0.00C/min ff=0.4 duty=0.0%
2026-09-15 11:06:45,877 - Bioreactor - INFO - Reading temperature from sensor 0
2026-09-15 11:06:46,688 - Bioreactor - INFO - Temperature: 21.562
2026-09-15 11:06:46,688 - Bioreactor - INFO - Peltier PWM stopped.
2026-09-15 11:06:46,688 - Bioreactor - INFO - Heat-only PID [trim]: setpoint=21.00C current=21.56C error=-0.56C rate=+0.00C/min ff=0.4 duty=0.0%
2026-09-15 11:06:50,877 - Bioreactor - INFO - Reading temperature from sensor 0
2026-09-15 11:06:51,684 - Bioreactor - INFO - Temperature: 21.562
2026-09-15 11:06:51,685 - Bioreactor - INFO - Peltier PWM stopped.
2026-09-15 11:06:51,685 - Bioreactor - INFO - Heat-only PID [trim]: setpoint=21.00C current=21.56C error=-0.56C rate=+0.00C/min ff=0.4 duty=0.0%
2026-09-15 11:06:55,877 - Bioreactor - INFO - Reading temperature from sensor 0
2026-09-15 11:06:56,676 - Bioreactor - INFO - Temperature: 21.562
2026-09-15 11:06:56,676 - Bioreactor - INFO - Peltier PWM stopped.
2026-09-15 11:06:56,678 - Bioreactor - INFO - Heat-only PID [trim]: setpoint=21.00C current=21.56C error=-0.56C rate=+0.00C/min ff=0.4 duty=0.0%
2026-09-15 11:07:00,877 - Bioreactor - INFO - Reading temperature from sensor 0
2026-09-15 11:07:01,685 - Bioreactor - INFO - Temperature: 21.5
2026-09-15 11:07:01,691 - Bioreactor - INFO - Peltier PWM stopped.
2026-09-15 11:07:01,692 - Bioreactor - INFO - Heat-only PID [trim]: setpoint=21.00C current=21.50C error=-0.50C rate=-0.15C/min ff=0.4 duty=0.0%
2026-09-15 11:07:05,877 - Bioreactor - INFO - Reading temperature from sensor 0
2026-09-15 11:07:06,695 - Bioreactor - INFO - Temperature: 21.562
2026-09-15 11:07:06,695 - Bioreactor - INFO - Peltier PWM stopped.
2026-09-15 11:07:06,695 - Bioreactor - INFO - Heat-only PID [trim]: setpoint=21.00C current=21.56C error=-0.56C rate=+0.00C/min ff=0.4 duty=0.0%
2026-09-15 11:07:10,877 - Bioreactor - INFO - Reading temperature from sensor 0
2026-09-15 11:07:11,682 - Bioreactor - INFO - Temperature: 21.5
2026-09-15 11:07:11,684 - Bioreactor - INFO - Peltier PWM stopped.
2026-09-15 11:07:11,685 - Bioreactor - INFO - Heat-only PID [trim]: setpoint=21.00C current=21.50C error=-0.50C rate=-0.15C/min ff=0.4 duty=0.0%
2026-09-15 11:07:15,877 - Bioreactor - INFO - Reading temperature from sensor 0
2026-09-15 11:07:16,672 - Bioreactor - INFO - Temperature: 21.5
2026-09-15 11:07:16,672 - Bioreactor - INFO - Peltier PWM stopped.
2026-09-15 11:07:16,673 - Bioreactor - INFO - Heat-only PID [trim]: setpoint=21.00C current=21.50C error=-0.50C rate=-0.15C/min ff=0.4 duty=0.0%
2026-09-15 11:07:20,877 - Bioreactor - INFO - Reading temperature from sensor 0
2026-09-15 11:07:21,664 - Bioreactor - INFO - Temperature: 21.5
2026-09-15 11:07:21,664 - Bioreactor - INFO - Peltier PWM stopped.
2026-09-15 11:07:21,664 - Bioreactor - INFO - Heat-only PID [trim]: setpoint=21.00C current=21.50C error=-0.50C rate=-0.15C/min ff=0.4 duty=0.0%
2026-09-15 11:07:25,877 - Bioreactor - INFO - Reading temperature from sensor 0
2026-09-15 11:07:26,688 - Bioreactor - INFO - Temperature: 21.5
2026-09-15 11:07:26,688 - Bioreactor - INFO - Peltier PWM stopped.
2026-09-15 11:07:26,688 - Bioreactor - INFO - Heat-only PID [trim]: setpoint=21.00C current=21.50C error=-0.50C rate=+0.00C/min ff=0.4 duty=0.0%
2026-09-15 11:07:30,877 - Bioreactor - INFO - Reading temperature from sensor 0
2026-09-15 11:07:31,680 - Bioreactor - INFO - Temperature: 21.5
2026-09-15 11:07:31,680 - Bioreactor - INFO - Peltier PWM stopped.
2026-09-15 11:07:31,680 - Bioreactor - INFO - Heat-only PID [trim]: setpoint=21.00C current=21.50C error=-0.50C rate=-0.15C/min ff=0.4 duty=0.0%
2026-09-15 11:07:35,878 - Bioreactor - INFO - Reading temperature from sensor 0
2026-09-15 11:07:36,672 - Bioreactor - INFO - Temperature: 21.437
2026-09-15 11:07:36,672 - Bioreactor - INFO - Peltier PWM stopped.
2026-09-15 11:07:36,672 - Bioreactor - INFO - Heat-only PID [trim]: setpoint=21.00C current=21.44C error=-0.44C rate=-0.15C/min ff=0.4 duty=0.0%
2026-09-15 11:07:40,878 - Bioreactor - INFO - Reading temperature from sensor 0
2026-09-15 11:07:41,696 - Bioreactor - INFO - Temperature: 21.437
2026-09-15 11:07:41,696 - Bioreactor - INFO - Peltier PWM stopped.
2026-09-15 11:07:41,696 - Bioreactor - INFO - Heat-only PID [trim]: setpoint=21.00C current=21.44C error=-0.44C rate=-0.15C/min ff=0.4 duty=0.0%
2026-09-15 11:07:45,878 - Bioreactor - INFO - Reading temperature from sensor 0
2026-09-15 11:07:46,692 - Bioreactor - INFO - Temperature: 21.437
2026-09-15 11:07:46,692 - Bioreactor - INFO - Peltier PWM stopped.
2026-09-15 11:07:46,692 - Bioreactor - INFO - Heat-only PID [trim]: setpoint=21.00C current=21.44C error=-0.44C rate=-0.15C/min ff=0.4 duty=0.0%
2026-09-15 11:07:50,878 - Bioreactor - INFO - Reading temperature from sensor 0
2026-09-15 11:07:51,680 - Bioreactor - INFO - Temperature: 21.437
2026-09-15 11:07:51,680 - Bioreactor - INFO - Peltier PWM stopped.
2026-09-15 11:07:51,680 - Bioreactor - INFO - Heat-only PID [trim]: setpoint=21.00C current=21.44C error=-0.44C rate=-0.15C/min ff=0.4 duty=0.0%
2026-09-15 11:07:55,878 - Bioreactor - INFO - Reading temperature from sensor 0
2026-09-15 11:07:56,672 - Bioreactor - INFO - Temperature: 21.437
2026-09-15 11:07:56,672 - Bioreactor - INFO - Peltier PWM stopped.
2026-09-15 11:07:56,672 - Bioreactor - INFO - Heat-only PID [trim]: setpoint=21.00C current=21.44C error=-0.44C rate=-0.15C/min ff=0.4 duty=0.0%
2026-09-15 11:08:00,878 - Bioreactor - INFO - Reading temperature from sensor 0
2026-09-15 11:08:01,696 - Bioreactor - INFO - Temperature: 21.437
2026-09-15 11:08:01,696 - Bioreactor - INFO - Peltier PWM stopped.
2026-09-15 11:08:01,696 - Bioreactor - INFO - Heat-only PID [trim]: setpoint=21.00C current=21.44C error=-0.44C rate=+0.00C/min ff=0.4 duty=0.0%
2026-09-15 11:08:05,878 - Bioreactor - INFO - Reading temperature from sensor 0
2026-09-15 11:08:06,688 - Bioreactor - INFO - Temperature: 21.437
2026-09-15 11:08:06,688 - Bioreactor - INFO - Peltier PWM stopped.
2026-09-15 11:08:06,688 - Bioreactor - INFO - Heat-only PID [trim]: setpoint=21.00C current=21.44C error=-0.44C rate=+0.00C/min ff=0.4 duty=0.0%
2026-09-15 11:08:10,878 - Bioreactor - INFO - Reading temperature from sensor 0
2026-09-15 11:08:11,680 - Bioreactor - INFO - Temperature: 21.437
2026-09-15 11:08:11,680 - Bioreactor - INFO - Peltier PWM stopped.
2026-09-15 11:08:11,680 - Bioreactor - INFO - Heat-only PID [trim]: setpoint=21.00C current=21.44C error=-0.44C rate=+0.00C/min ff=0.4 duty=0.0%
2026-09-15 11:08:15,878 - Bioreactor - INFO - Reading temperature from sensor 0
2026-09-15 11:08:16,672 - Bioreactor - INFO - Temperature: 21.375
2026-09-15 11:08:16,672 - Bioreactor - INFO - Peltier PWM stopped.
2026-09-15 11:08:16,672 - Bioreactor - INFO - Heat-only PID [trim]: setpoint=21.00C current=21.38C error=-0.38C rate=-0.15C/min ff=0.4 duty=0.0%
2026-09-15 11:08:20,878 - Bioreactor - INFO - Reading temperature from sensor 0
2026-09-15 11:08:21,664 - Bioreactor - INFO - Temperature: 21.375
2026-09-15 11:08:21,664 - Bioreactor - INFO - Peltier PWM stopped.
2026-09-15 11:08:21,664 - Bioreactor - INFO - Heat-only PID [trim]: setpoint=21.00C current=21.38C error=-0.38C rate=-0.15C/min ff=0.4 duty=0.0%
2026-09-15 11:08:25,878 - Bioreactor - INFO - Reading temperature from sensor 0
2026-09-15 11:08:26,688 - Bioreactor - INFO - Temperature: 21.375
2026-09-15 11:08:26,692 - Bioreactor - INFO - Peltier PWM stopped.
2026-09-15 11:08:26,692 - Bioreactor - INFO - Heat-only PID [trim]: setpoint=21.00C current=21.38C error=-0.38C rate=-0.15C/min ff=0.4 duty=0.0%
2026-09-15 11:08:30,879 - Bioreactor - INFO - Reading temperature from sensor 0
2026-09-15 11:08:31,680 - Bioreactor - INFO - Temperature: 21.375
2026-09-15 11:08:31,680 - Bioreactor - INFO - Peltier PWM stopped.
2026-09-15 11:08:31,680 - Bioreactor - INFO - Heat-only PID [trim]: setpoint=21.00C current=21.38C error=-0.38C rate=-0.15C/min ff=0.4 duty=0.0%
2026-09-15 11:08:35,879 - Bioreactor - INFO - Reading temperature from sensor 0
2026-09-15 11:08:36,672 - Bioreactor - INFO - Temperature: 21.375
2026-09-15 11:08:36,672 - Bioreactor - INFO - Peltier PWM stopped.
2026-09-15 11:08:36,672 - Bioreactor - INFO - Heat-only PID [trim]: setpoint=21.00C current=21.38C error=-0.38C rate=-0.15C/min ff=0.4 duty=0.0%
2026-09-15 11:08:40,879 - Bioreactor - INFO - Reading temperature from sensor 0
2026-09-15 11:08:41,696 - Bioreactor - INFO - Temperature: 21.375
2026-09-15 11:08:41,696 - Bioreactor - INFO - Peltier PWM stopped.
2026-09-15 11:08:41,696 - Bioreactor - INFO - Heat-only PID [trim]: setpoint=21.00C current=21.38C error=-0.38C rate=+0.00C/min ff=0.4 duty=0.0%
2026-09-15 11:08:45,879 - Bioreactor - INFO - Reading temperature from sensor 0
2026-09-15 11:08:46,688 - Bioreactor - INFO - Temperature: 21.375
2026-09-15 11:08:46,688 - Bioreactor - INFO - Peltier PWM stopped.
2026-09-15 11:08:46,688 - Bioreactor - INFO - Heat-only PID [trim]: setpoint=21.00C current=21.38C error=-0.38C rate=+0.00C/min ff=0.4 duty=0.0%
2026-09-15 11:08:50,880 - Bioreactor - INFO - Reading temperature from sensor 0
2026-09-15 11:08:51,680 - Bioreactor - INFO - Temperature: 21.312
2026-09-15 11:08:51,680 - Bioreactor - INFO - Peltier PWM stopped.
2026-09-15 11:08:51,680 - Bioreactor - INFO - Heat-only PID [trim]: setpoint=21.00C current=21.31C error=-0.31C rate=-0.15C/min ff=0.4 duty=0.0%
2026-09-15 11:08:55,882 - Bioreactor - INFO - Reading temperature from sensor 0
2026-09-15 11:08:56,704 - Bioreactor - INFO - Temperature: 21.312
2026-09-15 11:08:56,704 - Bioreactor - INFO - Peltier PWM stopped.
2026-09-15 11:08:56,704 - Bioreactor - INFO - Heat-only PID [trim]: setpoint=21.00C current=21.31C error=-0.31C rate=-0.15C/min ff=0.4 duty=0.0%
2026-09-15 11:09:00,884 - Bioreactor - INFO - Reading temperature from sensor 0
2026-09-15 11:09:01,696 - Bioreactor - INFO - Temperature: 21.312
2026-09-15 11:09:01,696 - Bioreactor - INFO - Peltier PWM stopped.
2026-09-15 11:09:01,696 - Bioreactor - INFO - Heat-only PID [trim]: setpoint=21.00C current=21.31C error=-0.31C rate=-0.15C/min ff=0.4 duty=0.0%
2026-09-15 11:09:05,884 - Bioreactor - INFO - Reading temperature from sensor 0
2026-09-15 11:09:06,692 - Bioreactor - INFO - Temperature: 21.312
2026-09-15 11:09:06,692 - Bioreactor - INFO - Peltier PWM stopped.
2026-09-15 11:09:06,692 - Bioreactor - INFO - Heat-only PID [trim]: setpoint=21.00C current=21.31C error=-0.31C rate=-0.15C/min ff=0.4 duty=0.0%
2026-09-15 11:09:10,885 - Bioreactor - INFO - Reading temperature from sensor 0
2026-09-15 11:09:11,680 - Bioreactor - INFO - Temperature: 21.312
2026-09-15 11:09:11,680 - Bioreactor - INFO - Peltier PWM stopped.
2026-09-15 11:09:11,680 - Bioreactor - INFO - Heat-only PID [trim]: setpoint=21.00C current=21.31C error=-0.31C rate=-0.15C/min ff=0.4 duty=0.0%
2026-09-15 11:09:15,885 - Bioreactor - INFO - Reading temperature from sensor 0
2026-09-15 11:09:16,672 - Bioreactor - INFO - Temperature: 21.312
2026-09-15 11:09:16,672 - Bioreactor - INFO - Peltier PWM stopped.
2026-09-15 11:09:16,672 - Bioreactor - INFO - Heat-only PID [trim]: setpoint=21.00C current=21.31C error=-0.31C rate=+0.00C/min ff=0.4 duty=0.0%
2026-09-15 11:09:20,885 - Bioreactor - INFO - Reading temperature from sensor 0
2026-09-15 11:09:21,696 - Bioreactor - INFO - Temperature: 21.312
2026-09-15 11:09:21,696 - Bioreactor - INFO - Peltier PWM stopped.
2026-09-15 11:09:21,696 - Bioreactor - INFO - Heat-only PID [trim]: setpoint=21.00C current=21.31C error=-0.31C rate=+0.00C/min ff=0.4 duty=0.0%
2026-09-15 11:09:25,885 - Bioreactor - INFO - Reading temperature from sensor 0
2026-09-15 11:09:26,689 - Bioreactor - INFO - Temperature: 21.25
2026-09-15 11:09:26,690 - Bioreactor - INFO - Peltier PWM stopped.
2026-09-15 11:09:26,690 - Bioreactor - INFO - Heat-only PID [trim]: setpoint=21.00C current=21.25C error=-0.25C rate=-0.15C/min ff=0.4 duty=0.0%
2026-09-15 11:09:30,885 - Bioreactor - INFO - Reading temperature from sensor 0
2026-09-15 11:09:31,680 - Bioreactor - INFO - Temperature: 21.25
2026-09-15 11:09:31,680 - Bioreactor - INFO - Peltier PWM stopped.
2026-09-15 11:09:31,680 - Bioreactor - INFO - Heat-only PID [trim]: setpoint=21.00C current=21.25C error=-0.25C rate=-0.15C/min ff=0.4 duty=0.0%
2026-09-15 11:09:35,885 - Bioreactor - INFO - Reading temperature from sensor 0
2026-09-15 11:09:36,672 - Bioreactor - INFO - Temperature: 21.25
2026-09-15 11:09:36,672 - Bioreactor - INFO - Peltier PWM stopped.
2026-09-15 11:09:36,672 - Bioreactor - INFO - Heat-only PID [trim]: setpoint=21.00C current=21.25C error=-0.25C rate=-0.15C/min ff=0.4 duty=0.0%
2026-09-15 11:09:40,885 - Bioreactor - INFO - Reading temperature from sensor 0
2026-09-15 11:09:41,696 - Bioreactor - INFO - Temperature: 21.25
2026-09-15 11:09:41,696 - Bioreactor - INFO - Peltier PWM stopped.
2026-09-15 11:09:41,696 - Bioreactor - INFO - Heat-only PID [trim]: setpoint=21.00C current=21.25C error=-0.25C rate=-0.15C/min ff=0.4 duty=0.0%
2026-09-15 11:09:45,885 - Bioreactor - INFO - Reading temperature from sensor 0
2026-09-15 11:09:46,692 - Bioreactor - INFO - Temperature: 21.187
2026-09-15 11:09:46,693 - Bioreactor - INFO - Peltier PWM stopped.
2026-09-15 11:09:46,693 - Bioreactor - INFO - Heat-only PID [trim]: setpoint=21.00C current=21.19C error=-0.19C rate=-0.30C/min ff=0.4 duty=0.0%
2026-09-15 11:09:50,885 - Bioreactor - INFO - Reading temperature from sensor 0
2026-09-15 11:09:51,680 - Bioreactor - INFO - Temperature: 21.25
2026-09-15 11:09:51,680 - Bioreactor - INFO - Peltier PWM stopped.
2026-09-15 11:09:51,680 - Bioreactor - INFO - Heat-only PID [trim]: setpoint=21.00C current=21.25C error=-0.25C rate=+0.00C/min ff=0.4 duty=0.0%
2026-09-15 11:09:55,885 - Bioreactor - INFO - Reading temperature from sensor 0
2026-09-15 11:09:56,672 - Bioreactor - INFO - Temperature: 21.187
2026-09-15 11:09:56,675 - Bioreactor - INFO - Peltier PWM stopped.
2026-09-15 11:09:56,676 - Bioreactor - INFO - Heat-only PID [trim]: setpoint=21.00C current=21.19C error=-0.19C rate=-0.15C/min ff=0.4 duty=0.0%
2026-09-15 11:10:00,885 - Bioreactor - INFO - Reading temperature from sensor 0
2026-09-15 11:10:01,696 - Bioreactor - INFO - Temperature: 21.187
2026-09-15 11:10:01,696 - Bioreactor - INFO - Peltier PWM stopped.
2026-09-15 11:10:01,696 - Bioreactor - INFO - Heat-only PID [trim]: setpoint=21.00C current=21.19C error=-0.19C rate=-0.15C/min ff=0.4 duty=0.0%
2026-09-15 11:10:05,886 - Bioreactor - INFO - Reading temperature from sensor 0
2026-09-15 11:10:06,688 - Bioreactor - INFO - Temperature: 21.187
2026-09-15 11:10:06,688 - Bioreactor - INFO - Peltier PWM stopped.
2026-09-15 11:10:06,688 - Bioreactor - INFO - Heat-only PID [trim]: setpoint=21.00C current=21.19C error=-0.19C rate=-0.15C/min ff=0.4 duty=0.0%
2026-09-15 11:10:10,886 - Bioreactor - INFO - Reading temperature from sensor 0
2026-09-15 11:10:11,680 - Bioreactor - INFO - Temperature: 21.187
2026-09-15 11:10:11,680 - Bioreactor - INFO - Peltier PWM stopped.
2026-09-15 11:10:11,680 - Bioreactor - INFO - Heat-only PID [trim]: setpoint=21.00C current=21.19C error=-0.19C rate=+0.00C/min ff=0.4 duty=0.0%
2026-09-15 11:10:15,886 - Bioreactor - INFO - Reading temperature from sensor 0
2026-09-15 11:10:16,672 - Bioreactor - INFO - Temperature: 21.187
2026-09-15 11:10:16,672 - Bioreactor - INFO - Peltier PWM stopped.
2026-09-15 11:10:16,672 - Bioreactor - INFO - Heat-only PID [trim]: setpoint=21.00C current=21.19C error=-0.19C rate=-0.15C/min ff=0.4 duty=0.0%
2026-09-15 11:10:20,886 - Bioreactor - INFO - Reading temperature from sensor 0
2026-09-15 11:10:21,696 - Bioreactor - INFO - Temperature: 21.187
2026-09-15 11:10:21,696 - Bioreactor - INFO - Peltier PWM stopped.
2026-09-15 11:10:21,696 - Bioreactor - INFO - Heat-only PID [trim]: setpoint=21.00C current=21.19C error=-0.19C rate=+0.00C/min ff=0.4 duty=0.0%
2026-09-15 11:10:25,886 - Bioreactor - INFO - Reading temperature from sensor 0
2026-09-15 11:10:26,688 - Bioreactor - INFO - Temperature: 21.125
2026-09-15 11:10:26,688 - Bioreactor - INFO - Peltier PWM stopped.
2026-09-15 11:10:26,688 - Bioreactor - INFO - Heat-only PID [trim]: setpoint=21.00C current=21.12C error=-0.12C rate=-0.15C/min ff=0.4 duty=0.0%
2026-09-15 11:10:30,886 - Bioreactor - INFO - Reading temperature from sensor 0
2026-09-15 11:10:31,680 - Bioreactor - INFO - Temperature: 21.125
2026-09-15 11:10:31,680 - Bioreactor - INFO - Peltier PWM stopped.
2026-09-15 11:10:31,680 - Bioreactor - INFO - Heat-only PID [trim]: setpoint=21.00C current=21.12C error=-0.12C rate=-0.15C/min ff=0.4 duty=0.0%
2026-09-15 11:10:35,886 - Bioreactor - INFO - Reading temperature from sensor 0
2026-09-15 11:10:36,672 - Bioreactor - INFO - Temperature: 21.125
2026-09-15 11:10:36,672 - Bioreactor - INFO - Peltier PWM stopped.
2026-09-15 11:10:36,672 - Bioreactor - INFO - Heat-only PID [trim]: setpoint=21.00C current=21.12C error=-0.12C rate=-0.15C/min ff=0.4 duty=0.0%
2026-09-15 11:10:40,886 - Bioreactor - INFO - Reading temperature from sensor 0
2026-09-15 11:10:41,696 - Bioreactor - INFO - Temperature: 21.125
2026-09-15 11:10:41,696 - Bioreactor - INFO - Peltier PWM stopped.
2026-09-15 11:10:41,696 - Bioreactor - INFO - Heat-only PID [trim]: setpoint=21.00C current=21.12C error=-0.12C rate=-0.15C/min ff=0.4 duty=0.0%
2026-09-15 11:10:45,886 - Bioreactor - INFO - Reading temperature from sensor 0
2026-09-15 11:10:46,688 - Bioreactor - INFO - Temperature: 21.125
2026-09-15 11:10:46,688 - Bioreactor - INFO - Peltier PWM stopped.
2026-09-15 11:10:46,688 - Bioreactor - INFO - Heat-only PID [trim]: setpoint=21.00C current=21.12C error=-0.12C rate=-0.15C/min ff=0.4 duty=0.0%
2026-09-15 11:10:50,886 - Bioreactor - INFO - Reading temperature from sensor 0
2026-09-15 11:10:51,680 - Bioreactor - INFO - Temperature: 21.125
2026-09-15 11:10:51,680 - Bioreactor - INFO - Peltier PWM stopped.
2026-09-15 11:10:51,680 - Bioreactor - INFO - Heat-only PID [trim]: setpoint=21.00C current=21.12C error=-0.12C rate=+0.00C/min ff=0.4 duty=0.0%
2026-09-15 11:10:55,887 - Bioreactor - INFO - Reading temperature from sensor 0
2026-09-15 11:10:56,672 - Bioreactor - INFO - Temperature: 21.125
2026-09-15 11:10:56,672 - Bioreactor - INFO - Peltier PWM stopped.
2026-09-15 11:10:56,672 - Bioreactor - INFO - Heat-only PID [trim]: setpoint=21.00C current=21.12C error=-0.12C rate=+0.00C/min ff=0.4 duty=0.0%
2026-09-15 11:11:00,887 - Bioreactor - INFO - Reading temperature from sensor 0
2026-09-15 11:11:01,696 - Bioreactor - INFO - Temperature: 21.125
2026-09-15 11:11:01,696 - Bioreactor - INFO - Peltier PWM stopped.
2026-09-15 11:11:01,696 - Bioreactor - INFO - Heat-only PID [trim]: setpoint=21.00C current=21.12C error=-0.12C rate=+0.00C/min ff=0.4 duty=0.0%
2026-09-15 11:11:05,887 - Bioreactor - INFO - Reading temperature from sensor 0
2026-09-15 11:11:06,688 - Bioreactor - INFO - Temperature: 21.125
2026-09-15 11:11:06,688 - Bioreactor - INFO - Peltier PWM stopped.
2026-09-15 11:11:06,688 - Bioreactor - INFO - Heat-only PID [trim]: setpoint=21.00C current=21.12C error=-0.12C rate=+0.00C/min ff=0.4 duty=0.0%
2026-09-15 11:11:10,887 - Bioreactor - INFO - Reading temperature from sensor 0
2026-09-15 11:11:11,680 - Bioreactor - INFO - Temperature: 21.125
2026-09-15 11:11:11,680 - Bioreactor - INFO - Peltier PWM stopped.
2026-09-15 11:11:11,680 - Bioreactor - INFO - Heat-only PID [trim]: setpoint=21.00C current=21.12C error=-0.12C rate=+0.00C/min ff=0.4 duty=0.0%
2026-09-15 11:11:15,887 - Bioreactor - INFO - Reading temperature from sensor 0
2026-09-15 11:11:16,704 - Bioreactor - INFO - Temperature: 21.125
2026-09-15 11:11:16,704 - Bioreactor - INFO - Peltier PWM stopped.
2026-09-15 11:11:16,704 - Bioreactor - INFO - Heat-only PID [trim]: setpoint=21.00C current=21.12C error=-0.12C rate=+0.00C/min ff=0.4 duty=0.0%
2026-09-15 11:11:20,887 - Bioreactor - INFO - Reading temperature from sensor 0
2026-09-15 11:11:21,696 - Bioreactor - INFO - Temperature: 21.062
2026-09-15 11:11:21,696 - Bioreactor - INFO - Peltier PWM stopped.
2026-09-15 11:11:21,696 - Bioreactor - INFO - Heat-only PID [trim]: setpoint=21.00C current=21.06C error=-0.06C rate=-0.15C/min ff=0.4 duty=0.0%
2026-09-15 11:11:25,887 - Bioreactor - INFO - Reading temperature from sensor 0
2026-09-15 11:11:26,688 - Bioreactor - INFO - Temperature: 21.062
2026-09-15 11:11:26,688 - Bioreactor - INFO - Peltier PWM stopped.
2026-09-15 11:11:26,688 - Bioreactor - INFO - Heat-only PID [trim]: setpoint=21.00C current=21.06C error=-0.06C rate=-0.15C/min ff=0.4 duty=0.0%
2026-09-15 11:11:30,887 - Bioreactor - INFO - Reading temperature from sensor 0
2026-09-15 11:11:31,680 - Bioreactor - INFO - Temperature: 21.062
2026-09-15 11:11:31,680 - Bioreactor - INFO - Peltier PWM stopped.
2026-09-15 11:11:31,680 - Bioreactor - INFO - Heat-only PID [trim]: setpoint=21.00C current=21.06C error=-0.06C rate=-0.15C/min ff=0.4 duty=0.0%
2026-09-15 11:11:35,887 - Bioreactor - INFO - Reading temperature from sensor 0
2026-09-15 11:11:36,704 - Bioreactor - INFO - Temperature: 21.125
2026-09-15 11:11:36,707 - Bioreactor - INFO - Peltier PWM stopped.
2026-09-15 11:11:36,708 - Bioreactor - INFO - Heat-only PID [trim]: setpoint=21.00C current=21.12C error=-0.12C rate=+0.00C/min ff=0.4 duty=0.0%
2026-09-15 11:11:40,887 - Bioreactor - INFO - Reading temperature from sensor 0
2026-09-15 11:11:41,696 - Bioreactor - INFO - Temperature: 21.062
2026-09-15 11:11:41,696 - Bioreactor - INFO - Peltier PWM stopped.
2026-09-15 11:11:41,696 - Bioreactor - INFO - Heat-only PID [trim]: setpoint=21.00C current=21.06C error=-0.06C rate=-0.15C/min ff=0.4 duty=0.0%
2026-09-15 11:11:45,888 - Bioreactor - INFO - Reading temperature from sensor 0
2026-09-15 11:11:46,688 - Bioreactor - INFO - Temperature: 21.062
2026-09-15 11:11:46,688 - Bioreactor - INFO - Peltier PWM stopped.
2026-09-15 11:11:46,688 - Bioreactor - INFO - Heat-only PID [trim]: setpoint=21.00C current=21.06C error=-0.06C rate=+0.00C/min ff=0.4 duty=0.0%
2026-09-15 11:11:50,888 - Bioreactor - INFO - Reading temperature from sensor 0
2026-09-15 11:11:51,680 - Bioreactor - INFO - Temperature: 21.062
2026-09-15 11:11:51,680 - Bioreactor - INFO - Peltier PWM stopped.
2026-09-15 11:11:51,680 - Bioreactor - INFO - Heat-only PID [trim]: setpoint=21.00C current=21.06C error=-0.06C rate=+0.00C/min ff=0.4 duty=0.0%
2026-09-15 11:11:55,888 - Bioreactor - INFO - Reading temperature from sensor 0
2026-09-15 11:11:56,704 - Bioreactor - INFO - Temperature: 21.062
2026-09-15 11:11:56,704 - Bioreactor - INFO - Peltier PWM stopped.
2026-09-15 11:11:56,704 - Bioreactor - INFO - Heat-only PID [trim]: setpoint=21.00C current=21.06C error=-0.06C rate=+0.00C/min ff=0.4 duty=0.0%
2026-09-15 11:12:00,888 - Bioreactor - INFO - Reading temperature from sensor 0
2026-09-15 11:12:01,696 - Bioreactor - INFO - Temperature: 21.062
2026-09-15 11:12:01,696 - Bioreactor - INFO - Peltier PWM stopped.
2026-09-15 11:12:01,696 - Bioreactor - INFO - Heat-only PID [trim]: setpoint=21.00C current=21.06C error=-0.06C rate=-0.15C/min ff=0.4 duty=0.0%
2026-09-15 11:12:05,888 - Bioreactor - INFO - Reading temperature from sensor 0
2026-09-15 11:12:06,688 - Bioreactor - INFO - Temperature: 21.062
2026-09-15 11:12:06,688 - Bioreactor - INFO - Peltier PWM stopped.
2026-09-15 11:12:06,688 - Bioreactor - INFO - Heat-only PID [trim]: setpoint=21.00C current=21.06C error=-0.06C rate=+0.00C/min ff=0.4 duty=0.0%
2026-09-15 11:12:10,888 - Bioreactor - INFO - Reading temperature from sensor 0
2026-09-15 11:12:11,680 - Bioreactor - INFO - Temperature: 21.062
2026-09-15 11:12:11,680 - Bioreactor - INFO - Peltier PWM stopped.
2026-09-15 11:12:11,681 - Bioreactor - INFO - Heat-only PID [trim]: setpoint=21.00C current=21.06C error=-0.06C rate=+0.00C/min ff=0.4 duty=0.0%
2026-09-15 11:12:15,888 - Bioreactor - INFO - Reading temperature from sensor 0
2026-09-15 11:12:16,704 - Bioreactor - INFO - Temperature: 21.062
2026-09-15 11:12:16,705 - Bioreactor - INFO - Peltier PWM stopped.
2026-09-15 11:12:16,705 - Bioreactor - INFO - Heat-only PID [trim]: setpoint=21.00C current=21.06C error=-0.06C rate=+0.00C/min ff=0.4 duty=0.0%
2026-09-15 11:12:20,889 - Bioreactor - INFO - Reading temperature from sensor 0
2026-09-15 11:12:21,696 - Bioreactor - INFO - Temperature: 21.062
2026-09-15 11:12:21,696 - Bioreactor - INFO - Peltier PWM stopped.
2026-09-15 11:12:21,696 - Bioreactor - INFO - Heat-only PID [trim]: setpoint=21.00C current=21.06C error=-0.06C rate=+0.00C/min ff=0.4 duty=0.0%
2026-09-15 11:12:25,889 - Bioreactor - INFO - Reading temperature from sensor 0
2026-09-15 11:12:26,692 - Bioreactor - INFO - Temperature: 21.062
2026-09-15 11:12:26,692 - Bioreactor - INFO - Peltier PWM stopped.
2026-09-15 11:12:26,692 - Bioreactor - INFO - Heat-only PID [trim]: setpoint=21.00C current=21.06C error=-0.06C rate=+0.00C/min ff=0.4 duty=0.0%
2026-09-15 11:12:30,889 - Bioreactor - INFO - Reading temperature from sensor 0
2026-09-15 11:12:31,680 - Bioreactor - INFO - Temperature: 21.062
2026-09-15 11:12:31,680 - Bioreactor - INFO - Peltier PWM stopped.
2026-09-15 11:12:31,680 - Bioreactor - INFO - Heat-only PID [trim]: setpoint=21.00C current=21.06C error=-0.06C rate=+0.00C/min ff=0.4 duty=0.0%
2026-09-15 11:12:35,889 - Bioreactor - INFO - Reading temperature from sensor 0
2026-09-15 11:12:36,704 - Bioreactor - INFO - Temperature: 21.062
2026-09-15 11:12:36,704 - Bioreactor - INFO - Peltier PWM stopped.
2026-09-15 11:12:36,704 - Bioreactor - INFO - Heat-only PID [trim]: setpoint=21.00C current=21.06C error=-0.06C rate=+0.00C/min ff=0.4 duty=0.0%
2026-09-15 11:12:40,889 - Bioreactor - INFO - Reading temperature from sensor 0
2026-09-15 11:12:41,696 - Bioreactor - INFO - Temperature: 21.062
2026-09-15 11:12:41,696 - Bioreactor - INFO - Peltier PWM stopped.
2026-09-15 11:12:41,696 - Bioreactor - INFO - Heat-only PID [trim]: setpoint=21.00C current=21.06C error=-0.06C rate=+0.00C/min ff=0.4 duty=0.0%
2026-09-15 11:12:45,889 - Bioreactor - INFO - Reading temperature from sensor 0
2026-09-15 11:12:46,692 - Bioreactor - INFO - Temperature: 21.125
2026-09-15 11:12:46,692 - Bioreactor - INFO - Peltier PWM stopped.
2026-09-15 11:12:46,692 - Bioreactor - INFO - Heat-only PID [trim]: setpoint=21.00C current=21.12C error=-0.12C rate=+0.15C/min ff=0.4 duty=0.0%
2026-09-15 11:12:50,889 - Bioreactor - INFO - Reading temperature from sensor 0
2026-09-15 11:12:51,680 - Bioreactor - INFO - Temperature: 21.125
2026-09-15 11:12:51,680 - Bioreactor - INFO - Peltier PWM stopped.
2026-09-15 11:12:51,680 - Bioreactor - INFO - Heat-only PID [trim]: setpoint=21.00C current=21.12C error=-0.12C rate=+0.15C/min ff=0.4 duty=0.0%
2026-09-15 11:12:55,889 - Bioreactor - INFO - Reading temperature from sensor 0
2026-09-15 11:12:56,704 - Bioreactor - INFO - Temperature: 21.062
2026-09-15 11:12:56,708 - Bioreactor - INFO - Peltier PWM stopped.
2026-09-15 11:12:56,708 - Bioreactor - INFO - Heat-only PID [trim]: setpoint=21.00C current=21.06C error=-0.06C rate=+0.00C/min ff=0.4 duty=0.0%
2026-09-15 11:13:00,889 - Bioreactor - INFO - Reading temperature from sensor 0
2026-09-15 11:13:01,696 - Bioreactor - INFO - Temperature: 21.125
2026-09-15 11:13:01,696 - Bioreactor - INFO - Peltier PWM stopped.
2026-09-15 11:13:01,696 - Bioreactor - INFO - Heat-only PID [trim]: setpoint=21.00C current=21.12C error=-0.12C rate=+0.15C/min ff=0.4 duty=0.0%
2026-09-15 11:13:05,889 - Bioreactor - INFO - Reading temperature from sensor 0
2026-09-15 11:13:06,688 - Bioreactor - INFO - Temperature: 21.125
2026-09-15 11:13:06,688 - Bioreactor - INFO - Peltier PWM stopped.
2026-09-15 11:13:06,688 - Bioreactor - INFO - Heat-only PID [trim]: setpoint=21.00C current=21.12C error=-0.12C rate=+0.15C/min ff=0.4 duty=0.0%
2026-09-15 11:13:10,890 - Bioreactor - INFO - Reading temperature from sensor 0
2026-09-15 11:13:11,680 - Bioreactor - INFO - Temperature: 21.125
2026-09-15 11:13:11,680 - Bioreactor - INFO - Peltier PWM stopped.
2026-09-15 11:13:11,680 - Bioreactor - INFO - Heat-only PID [trim]: setpoint=21.00C current=21.12C error=-0.12C rate=+0.00C/min ff=0.4 duty=0.0%
2026-09-15 11:13:15,890 - Bioreactor - INFO - Reading temperature from sensor 0
2026-09-15 11:13:16,704 - Bioreactor - INFO - Temperature: 21.125
2026-09-15 11:13:16,704 - Bioreactor - INFO - Peltier PWM stopped.
2026-09-15 11:13:16,704 - Bioreactor - INFO - Heat-only PID [trim]: setpoint=21.00C current=21.12C error=-0.12C rate=+0.00C/min ff=0.4 duty=0.0%
2026-09-15 11:13:20,890 - Bioreactor - INFO - Reading temperature from sensor 0
2026-09-15 11:13:21,696 - Bioreactor - INFO - Temperature: 21.125
2026-09-15 11:13:21,696 - Bioreactor - INFO - Peltier PWM stopped.
2026-09-15 11:13:21,696 - Bioreactor - INFO - Heat-only PID [trim]: setpoint=21.00C current=21.12C error=-0.12C rate=+0.15C/min ff=0.4 duty=0.0%
2026-09-15 11:13:25,890 - Bioreactor - INFO - Reading temperature from sensor 0
2026-09-15 11:13:26,696 - Bioreactor - INFO - Temperature: 21.125
2026-09-15 11:13:26,696 - Bioreactor - INFO - Peltier PWM stopped.
2026-09-15 11:13:26,700 - Bioreactor - INFO - Heat-only PID [trim]: setpoint=21.00C current=21.12C error=-0.12C rate=+0.00C/min ff=0.4 duty=0.0%
2026-09-15 11:13:30,890 - Bioreactor - INFO - Reading temperature from sensor 0
2026-09-15 11:13:31,680 - Bioreactor - INFO - Temperature: 21.125
2026-09-15 11:13:31,680 - Bioreactor - INFO - Peltier PWM stopped.
2026-09-15 11:13:31,680 - Bioreactor - INFO - Heat-only PID [trim]: setpoint=21.00C current=21.12C error=-0.12C rate=+0.00C/min ff=0.4 duty=0.0%
2026-09-15 11:13:35,890 - Bioreactor - INFO - Reading temperature from sensor 0
2026-09-15 11:13:36,704 - Bioreactor - INFO - Temperature: 21.125
2026-09-15 11:13:36,704 - Bioreactor - INFO - Peltier PWM stopped.
2026-09-15 11:13:36,704 - Bioreactor - INFO - Heat-only PID [trim]: setpoint=21.00C current=21.12C error=-0.12C rate=+0.00C/min ff=0.4 duty=0.0%
2026-09-15 11:13:40,890 - Bioreactor - INFO - Reading temperature from sensor 0
2026-09-15 11:13:41,696 - Bioreactor - INFO - Temperature: 21.125
2026-09-15 11:13:41,696 - Bioreactor - INFO - Peltier PWM stopped.
2026-09-15 11:13:41,696 - Bioreactor - INFO - Heat-only PID [trim]: setpoint=21.00C current=21.12C error=-0.12C rate=+0.00C/min ff=0.4 duty=0.0%
2026-09-15 11:13:45,890 - Bioreactor - INFO - Reading temperature from sensor 0
2026-09-15 11:13:46,696 - Bioreactor - INFO - Temperature: 21.125
2026-09-15 11:13:46,696 - Bioreactor - INFO - Peltier PWM stopped.
2026-09-15 11:13:46,696 - Bioreactor - INFO - Heat-only PID [trim]: setpoint=21.00C current=21.12C error=-0.12C rate=+0.00C/min ff=0.4 duty=0.0%
2026-09-15 11:13:50,890 - Bioreactor - INFO - Reading temperature from sensor 0
2026-09-15 11:13:51,680 - Bioreactor - INFO - Temperature: 21.125
2026-09-15 11:13:51,680 - Bioreactor - INFO - Peltier PWM stopped.
2026-09-15 11:13:51,680 - Bioreactor - INFO - Heat-only PID [trim]: setpoint=21.00C current=21.12C error=-0.12C rate=+0.00C/min ff=0.4 duty=0.0%
2026-09-15 11:13:55,890 - Bioreactor - INFO - Reading temperature from sensor 0
2026-09-15 11:13:56,704 - Bioreactor - INFO - Temperature: 21.187
2026-09-15 11:13:56,704 - Bioreactor - INFO - Peltier PWM stopped.
2026-09-15 11:13:56,704 - Bioreactor - INFO - Heat-only PID [trim]: setpoint=21.00C current=21.19C error=-0.19C rate=+0.15C/min ff=0.4 duty=0.0%
2026-09-15 11:14:00,890 - Bioreactor - INFO - Reading temperature from sensor 0
2026-09-15 11:14:01,696 - Bioreactor - INFO - Temperature: 21.187
2026-09-15 11:14:01,696 - Bioreactor - INFO - Peltier PWM stopped.
2026-09-15 11:14:01,696 - Bioreactor - INFO - Heat-only PID [trim]: setpoint=21.00C current=21.19C error=-0.19C rate=+0.15C/min ff=0.4 duty=0.0%
2026-09-15 11:14:05,891 - Bioreactor - INFO - Reading temperature from sensor 0
2026-09-15 11:14:06,688 - Bioreactor - INFO - Temperature: 21.125
2026-09-15 11:14:06,688 - Bioreactor - INFO - Peltier PWM stopped.
2026-09-15 11:14:06,688 - Bioreactor - INFO - Heat-only PID [trim]: setpoint=21.00C current=21.12C error=-0.12C rate=+0.00C/min ff=0.4 duty=0.0%
2026-09-15 11:14:10,891 - Bioreactor - INFO - Reading temperature from sensor 0
2026-09-15 11:14:11,680 - Bioreactor - INFO - Temperature: 21.187
2026-09-15 11:14:11,680 - Bioreactor - INFO - Peltier PWM stopped.
2026-09-15 11:14:11,680 - Bioreactor - INFO - Heat-only PID [trim]: setpoint=21.00C current=21.19C error=-0.19C rate=+0.15C/min ff=0.4 duty=0.0%
2026-09-15 11:14:15,891 - Bioreactor - INFO - Reading temperature from sensor 0
2026-09-15 11:14:16,704 - Bioreactor - INFO - Temperature: 21.187
2026-09-15 11:14:16,704 - Bioreactor - INFO - Peltier PWM stopped.
2026-09-15 11:14:16,704 - Bioreactor - INFO - Heat-only PID [trim]: setpoint=21.00C current=21.19C error=-0.19C rate=+0.15C/min ff=0.4 duty=0.0%
2026-09-15 11:14:20,891 - Bioreactor - INFO - Reading temperature from sensor 0
2026-09-15 11:14:21,696 - Bioreactor - INFO - Temperature: 21.187
2026-09-15 11:14:21,697 - Bioreactor - INFO - Peltier PWM stopped.
2026-09-15 11:14:21,697 - Bioreactor - INFO - Heat-only PID [trim]: setpoint=21.00C current=21.19C error=-0.19C rate=+0.00C/min ff=0.4 duty=0.0%
2026-09-15 11:14:25,891 - Bioreactor - INFO - Reading temperature from sensor 0
2026-09-15 11:14:26,688 - Bioreactor - INFO - Temperature: 21.187
2026-09-15 11:14:26,688 - Bioreactor - INFO - Peltier PWM stopped.
2026-09-15 11:14:26,689 - Bioreactor - INFO - Heat-only PID [trim]: setpoint=21.00C current=21.19C error=-0.19C rate=+0.00C/min ff=0.4 duty=0.0%
2026-09-15 11:14:30,891 - Bioreactor - INFO - Reading temperature from sensor 0
2026-09-15 11:14:31,680 - Bioreactor - INFO - Temperature: 21.187
2026-09-15 11:14:31,680 - Bioreactor - INFO - Peltier PWM stopped.
2026-09-15 11:14:31,681 - Bioreactor - INFO - Heat-only PID [trim]: setpoint=21.00C current=21.19C error=-0.19C rate=+0.15C/min ff=0.4 duty=0.0%
2026-09-15 11:14:35,891 - Bioreactor - INFO - Reading temperature from sensor 0
2026-09-15 11:14:36,704 - Bioreactor - INFO - Temperature: 21.187
2026-09-15 11:14:36,708 - Bioreactor - INFO - Peltier PWM stopped.
2026-09-15 11:14:36,708 - Bioreactor - INFO - Heat-only PID [trim]: setpoint=21.00C current=21.19C error=-0.19C rate=+0.00C/min ff=0.4 duty=0.0%
2026-09-15 11:14:40,891 - Bioreactor - INFO - Reading temperature from sensor 0
2026-09-15 11:14:41,696 - Bioreactor - INFO - Temperature: 21.25
2026-09-15 11:14:41,696 - Bioreactor - INFO - Peltier PWM stopped.
2026-09-15 11:14:41,697 - Bioreactor - INFO - Heat-only PID [trim]: setpoint=21.00C current=21.25C error=-0.25C rate=+0.15C/min ff=0.4 duty=0.0%
2026-09-15 11:14:45,891 - Bioreactor - INFO - Reading temperature from sensor 0
2026-09-15 11:14:46,692 - Bioreactor - INFO - Temperature: 21.25
2026-09-15 11:14:46,692 - Bioreactor - INFO - Peltier PWM stopped.
2026-09-15 11:14:46,692 - Bioreactor - INFO - Heat-only PID [trim]: setpoint=21.00C current=21.25C error=-0.25C rate=+0.15C/min ff=0.4 duty=0.0%
2026-09-15 11:14:50,891 - Bioreactor - INFO - Reading temperature from sensor 0
2026-09-15 11:14:51,680 - Bioreactor - INFO - Temperature: 21.25
2026-09-15 11:14:51,680 - Bioreactor - INFO - Peltier PWM stopped.
2026-09-15 11:14:51,681 - Bioreactor - INFO - Heat-only PID [trim]: setpoint=21.00C current=21.25C error=-0.25C rate=+0.15C/min ff=0.4 duty=0.0%
2026-09-15 11:14:55,892 - Bioreactor - INFO - Reading temperature from sensor 0
2026-09-15 11:14:56,704 - Bioreactor - INFO - Temperature: 21.25
2026-09-15 11:14:56,704 - Bioreactor - INFO - Peltier PWM stopped.
2026-09-15 11:14:56,705 - Bioreactor - INFO - Heat-only PID [trim]: setpoint=21.00C current=21.25C error=-0.25C rate=+0.15C/min ff=0.4 duty=0.0%
2026-09-15 11:15:00,892 - Bioreactor - INFO - Reading temperature from sensor 0
2026-09-15 11:15:01,696 - Bioreactor - INFO - Temperature: 21.25
2026-09-15 11:15:01,696 - Bioreactor - INFO - Peltier PWM stopped.
2026-09-15 11:15:01,697 - Bioreactor - INFO - Heat-only PID [trim]: setpoint=21.00C current=21.25C error=-0.25C rate=+0.15C/min ff=0.4 duty=0.0%
2026-09-15 11:15:05,892 - Bioreactor - INFO - Reading temperature from sensor 0
2026-09-15 11:15:06,688 - Bioreactor - INFO - Temperature: 21.25
2026-09-15 11:15:06,688 - Bioreactor - INFO - Peltier PWM stopped.
2026-09-15 11:15:06,688 - Bioreactor - INFO - Heat-only PID [trim]: setpoint=21.00C current=21.25C error=-0.25C rate=+0.00C/min ff=0.4 duty=0.0%
2026-09-15 11:15:10,892 - Bioreactor - INFO - Reading temperature from sensor 0
2026-09-15 11:15:11,680 - Bioreactor - INFO - Temperature: 21.25
2026-09-15 11:15:11,680 - Bioreactor - INFO - Peltier PWM stopped.
2026-09-15 11:15:11,681 - Bioreactor - INFO - Heat-only PID [trim]: setpoint=21.00C current=21.25C error=-0.25C rate=+0.00C/min ff=0.4 duty=0.0%
2026-09-15 11:15:15,892 - Bioreactor - INFO - Reading temperature from sensor 0
2026-09-15 11:15:16,704 - Bioreactor - INFO - Temperature: 21.312
2026-09-15 11:15:16,704 - Bioreactor - INFO - Peltier PWM stopped.
2026-09-15 11:15:16,705 - Bioreactor - INFO - Heat-only PID [trim]: setpoint=21.00C current=21.31C error=-0.31C rate=+0.15C/min ff=0.4 duty=0.0%
2026-09-15 11:15:20,892 - Bioreactor - INFO - Reading temperature from sensor 0
2026-09-15 11:15:21,696 - Bioreactor - INFO - Temperature: 21.312
2026-09-15 11:15:21,696 - Bioreactor - INFO - Peltier PWM stopped.
2026-09-15 11:15:21,696 - Bioreactor - INFO - Heat-only PID [trim]: setpoint=21.00C current=21.31C error=-0.31C rate=+0.15C/min ff=0.4 duty=0.0%
2026-09-15 11:15:25,892 - Bioreactor - INFO - Reading temperature from sensor 0
2026-09-15 11:15:26,692 - Bioreactor - INFO - Temperature: 21.312
2026-09-15 11:15:26,692 - Bioreactor - INFO - Peltier PWM stopped.
2026-09-15 11:15:26,692 - Bioreactor - INFO - Heat-only PID [trim]: setpoint=21.00C current=21.31C error=-0.31C rate=+0.15C/min ff=0.4 duty=0.0%
2026-09-15 11:15:30,892 - Bioreactor - INFO - Reading temperature from sensor 0
2026-09-15 11:15:31,700 - Bioreactor - INFO - Temperature: 21.312
2026-09-15 11:15:31,700 - Bioreactor - INFO - Peltier PWM stopped.
2026-09-15 11:15:31,700 - Bioreactor - INFO - Heat-only PID [trim]: setpoint=21.00C current=21.31C error=-0.31C rate=+0.15C/min ff=0.4 duty=0.0%
2026-09-15 11:15:35,892 - Bioreactor - INFO - Reading temperature from sensor 0
2026-09-15 11:15:36,708 - Bioreactor - INFO - Temperature: 21.312
2026-09-15 11:15:36,708 - Bioreactor - INFO - Peltier PWM stopped.
2026-09-15 11:15:36,708 - Bioreactor - INFO - Heat-only PID [trim]: setpoint=21.00C current=21.31C error=-0.31C rate=+0.15C/min ff=0.4 duty=0.0%
2026-09-15 11:15:40,892 - Bioreactor - INFO - Reading temperature from sensor 0
2026-09-15 11:15:41,716 - Bioreactor - INFO - Temperature: 21.312
2026-09-15 11:15:41,717 - Bioreactor - INFO - Peltier PWM stopped.
2026-09-15 11:15:41,717 - Bioreactor - INFO - Heat-only PID [trim]: setpoint=21.00C current=21.31C error=-0.31C rate=+0.00C/min ff=0.4 duty=0.0%
2026-09-15 11:15:45,892 - Bioreactor - INFO - Reading temperature from sensor 0
2026-09-15 11:15:46,720 - Bioreactor - INFO - Temperature: 21.312
2026-09-15 11:15:46,724 - Bioreactor - INFO - Peltier PWM stopped.
2026-09-15 11:15:46,724 - Bioreactor - INFO - Heat-only PID [trim]: setpoint=21.00C current=21.31C error=-0.31C rate=+0.00C/min ff=0.4 duty=0.0%
2026-09-15 11:15:50,893 - Bioreactor - INFO - Reading temperature from sensor 0
2026-09-15 11:15:51,708 - Bioreactor - INFO - Temperature: 21.375
2026-09-15 11:15:51,708 - Bioreactor - INFO - Peltier PWM stopped.
2026-09-15 11:15:51,709 - Bioreactor - INFO - Heat-only PID [trim]: setpoint=21.00C current=21.38C error=-0.38C rate=+0.15C/min ff=0.4 duty=0.0%
2026-09-15 11:15:55,893 - Bioreactor - INFO - Reading temperature from sensor 0
2026-09-15 11:15:56,724 - Bioreactor - INFO - Temperature: 21.375
2026-09-15 11:15:56,724 - Bioreactor - INFO - Peltier PWM stopped.
2026-09-15 11:15:56,724 - Bioreactor - INFO - Heat-only PID [trim]: setpoint=21.00C current=21.38C error=-0.38C rate=+0.15C/min ff=0.4 duty=0.0%
2026-09-15 11:16:00,893 - Bioreactor - INFO - Reading temperature from sensor 0
2026-09-15 11:16:01,699 - Bioreactor - INFO - Temperature: 21.375
2026-09-15 11:16:01,700 - Bioreactor - INFO - Peltier PWM stopped.
2026-09-15 11:16:01,700 - Bioreactor - INFO - Heat-only PID [trim]: setpoint=21.00C current=21.38C error=-0.38C rate=+0.15C/min ff=0.4 duty=0.0%
2026-09-15 11:16:05,893 - Bioreactor - INFO - Reading temperature from sensor 0
2026-09-15 11:16:06,715 - Bioreactor - INFO - Temperature: 21.375
2026-09-15 11:16:06,715 - Bioreactor - INFO - Peltier PWM stopped.
2026-09-15 11:16:06,715 - Bioreactor - INFO - Heat-only PID [trim]: setpoint=21.00C current=21.38C error=-0.38C rate=+0.15C/min ff=0.4 duty=0.0%
2026-09-15 11:16:10,893 - Bioreactor - INFO - Reading temperature from sensor 0
2026-09-15 11:16:11,680 - Bioreactor - INFO - Temperature: 21.375
2026-09-15 11:16:11,680 - Bioreactor - INFO - Peltier PWM stopped.
2026-09-15 11:16:11,680 - Bioreactor - INFO - Heat-only PID [trim]: setpoint=21.00C current=21.38C error=-0.38C rate=+0.15C/min ff=0.4 duty=0.0%
2026-09-15 11:16:15,893 - Bioreactor - INFO - Reading temperature from sensor 0
2026-09-15 11:16:16,705 - Bioreactor - INFO - Temperature: 21.437
2026-09-15 11:16:16,705 - Bioreactor - INFO - Peltier PWM stopped.
2026-09-15 11:16:16,712 - Bioreactor - INFO - Heat-only PID [trim]: setpoint=21.00C current=21.44C error=-0.44C rate=+0.15C/min ff=0.4 duty=0.0%
2026-09-15 11:16:20,893 - Bioreactor - INFO - Reading temperature from sensor 0
2026-09-15 11:16:21,696 - Bioreactor - INFO - Temperature: 21.437
2026-09-15 11:16:21,696 - Bioreactor - INFO - Peltier PWM stopped.
2026-09-15 11:16:21,696 - Bioreactor - INFO - Heat-only PID [trim]: setpoint=21.00C current=21.44C error=-0.44C rate=+0.15C/min ff=0.4 duty=0.0%
2026-09-15 11:16:25,893 - Bioreactor - INFO - Reading temperature from sensor 0
2026-09-15 11:16:26,692 - Bioreactor - INFO - Temperature: 21.437
2026-09-15 11:16:26,692 - Bioreactor - INFO - Peltier PWM stopped.
2026-09-15 11:16:26,692 - Bioreactor - INFO - Heat-only PID [trim]: setpoint=21.00C current=21.44C error=-0.44C rate=+0.15C/min ff=0.4 duty=0.0%
2026-09-15 11:16:30,893 - Bioreactor - INFO - Reading temperature from sensor 0
2026-09-15 11:16:31,680 - Bioreactor - INFO - Temperature: 21.437
2026-09-15 11:16:31,680 - Bioreactor - INFO - Peltier PWM stopped.
2026-09-15 11:16:31,680 - Bioreactor - INFO - Heat-only PID [trim]: setpoint=21.00C current=21.44C error=-0.44C rate=+0.15C/min ff=0.4 duty=0.0%
2026-09-15 11:16:35,893 - Bioreactor - INFO - Reading temperature from sensor 0
2026-09-15 11:16:36,704 - Bioreactor - INFO - Temperature: 21.437
2026-09-15 11:16:36,704 - Bioreactor - INFO - Peltier PWM stopped.
2026-09-15 11:16:36,704 - Bioreactor - INFO - Heat-only PID [trim]: setpoint=21.00C current=21.44C error=-0.44C rate=+0.15C/min ff=0.4 duty=0.0%
2026-09-15 11:16:40,893 - Bioreactor - INFO - Reading temperature from sensor 0
2026-09-15 11:16:41,696 - Bioreactor - INFO - Temperature: 21.437
2026-09-15 11:16:41,696 - Bioreactor - INFO - Peltier PWM stopped.
2026-09-15 11:16:41,696 - Bioreactor - INFO - Heat-only PID [trim]: setpoint=21.00C current=21.44C error=-0.44C rate=+0.00C/min ff=0.4 duty=0.0%
2026-09-15 11:16:45,894 - Bioreactor - INFO - Reading temperature from sensor 0
2026-09-15 11:16:46,688 - Bioreactor - INFO - Temperature: 21.437
2026-09-15 11:16:46,688 - Bioreactor - INFO - Peltier PWM stopped.
2026-09-15 11:16:46,688 - Bioreactor - INFO - Heat-only PID [trim]: setpoint=21.00C current=21.44C error=-0.44C rate=+0.00C/min ff=0.4 duty=0.0%
2026-09-15 11:16:50,894 - Bioreactor - INFO - Reading temperature from sensor 0
2026-09-15 11:16:51,680 - Bioreactor - INFO - Temperature: 21.437
2026-09-15 11:16:51,680 - Bioreactor - INFO - Peltier PWM stopped.
2026-09-15 11:16:51,680 - Bioreactor - INFO - Heat-only PID [trim]: setpoint=21.00C current=21.44C error=-0.44C rate=+0.00C/min ff=0.4 duty=0.0%
2026-09-15 11:16:55,894 - Bioreactor - INFO - Reading temperature from sensor 0
2026-09-15 11:16:56,704 - Bioreactor - INFO - Temperature: 21.5
2026-09-15 11:16:56,704 - Bioreactor - INFO - Peltier PWM stopped.
2026-09-15 11:16:56,704 - Bioreactor - INFO - Heat-only PID [trim]: setpoint=21.00C current=21.50C error=-0.50C rate=+0.15C/min ff=0.4 duty=0.0%
2026-09-15 11:17:00,894 - Bioreactor - INFO - Reading temperature from sensor 0
2026-09-15 11:17:01,696 - Bioreactor - INFO - Temperature: 21.5
2026-09-15 11:17:01,696 - Bioreactor - INFO - Peltier PWM stopped.
2026-09-15 11:17:01,696 - Bioreactor - INFO - Heat-only PID [trim]: setpoint=21.00C current=21.50C error=-0.50C rate=+0.15C/min ff=0.4 duty=0.0%
2026-09-15 11:17:05,894 - Bioreactor - INFO - Reading temperature from sensor 0
2026-09-15 11:17:06,688 - Bioreactor - INFO - Temperature: 21.5
2026-09-15 11:17:06,688 - Bioreactor - INFO - Peltier PWM stopped.
2026-09-15 11:17:06,688 - Bioreactor - INFO - Heat-only PID [trim]: setpoint=21.00C current=21.50C error=-0.50C rate=+0.15C/min ff=0.4 duty=0.0%
2026-09-15 11:17:10,894 - Bioreactor - INFO - Reading temperature from sensor 0
2026-09-15 11:17:11,712 - Bioreactor - INFO - Temperature: 21.5
2026-09-15 11:17:11,712 - Bioreactor - INFO - Peltier PWM stopped.
2026-09-15 11:17:11,716 - Bioreactor - INFO - Heat-only PID [trim]: setpoint=21.00C current=21.50C error=-0.50C rate=+0.15C/min ff=0.4 duty=0.0%
2026-09-15 11:17:15,894 - Bioreactor - INFO - Reading temperature from sensor 0
2026-09-15 11:17:16,704 - Bioreactor - INFO - Temperature: 21.5
2026-09-15 11:17:16,704 - Bioreactor - INFO - Peltier PWM stopped.
2026-09-15 11:17:16,704 - Bioreactor - INFO - Heat-only PID [trim]: setpoint=21.00C current=21.50C error=-0.50C rate=+0.15C/min ff=0.4 duty=0.0%
2026-09-15 11:17:20,894 - Bioreactor - INFO - Reading temperature from sensor 0
2026-09-15 11:17:21,696 - Bioreactor - INFO - Temperature: 21.5
2026-09-15 11:17:21,696 - Bioreactor - INFO - Peltier PWM stopped.
2026-09-15 11:17:21,696 - Bioreactor - INFO - Heat-only PID [trim]: setpoint=21.00C current=21.50C error=-0.50C rate=+0.00C/min ff=0.4 duty=0.0%
2026-09-15 11:17:25,894 - Bioreactor - INFO - Reading temperature from sensor 0
2026-09-15 11:17:26,688 - Bioreactor - INFO - Temperature: 21.562
2026-09-15 11:17:26,689 - Bioreactor - INFO - Peltier PWM stopped.
2026-09-15 11:17:26,689 - Bioreactor - INFO - Heat-only PID [trim]: setpoint=21.00C current=21.56C error=-0.56C rate=+0.15C/min ff=0.4 duty=0.0%
2026-09-15 11:17:30,897 - Bioreactor - INFO - Reading temperature from sensor 0
2026-09-15 11:17:31,712 - Bioreactor - INFO - Temperature: 21.5
2026-09-15 11:17:31,712 - Bioreactor - INFO - Peltier PWM stopped.
2026-09-15 11:17:31,712 - Bioreactor - INFO - Heat-only PID [trim]: setpoint=21.00C current=21.50C error=-0.50C rate=+0.00C/min ff=0.4 duty=0.0%
2026-09-15 11:17:35,897 - Bioreactor - INFO - Reading temperature from sensor 0
2026-09-15 11:17:36,704 - Bioreactor - INFO - Temperature: 21.562
2026-09-15 11:17:36,704 - Bioreactor - INFO - Peltier PWM stopped.
2026-09-15 11:17:36,704 - Bioreactor - INFO - Heat-only PID [trim]: setpoint=21.00C current=21.56C error=-0.56C rate=+0.15C/min ff=0.4 duty=0.0%
2026-09-15 11:17:40,897 - Bioreactor - INFO - Reading temperature from sensor 0
2026-09-15 11:17:41,696 - Bioreactor - INFO - Temperature: 21.5
2026-09-15 11:17:41,696 - Bioreactor - INFO - Peltier PWM stopped.
2026-09-15 11:17:41,696 - Bioreactor - INFO - Heat-only PID [trim]: setpoint=21.00C current=21.50C error=-0.50C rate=+0.00C/min ff=0.4 duty=0.0%
2026-09-15 11:17:45,900 - Bioreactor - INFO - Reading temperature from sensor 0
2026-09-15 11:17:46,688 - Bioreactor - INFO - Temperature: 21.562
2026-09-15 11:17:46,688 - Bioreactor - INFO - Peltier PWM stopped.
2026-09-15 11:17:46,688 - Bioreactor - INFO - Heat-only PID [trim]: setpoint=21.00C current=21.56C error=-0.56C rate=+0.15C/min ff=0.4 duty=0.0%
2026-09-15 11:17:50,901 - Bioreactor - INFO - Reading temperature from sensor 0
2026-09-15 11:17:51,712 - Bioreactor - INFO - Temperature: 21.562
2026-09-15 11:17:51,712 - Bioreactor - INFO - Peltier PWM stopped.
2026-09-15 11:17:51,712 - Bioreactor - INFO - Heat-only PID [trim]: setpoint=21.00C current=21.56C error=-0.56C rate=+0.00C/min ff=0.4 duty=0.0%
2026-09-15 11:17:55,901 - Bioreactor - INFO - Reading temperature from sensor 0
2026-09-15 11:17:56,704 - Bioreactor - INFO - Temperature: 21.562
2026-09-15 11:17:56,704 - Bioreactor - INFO - Peltier PWM stopped.
2026-09-15 11:17:56,704 - Bioreactor - INFO - Heat-only PID [trim]: setpoint=21.00C current=21.56C error=-0.56C rate=+0.15C/min ff=0.4 duty=0.0%
2026-09-15 11:18:00,901 - Bioreactor - INFO - Reading temperature from sensor 0
2026-09-15 11:18:01,696 - Bioreactor - INFO - Temperature: 21.562
2026-09-15 11:18:01,696 - Bioreactor - INFO - Peltier PWM stopped.
2026-09-15 11:18:01,696 - Bioreactor - INFO - Heat-only PID [trim]: setpoint=21.00C current=21.56C error=-0.56C rate=+0.00C/min ff=0.4 duty=0.0%
2026-09-15 11:18:05,901 - Bioreactor - INFO - Reading temperature from sensor 0
2026-09-15 11:18:06,688 - Bioreactor - INFO - Temperature: 21.562
2026-09-15 11:18:06,688 - Bioreactor - INFO - Peltier PWM stopped.
2026-09-15 11:18:06,688 - Bioreactor - INFO - Heat-only PID [trim]: setpoint=21.00C current=21.56C error=-0.56C rate=+0.15C/min ff=0.4 duty=0.0%
2026-09-15 11:18:10,901 - Bioreactor - INFO - Reading temperature from sensor 0
2026-09-15 11:18:11,712 - Bioreactor - INFO - Temperature: 21.562
2026-09-15 11:18:11,712 - Bioreactor - INFO - Peltier PWM stopped.
2026-09-15 11:18:11,712 - Bioreactor - INFO - Heat-only PID [trim]: setpoint=21.00C current=21.56C error=-0.56C rate=+0.00C/min ff=0.4 duty=0.0%
2026-09-15 11:18:15,901 - Bioreactor - INFO - Reading temperature from sensor 0
2026-09-15 11:18:16,704 - Bioreactor - INFO - Temperature: 21.562
2026-09-15 11:18:16,704 - Bioreactor - INFO - Peltier PWM stopped.
2026-09-15 11:18:16,704 - Bioreactor - INFO - Heat-only PID [trim]: setpoint=21.00C current=21.56C error=-0.56C rate=+0.00C/min ff=0.4 duty=0.0%
2026-09-15 11:18:20,901 - Bioreactor - INFO - Reading temperature from sensor 0
2026-09-15 11:18:21,696 - Bioreactor - INFO - Temperature: 21.562
2026-09-15 11:18:21,696 - Bioreactor - INFO - Peltier PWM stopped.
2026-09-15 11:18:21,696 - Bioreactor - INFO - Heat-only PID [trim]: setpoint=21.00C current=21.56C error=-0.56C rate=+0.00C/min ff=0.4 duty=0.0%
2026-09-15 11:18:25,901 - Bioreactor - INFO - Reading temperature from sensor 0
2026-09-15 11:18:26,720 - Bioreactor - INFO - Temperature: 21.562
2026-09-15 11:18:26,720 - Bioreactor - INFO - Peltier PWM stopped.
2026-09-15 11:18:26,720 - Bioreactor - INFO - Heat-only PID [trim]: setpoint=21.00C current=21.56C error=-0.56C rate=+0.00C/min ff=0.4 duty=0.0%
2026-09-15 11:18:30,901 - Bioreactor - INFO - Reading temperature from sensor 0
2026-09-15 11:18:31,712 - Bioreactor - INFO - Temperature: 21.562
2026-09-15 11:18:31,712 - Bioreactor - INFO - Peltier PWM stopped.
2026-09-15 11:18:31,712 - Bioreactor - INFO - Heat-only PID [trim]: setpoint=21.00C current=21.56C error=-0.56C rate=+0.00C/min ff=0.4 duty=0.0%
2026-09-15 11:18:35,902 - Bioreactor - INFO - Reading temperature from sensor 0
2026-09-15 11:18:36,704 - Bioreactor - INFO - Temperature: 21.562
2026-09-15 11:18:36,704 - Bioreactor - INFO - Peltier PWM stopped.
2026-09-15 11:18:36,704 - Bioreactor - INFO - Heat-only PID [trim]: setpoint=21.00C current=21.56C error=-0.56C rate=+0.00C/min ff=0.4 duty=0.0%
2026-09-15 11:18:40,902 - Bioreactor - INFO - Reading temperature from sensor 0
2026-09-15 11:18:41,696 - Bioreactor - INFO - Temperature: 21.562
2026-09-15 11:18:41,696 - Bioreactor - INFO - Peltier PWM stopped.
2026-09-15 11:18:41,696 - Bioreactor - INFO - Heat-only PID [trim]: setpoint=21.00C current=21.56C error=-0.56C rate=+0.00C/min ff=0.4 duty=0.0%
2026-09-15 11:18:45,902 - Bioreactor - INFO - Reading temperature from sensor 0
2026-09-15 11:18:46,692 - Bioreactor - INFO - Temperature: 21.562
2026-09-15 11:18:46,692 - Bioreactor - INFO - Peltier PWM stopped.
2026-09-15 11:18:46,692 - Bioreactor - INFO - Heat-only PID [trim]: setpoint=21.00C current=21.56C error=-0.56C rate=+0.00C/min ff=0.4 duty=0.0%
2026-09-15 11:18:50,902 - Bioreactor - INFO - Reading temperature from sensor 0
2026-09-15 11:18:51,712 - Bioreactor - INFO - Temperature: 21.562
2026-09-15 11:18:51,712 - Bioreactor - INFO - Peltier PWM stopped.
2026-09-15 11:18:51,712 - Bioreactor - INFO - Heat-only PID [trim]: setpoint=21.00C current=21.56C error=-0.56C rate=+0.00C/min ff=0.4 duty=0.0%
2026-09-15 11:18:55,902 - Bioreactor - INFO - Reading temperature from sensor 0
2026-09-15 11:18:56,704 - Bioreactor - INFO - Temperature: 21.562
2026-09-15 11:18:56,704 - Bioreactor - INFO - Peltier PWM stopped.
2026-09-15 11:18:56,704 - Bioreactor - INFO - Heat-only PID [trim]: setpoint=21.00C current=21.56C error=-0.56C rate=+0.00C/min ff=0.4 duty=0.0%
2026-09-15 11:19:00,902 - Bioreactor - INFO - Reading temperature from sensor 0
2026-09-15 11:19:01,696 - Bioreactor - INFO - Temperature: 21.562
2026-09-15 11:19:01,696 - Bioreactor - INFO - Peltier PWM stopped.
2026-09-15 11:19:01,696 - Bioreactor - INFO - Heat-only PID [trim]: setpoint=21.00C current=21.56C error=-0.56C rate=+0.00C/min ff=0.4 duty=0.0%
2026-09-15 11:19:05,902 - Bioreactor - INFO - Reading temperature from sensor 0
2026-09-15 11:19:06,688 - Bioreactor - INFO - Temperature: 21.562
2026-09-15 11:19:06,688 - Bioreactor - INFO - Peltier PWM stopped.
2026-09-15 11:19:06,688 - Bioreactor - INFO - Heat-only PID [trim]: setpoint=21.00C current=21.56C error=-0.56C rate=+0.00C/min ff=0.4 duty=0.0%
2026-09-15 11:19:10,902 - Bioreactor - INFO - Reading temperature from sensor 0
2026-09-15 11:19:11,712 - Bioreactor - INFO - Temperature: 21.562
2026-09-15 11:19:11,712 - Bioreactor - INFO - Peltier PWM stopped.
2026-09-15 11:19:11,712 - Bioreactor - INFO - Heat-only PID [trim]: setpoint=21.00C current=21.56C error=-0.56C rate=+0.00C/min ff=0.4 duty=0.0%
2026-09-15 11:19:15,902 - Bioreactor - INFO - Reading temperature from sensor 0
2026-09-15 11:19:16,704 - Bioreactor - INFO - Temperature: 21.562
2026-09-15 11:19:16,704 - Bioreactor - INFO - Peltier PWM stopped.
2026-09-15 11:19:16,704 - Bioreactor - INFO - Heat-only PID [trim]: setpoint=21.00C current=21.56C error=-0.56C rate=+0.00C/min ff=0.4 duty=0.0%
2026-09-15 11:19:20,902 - Bioreactor - INFO - Reading temperature from sensor 0
2026-09-15 11:19:21,696 - Bioreactor - INFO - Temperature: 21.562
2026-09-15 11:19:21,696 - Bioreactor - INFO - Peltier PWM stopped.
2026-09-15 11:19:21,696 - Bioreactor - INFO - Heat-only PID [trim]: setpoint=21.00C current=21.56C error=-0.56C rate=+0.00C/min ff=0.4 duty=0.0%
2026-09-15 11:19:25,903 - Bioreactor - INFO - Reading temperature from sensor 0
2026-09-15 11:19:26,720 - Bioreactor - INFO - Temperature: 21.562
2026-09-15 11:19:26,720 - Bioreactor - INFO - Peltier PWM stopped.
2026-09-15 11:19:26,720 - Bioreactor - INFO - Heat-only PID [trim]: setpoint=21.00C current=21.56C error=-0.56C rate=+0.00C/min ff=0.4 duty=0.0%
2026-09-15 11:19:30,903 - Bioreactor - INFO - Reading temperature from sensor 0
2026-09-15 11:19:31,712 - Bioreactor - INFO - Temperature: 21.562
2026-09-15 11:19:31,712 - Bioreactor - INFO - Peltier PWM stopped.
2026-09-15 11:19:31,712 - Bioreactor - INFO - Heat-only PID [trim]: setpoint=21.00C current=21.56C error=-0.56C rate=+0.00C/min ff=0.4 duty=0.0%
2026-09-15 11:19:35,903 - Bioreactor - INFO - Reading temperature from sensor 0
2026-09-15 11:19:36,704 - Bioreactor - INFO - Temperature: 21.562
2026-09-15 11:19:36,704 - Bioreactor - INFO - Peltier PWM stopped.
2026-09-15 11:19:36,704 - Bioreactor - INFO - Heat-only PID [trim]: setpoint=21.00C current=21.56C error=-0.56C rate=+0.00C/min ff=0.4 duty=0.0%
2026-09-15 11:19:40,903 - Bioreactor - INFO - Reading temperature from sensor 0
2026-09-15 11:19:41,697 - Bioreactor - INFO - Temperature: 21.562
2026-09-15 11:19:41,697 - Bioreactor - INFO - Peltier PWM stopped.
2026-09-15 11:19:41,697 - Bioreactor - INFO - Heat-only PID [trim]: setpoint=21.00C current=21.56C error=-0.56C rate=+0.00C/min ff=0.4 duty=0.0%
2026-09-15 11:19:45,903 - Bioreactor - INFO - Reading temperature from sensor 0
2026-09-15 11:19:46,720 - Bioreactor - INFO - Temperature: 21.562
2026-09-15 11:19:46,720 - Bioreactor - INFO - Peltier PWM stopped.
2026-09-15 11:19:46,720 - Bioreactor - INFO - Heat-only PID [trim]: setpoint=21.00C current=21.56C error=-0.56C rate=+0.00C/min ff=0.4 duty=0.0%
2026-09-15 11:19:50,903 - Bioreactor - INFO - Reading temperature from sensor 0
2026-09-15 11:19:51,712 - Bioreactor - INFO - Temperature: 21.562
2026-09-15 11:19:51,712 - Bioreactor - INFO - Peltier PWM stopped.
2026-09-15 11:19:51,712 - Bioreactor - INFO - Heat-only PID [trim]: setpoint=21.00C current=21.56C error=-0.56C rate=+0.00C/min ff=0.4 duty=0.0%
2026-09-15 11:19:55,903 - Bioreactor - INFO - Reading temperature from sensor 0
2026-09-15 11:19:56,704 - Bioreactor - INFO - Temperature: 21.562
2026-09-15 11:19:56,704 - Bioreactor - INFO - Peltier PWM stopped.
2026-09-15 11:19:56,704 - Bioreactor - INFO - Heat-only PID [trim]: setpoint=21.00C current=21.56C error=-0.56C rate=+0.00C/min ff=0.4 duty=0.0%
2026-09-15 11:20:00,903 - Bioreactor - INFO - Reading temperature from sensor 0
2026-09-15 11:20:01,696 - Bioreactor - INFO - Temperature: 21.562
2026-09-15 11:20:01,696 - Bioreactor - INFO - Peltier PWM stopped.
2026-09-15 11:20:01,696 - Bioreactor - INFO - Heat-only PID [trim]: setpoint=21.00C current=21.56C error=-0.56C rate=+0.00C/min ff=0.4 duty=0.0%
2026-09-15 11:20:05,903 - Bioreactor - INFO - Reading temperature from sensor 0
2026-09-15 11:20:06,720 - Bioreactor - INFO - Temperature: 21.5
2026-09-15 11:20:06,724 - Bioreactor - INFO - Peltier PWM stopped.
2026-09-15 11:20:06,724 - Bioreactor - INFO - Heat-only PID [trim]: setpoint=21.00C current=21.50C error=-0.50C rate=-0.15C/min ff=0.4 duty=0.0%
2026-09-15 11:20:10,903 - Bioreactor - INFO - Reading temperature from sensor 0
2026-09-15 11:20:11,712 - Bioreactor - INFO - Temperature: 21.562
2026-09-15 11:20:11,712 - Bioreactor - INFO - Peltier PWM stopped.
2026-09-15 11:20:11,712 - Bioreactor - INFO - Heat-only PID [trim]: setpoint=21.00C current=21.56C error=-0.56C rate=+0.00C/min ff=0.4 duty=0.0%
2026-09-15 11:20:15,904 - Bioreactor - INFO - Reading temperature from sensor 0
2026-09-15 11:20:16,704 - Bioreactor - INFO - Temperature: 21.562
2026-09-15 11:20:16,704 - Bioreactor - INFO - Peltier PWM stopped.
2026-09-15 11:20:16,704 - Bioreactor - INFO - Heat-only PID [trim]: setpoint=21.00C current=21.56C error=-0.56C rate=+0.00C/min ff=0.4 duty=0.0%
2026-09-15 11:20:20,904 - Bioreactor - INFO - Reading temperature from sensor 0
2026-09-15 11:20:21,696 - Bioreactor - INFO - Temperature: 21.562
2026-09-15 11:20:21,696 - Bioreactor - INFO - Peltier PWM stopped.
2026-09-15 11:20:21,696 - Bioreactor - INFO - Heat-only PID [trim]: setpoint=21.00C current=21.56C error=-0.56C rate=+0.00C/min ff=0.4 duty=0.0%
2026-09-15 11:20:25,904 - Bioreactor - INFO - Reading temperature from sensor 0
2026-09-15 11:20:26,724 - Bioreactor - INFO - Temperature: 21.5
2026-09-15 11:20:26,724 - Bioreactor - INFO - Peltier set to 21.2% duty, direction reverse
2026-09-15 11:20:26,725 - Bioreactor - INFO - Heat-only PID [approach]: setpoint=23.00C current=21.50C error=+1.50C rate=-0.15C/min ff=3.1 duty=21.2%
2026-09-15 11:20:30,904 - Bioreactor - INFO - Reading temperature from sensor 0
2026-09-15 11:20:31,712 - Bioreactor - INFO - Temperature: 21.5
2026-09-15 11:20:31,712 - Bioreactor - INFO - Peltier set to 21.3% duty, direction reverse
2026-09-15 11:20:31,713 - Bioreactor - INFO - Heat-only PID [approach]: setpoint=23.00C current=21.50C error=+1.50C rate=+0.00C/min ff=3.1 duty=21.3%
2026-09-15 11:20:35,904 - Bioreactor - INFO - Reading temperature from sensor 0
2026-09-15 11:20:36,704 - Bioreactor - INFO - Temperature: 21.5
2026-09-15 11:20:36,704 - Bioreactor - INFO - Peltier set to 21.4% duty, direction reverse
2026-09-15 11:20:36,704 - Bioreactor - INFO - Heat-only PID [approach]: setpoint=23.00C current=21.50C error=+1.50C rate=-0.15C/min ff=3.1 duty=21.4%
2026-09-15 11:20:40,904 - Bioreactor - INFO - Reading temperature from sensor 0
2026-09-15 11:20:41,697 - Bioreactor - INFO - Temperature: 21.5
2026-09-15 11:20:41,698 - Bioreactor - INFO - Peltier set to 21.5% duty, direction reverse
2026-09-15 11:20:41,698 - Bioreactor - INFO - Heat-only PID [approach]: setpoint=23.00C current=21.50C error=+1.50C rate=-0.15C/min ff=3.1 duty=21.5%
2026-09-15 11:20:45,904 - Bioreactor - INFO - Reading temperature from sensor 0
2026-09-15 11:20:46,720 - Bioreactor - INFO - Temperature: 21.562
2026-09-15 11:20:46,720 - Bioreactor - INFO - Peltier set to 20.9% duty, direction reverse
2026-09-15 11:20:46,720 - Bioreactor - INFO - Heat-only PID [approach]: setpoint=23.00C current=21.56C error=+1.44C rate=+0.00C/min ff=3.1 duty=20.9%
2026-09-15 11:20:50,904 - Bioreactor - INFO - Reading temperature from sensor 0
2026-09-15 11:20:51,712 - Bioreactor - INFO - Temperature: 21.562
2026-09-15 11:20:51,712 - Bioreactor - INFO - Peltier set to 21.0% duty, direction reverse
2026-09-15 11:20:51,712 - Bioreactor - INFO - Heat-only PID [approach]: setpoint=23.00C current=21.56C error=+1.44C rate=+0.15C/min ff=3.1 duty=21.0%
2026-09-15 11:20:55,904 - Bioreactor - INFO - Reading temperature from sensor 0
2026-09-15 11:20:56,704 - Bioreactor - INFO - Temperature: 21.687
2026-09-15 11:20:56,704 - Bioreactor - INFO - Peltier set to 19.6% duty, direction reverse
2026-09-15 11:20:56,704 - Bioreactor - INFO - Heat-only PID [approach]: setpoint=23.00C current=21.69C error=+1.31C rate=+0.45C/min ff=3.1 duty=19.6%
2026-09-15 11:21:00,904 - Bioreactor - INFO - Reading temperature from sensor 0
2026-09-15 11:21:01,716 - Bioreactor - INFO - Temperature: 21.75
2026-09-15 11:21:01,716 - Bioreactor - INFO - Peltier set to 18.9% duty, direction reverse
2026-09-15 11:21:01,716 - Bioreactor - INFO - Heat-only PID [approach]: setpoint=23.00C current=21.75C error=+1.25C rate=+0.60C/min ff=3.1 duty=18.9%
2026-09-15 11:21:05,904 - Bioreactor - INFO - Reading temperature from sensor 0
2026-09-15 11:21:06,720 - Bioreactor - INFO - Temperature: 21.875
2026-09-15 11:21:06,720 - Bioreactor - INFO - Peltier PWM stopped.
2026-09-15 11:21:06,720 - Bioreactor - INFO - Heat-only PID [approach]: setpoint=23.00C current=21.88C error=+1.12C rate=+0.90C/min ff=3.1 duty=0.0% (coasting)
2026-09-15 11:21:10,905 - Bioreactor - INFO - Reading temperature from sensor 0
2026-09-15 11:21:11,712 - Bioreactor - INFO - Temperature: 22.062
2026-09-15 11:21:11,712 - Bioreactor - INFO - Peltier PWM stopped.
2026-09-15 11:21:11,712 - Bioreactor - INFO - Heat-only PID [approach]: setpoint=23.00C current=22.06C error=+0.94C rate=+1.20C/min ff=3.1 duty=0.0% (coasting)
2026-09-15 11:21:15,905 - Bioreactor - INFO - Reading temperature from sensor 0
2026-09-15 11:21:16,704 - Bioreactor - INFO - Temperature: 22.187
2026-09-15 11:21:16,704 - Bioreactor - INFO - Peltier PWM stopped.
2026-09-15 11:21:16,704 - Bioreactor - INFO - Heat-only PID [approach]: setpoint=23.00C current=22.19C error=+0.81C rate=+1.50C/min ff=3.1 duty=0.0% (coasting)
2026-09-15 11:21:20,905 - Bioreactor - INFO - Reading temperature from sensor 0
2026-09-15 11:21:21,696 - Bioreactor - INFO - Temperature: 22.375
2026-09-15 11:21:21,696 - Bioreactor - INFO - Peltier PWM stopped.
2026-09-15 11:21:21,696 - Bioreactor - INFO - Heat-only PID [approach]: setpoint=23.00C current=22.38C error=+0.62C rate=+1.65C/min ff=3.1 duty=0.0% (coasting)
2026-09-15 11:21:25,905 - Bioreactor - INFO - Reading temperature from sensor 0
2026-09-15 11:21:26,720 - Bioreactor - INFO - Temperature: 22.5
2026-09-15 11:21:26,720 - Bioreactor - INFO - Peltier PWM stopped.
2026-09-15 11:21:26,720 - Bioreactor - INFO - Heat-only PID [approach]: setpoint=23.00C current=22.50C error=+0.50C rate=+1.80C/min ff=3.1 duty=0.0% (coasting)
2026-09-15 11:21:30,905 - Bioreactor - INFO - Reading temperature from sensor 0
2026-09-15 11:21:31,712 - Bioreactor - INFO - Temperature: 22.625
2026-09-15 11:21:31,712 - Bioreactor - INFO - Peltier PWM stopped.
2026-09-15 11:21:31,712 - Bioreactor - INFO - Heat-only PID [approach]: setpoint=23.00C current=22.62C error=+0.38C rate=+1.80C/min ff=3.1 duty=0.0% (coasting)
2026-09-15 11:21:35,905 - Bioreactor - INFO - Reading temperature from sensor 0
2026-09-15 11:21:36,704 - Bioreactor - INFO - Temperature: 22.75
2026-09-15 11:21:36,704 - Bioreactor - INFO - Peltier set to 5.1% duty, direction reverse
2026-09-15 11:21:36,704 - Bioreactor - INFO - Heat-only PID [trim]: setpoint=23.00C current=22.75C error=+0.25C rate=+1.65C/min ff=3.1 duty=5.1%
2026-09-15 11:21:40,905 - Bioreactor - INFO - Reading temperature from sensor 0
2026-09-15 11:21:41,696 - Bioreactor - INFO - Temperature: 22.812
2026-09-15 11:21:41,696 - Bioreactor - INFO - Peltier set to 4.7% duty, direction reverse
2026-09-15 11:21:41,696 - Bioreactor - INFO - Heat-only PID [trim]: setpoint=23.00C current=22.81C error=+0.19C rate=+1.50C/min ff=3.1 duty=4.7%
2026-09-15 11:21:45,905 - Bioreactor - INFO - Reading temperature from sensor 0
2026-09-15 11:21:46,720 - Bioreactor - INFO - Temperature: 22.875
2026-09-15 11:21:46,720 - Bioreactor - INFO - Peltier set to 4.2% duty, direction reverse
2026-09-15 11:21:46,720 - Bioreactor - INFO - Heat-only PID [trim]: setpoint=23.00C current=22.88C error=+0.12C rate=+1.20C/min ff=3.1 duty=4.2%
2026-09-15 11:21:50,905 - Bioreactor - INFO - Reading temperature from sensor 0
2026-09-15 11:21:51,712 - Bioreactor - INFO - Temperature: 22.875
2026-09-15 11:21:51,712 - Bioreactor - INFO - Peltier set to 4.2% duty, direction reverse
2026-09-15 11:21:51,712 - Bioreactor - INFO - Heat-only PID [trim]: setpoint=23.00C current=22.88C error=+0.12C rate=+0.90C/min ff=3.1 duty=4.2%
2026-09-15 11:21:55,905 - Bioreactor - INFO - Reading temperature from sensor 0
2026-09-15 11:21:56,704 - Bioreactor - INFO - Temperature: 22.937
2026-09-15 11:21:56,704 - Bioreactor - INFO - Peltier set to 3.8% duty, direction reverse
2026-09-15 11:21:56,704 - Bioreactor - INFO - Heat-only PID [trim]: setpoint=23.00C current=22.94C error=+0.06C rate=+0.75C/min ff=3.1 duty=3.8%
2026-09-15 11:22:00,906 - Bioreactor - INFO - Reading temperature from sensor 0
2026-09-15 11:22:01,696 - Bioreactor - INFO - Temperature: 22.937
2026-09-15 11:22:01,696 - Bioreactor - INFO - Peltier set to 3.8% duty, direction reverse
2026-09-15 11:22:01,696 - Bioreactor - INFO - Heat-only PID [trim]: setpoint=23.00C current=22.94C error=+0.06C rate=+0.45C/min ff=3.1 duty=3.8%
2026-09-15 11:22:05,906 - Bioreactor - INFO - Reading temperature from sensor 0
2026-09-15 11:22:06,720 - Bioreactor - INFO - Temperature: 22.937
2026-09-15 11:22:06,720 - Bioreactor - INFO - Peltier set to 3.8% duty, direction reverse
2026-09-15 11:22:06,723 - Bioreactor - INFO - Heat-only PID [trim]: setpoint=23.00C current=22.94C error=+0.06C rate=+0.30C/min ff=3.1 duty=3.8%
2026-09-15 11:22:10,906 - Bioreactor - INFO - Reading temperature from sensor 0
2026-09-15 11:22:11,712 - Bioreactor - INFO - Temperature: 23.0
2026-09-15 11:22:11,712 - Bioreactor - INFO - Peltier set to 3.3% duty, direction reverse
2026-09-15 11:22:11,712 - Bioreactor - INFO - Heat-only PID [trim]: setpoint=23.00C current=23.00C error=+0.00C rate=+0.30C/min ff=3.1 duty=3.3%
2026-09-15 11:22:15,906 - Bioreactor - INFO - Reading temperature from sensor 0
2026-09-15 11:22:16,707 - Bioreactor - INFO - Temperature: 23.0
2026-09-15 11:22:16,707 - Bioreactor - INFO - Peltier set to 3.3% duty, direction reverse
2026-09-15 11:22:16,707 - Bioreactor - INFO - Heat-only PID [trim]: setpoint=23.00C current=23.00C error=+0.00C rate=+0.30C/min ff=3.1 duty=3.3%
2026-09-15 11:22:20,906 - Bioreactor - INFO - Reading temperature from sensor 0
2026-09-15 11:22:21,696 - Bioreactor - INFO - Temperature: 23.0
2026-09-15 11:22:21,696 - Bioreactor - INFO - Peltier set to 3.3% duty, direction reverse
2026-09-15 11:22:21,697 - Bioreactor - INFO - Heat-only PID [trim]: setpoint=23.00C current=23.00C error=+0.00C rate=+0.15C/min ff=3.1 duty=3.3%
2026-09-15 11:22:25,906 - Bioreactor - INFO - Reading temperature from sensor 0
2026-09-15 11:22:26,720 - Bioreactor - INFO - Temperature: 23.062
2026-09-15 11:22:26,720 - Bioreactor - INFO - Peltier set to 2.8% duty, direction reverse
2026-09-15 11:22:26,720 - Bioreactor - INFO - Heat-only PID [trim]: setpoint=23.00C current=23.06C error=-0.06C rate=+0.30C/min ff=3.1 duty=2.8%
2026-09-15 11:22:30,906 - Bioreactor - INFO - Reading temperature from sensor 0
2026-09-15 11:22:31,712 - Bioreactor - INFO - Temperature: 23.0
2026-09-15 11:22:31,712 - Bioreactor - INFO - Peltier set to 3.3% duty, direction reverse
2026-09-15 11:22:31,712 - Bioreactor - INFO - Heat-only PID [trim]: setpoint=23.00C current=23.00C error=+0.00C rate=+0.15C/min ff=3.1 duty=3.3%
2026-09-15 11:22:35,906 - Bioreactor - INFO - Reading temperature from sensor 0
2026-09-15 11:22:36,704 - Bioreactor - INFO - Temperature: 23.062
2026-09-15 11:22:36,705 - Bioreactor - INFO - Peltier set to 2.8% duty, direction reverse
2026-09-15 11:22:36,705 - Bioreactor - INFO - Heat-only PID [trim]: setpoint=23.00C current=23.06C error=-0.06C rate=+0.15C/min ff=3.1 duty=2.8%
2026-09-15 11:22:40,906 - Bioreactor - INFO - Reading temperature from sensor 0
2026-09-15 11:22:41,696 - Bioreactor - INFO - Temperature: 23.062
2026-09-15 11:22:41,696 - Bioreactor - INFO - Peltier set to 2.7% duty, direction reverse
2026-09-15 11:22:41,696 - Bioreactor - INFO - Heat-only PID [trim]: setpoint=23.00C current=23.06C error=-0.06C rate=+0.15C/min ff=3.1 duty=2.7%
2026-09-15 11:22:45,906 - Bioreactor - INFO - Reading temperature from sensor 0
2026-09-15 11:22:46,720 - Bioreactor - INFO - Temperature: 23.062
2026-09-15 11:22:46,720 - Bioreactor - INFO - Peltier set to 2.7% duty, direction reverse
2026-09-15 11:22:46,724 - Bioreactor - INFO - Heat-only PID [trim]: setpoint=23.00C current=23.06C error=-0.06C rate=+0.15C/min ff=3.1 duty=2.7%
2026-09-15 11:22:50,907 - Bioreactor - INFO - Reading temperature from sensor 0
2026-09-15 11:22:51,712 - Bioreactor - INFO - Temperature: 23.062
2026-09-15 11:22:51,713 - Bioreactor - INFO - Peltier set to 2.7% duty, direction reverse
2026-09-15 11:22:51,713 - Bioreactor - INFO - Heat-only PID [trim]: setpoint=23.00C current=23.06C error=-0.06C rate=+0.00C/min ff=3.1 duty=2.7%
2026-09-15 11:22:55,907 - Bioreactor - INFO - Reading temperature from sensor 0
2026-09-15 11:22:56,704 - Bioreactor - INFO - Temperature: 23.062
2026-09-15 11:22:56,704 - Bioreactor - INFO - Peltier set to 2.7% duty, direction reverse
2026-09-15 11:22:56,704 - Bioreactor - INFO - Heat-only PID [trim]: setpoint=23.00C current=23.06C error=-0.06C rate=+0.15C/min ff=3.1 duty=2.7%
2026-09-15 11:23:00,907 - Bioreactor - INFO - Reading temperature from sensor 0
2026-09-15 11:23:01,696 - Bioreactor - INFO - Temperature: 23.062
2026-09-15 11:23:01,696 - Bioreactor - INFO - Peltier set to 2.7% duty, direction reverse
2026-09-15 11:23:01,696 - Bioreactor - INFO - Heat-only PID [trim]: setpoint=23.00C current=23.06C error=-0.06C rate=+0.00C/min ff=3.1 duty=2.7%
2026-09-15 11:23:05,907 - Bioreactor - INFO - Reading temperature from sensor 0
2026-09-15 11:23:06,720 - Bioreactor - INFO - Temperature: 23.062
2026-09-15 11:23:06,720 - Bioreactor - INFO - Peltier set to 2.7% duty, direction reverse
2026-09-15 11:23:06,724 - Bioreactor - INFO - Heat-only PID [trim]: setpoint=23.00C current=23.06C error=-0.06C rate=+0.00C/min ff=3.1 duty=2.7%
2026-09-15 11:23:10,907 - Bioreactor - INFO - Reading temperature from sensor 0
2026-09-15 11:23:11,712 - Bioreactor - INFO - Temperature: 23.062
2026-09-15 11:23:11,712 - Bioreactor - INFO - Peltier set to 2.6% duty, direction reverse
2026-09-15 11:23:11,713 - Bioreactor - INFO - Heat-only PID [trim]: setpoint=23.00C current=23.06C error=-0.06C rate=+0.00C/min ff=3.1 duty=2.6%
2026-09-15 11:23:15,907 - Bioreactor - INFO - Reading temperature from sensor 0
2026-09-15 11:23:16,704 - Bioreactor - INFO - Temperature: 23.062
2026-09-15 11:23:16,704 - Bioreactor - INFO - Peltier set to 2.6% duty, direction reverse
2026-09-15 11:23:16,704 - Bioreactor - INFO - Heat-only PID [trim]: setpoint=23.00C current=23.06C error=-0.06C rate=+0.00C/min ff=3.1 duty=2.6%
2026-09-15 11:23:20,907 - Bioreactor - INFO - Reading temperature from sensor 0
2026-09-15 11:23:21,696 - Bioreactor - INFO - Temperature: 23.062
2026-09-15 11:23:21,697 - Bioreactor - INFO - Peltier set to 2.6% duty, direction reverse
2026-09-15 11:23:21,697 - Bioreactor - INFO - Heat-only PID [trim]: setpoint=23.00C current=23.06C error=-0.06C rate=+0.00C/min ff=3.1 duty=2.6%
2026-09-15 11:23:25,907 - Bioreactor - INFO - Reading temperature from sensor 0
2026-09-15 11:23:26,720 - Bioreactor - INFO - Temperature: 23.062
2026-09-15 11:23:26,720 - Bioreactor - INFO - Peltier set to 2.6% duty, direction reverse
2026-09-15 11:23:26,721 - Bioreactor - INFO - Heat-only PID [trim]: setpoint=23.00C current=23.06C error=-0.06C rate=+0.00C/min ff=3.1 duty=2.6%
2026-09-15 11:23:30,907 - Bioreactor - INFO - Reading temperature from sensor 0
2026-09-15 11:23:31,712 - Bioreactor - INFO - Temperature: 23.062
2026-09-15 11:23:31,713 - Bioreactor - INFO - Peltier set to 2.6% duty, direction reverse
2026-09-15 11:23:31,713 - Bioreactor - INFO - Heat-only PID [trim]: setpoint=23.00C current=23.06C error=-0.06C rate=+0.00C/min ff=3.1 duty=2.6%
2026-09-15 11:23:35,907 - Bioreactor - INFO - Reading temperature from sensor 0
2026-09-15 11:23:36,704 - Bioreactor - INFO - Temperature: 23.062
2026-09-15 11:23:36,704 - Bioreactor - INFO - Peltier set to 2.6% duty, direction reverse
2026-09-15 11:23:36,705 - Bioreactor - INFO - Heat-only PID [trim]: setpoint=23.00C current=23.06C error=-0.06C rate=+0.00C/min ff=3.1 duty=2.6%
2026-09-15 11:23:40,907 - Bioreactor - INFO - Reading temperature from sensor 0
2026-09-15 11:23:41,700 - Bioreactor - INFO - Temperature: 23.062
2026-09-15 11:23:41,700 - Bioreactor - INFO - Peltier set to 2.6% duty, direction reverse
2026-09-15 11:23:41,701 - Bioreactor - INFO - Heat-only PID [trim]: setpoint=23.00C current=23.06C error=-0.06C rate=+0.00C/min ff=3.1 duty=2.6%
2026-09-15 11:23:45,908 - Bioreactor - INFO - Reading temperature from sensor 0
2026-09-15 11:23:46,720 - Bioreactor - INFO - Temperature: 23.062
2026-09-15 11:23:46,721 - Bioreactor - INFO - Peltier set to 2.5% duty, direction reverse
2026-09-15 11:23:46,723 - Bioreactor - INFO - Heat-only PID [trim]: setpoint=23.00C current=23.06C error=-0.06C rate=+0.00C/min ff=3.1 duty=2.5%
2026-09-15 11:23:50,908 - Bioreactor - INFO - Reading temperature from sensor 0
2026-09-15 11:23:51,716 - Bioreactor - INFO - Temperature: 23.062
2026-09-15 11:23:51,716 - Bioreactor - INFO - Peltier set to 2.5% duty, direction reverse
2026-09-15 11:23:51,716 - Bioreactor - INFO - Heat-only PID [trim]: setpoint=23.00C current=23.06C error=-0.06C rate=+0.00C/min ff=3.1 duty=2.5%
2026-09-15 11:23:55,908 - Bioreactor - INFO - Reading temperature from sensor 0
2026-09-15 11:23:56,704 - Bioreactor - INFO - Temperature: 23.062
2026-09-15 11:23:56,704 - Bioreactor - INFO - Peltier set to 2.5% duty, direction reverse
2026-09-15 11:23:56,704 - Bioreactor - INFO - Heat-only PID [trim]: setpoint=23.00C current=23.06C error=-0.06C rate=+0.00C/min ff=3.1 duty=2.5%
2026-09-15 11:24:00,908 - Bioreactor - INFO - Reading temperature from sensor 0
2026-09-15 11:24:01,732 - Bioreactor - INFO - Temperature: 23.0
2026-09-15 11:24:01,732 - Bioreactor - INFO - Peltier set to 3.0% duty, direction reverse
2026-09-15 11:24:01,732 - Bioreactor - INFO - Heat-only PID [trim]: setpoint=23.00C current=23.00C error=+0.00C rate=-0.15C/min ff=3.1 duty=3.0%
2026-09-15 11:24:05,908 - Bioreactor - INFO - Reading temperature from sensor 0
2026-09-15 11:24:06,720 - Bioreactor - INFO - Temperature: 23.0
2026-09-15 11:24:06,720 - Bioreactor - INFO - Peltier set to 3.0% duty, direction reverse
2026-09-15 11:24:06,721 - Bioreactor - INFO - Heat-only PID [trim]: setpoint=23.00C current=23.00C error=+0.00C rate=-0.15C/min ff=3.1 duty=3.0%
2026-09-15 11:24:10,908 - Bioreactor - INFO - Reading temperature from sensor 0
2026-09-15 11:24:11,712 - Bioreactor - INFO - Temperature: 23.0
2026-09-15 11:24:11,713 - Bioreactor - INFO - Peltier set to 3.0% duty, direction reverse
2026-09-15 11:24:11,713 - Bioreactor - INFO - Heat-only PID [trim]: setpoint=23.00C current=23.00C error=+0.00C rate=-0.15C/min ff=3.1 duty=3.0%
2026-09-15 11:24:15,908 - Bioreactor - INFO - Reading temperature from sensor 0
2026-09-15 11:24:16,709 - Bioreactor - INFO - Temperature: 23.0
2026-09-15 11:24:16,709 - Bioreactor - INFO - Peltier set to 3.0% duty, direction reverse
2026-09-15 11:24:16,709 - Bioreactor - INFO - Heat-only PID [trim]: setpoint=23.00C current=23.00C error=+0.00C rate=-0.15C/min ff=3.1 duty=3.0%
2026-09-15 11:24:20,908 - Bioreactor - INFO - Reading temperature from sensor 0
2026-09-15 11:24:21,725 - Bioreactor - INFO - Temperature: 23.0
2026-09-15 11:24:21,725 - Bioreactor - INFO - Peltier set to 3.0% duty, direction reverse
2026-09-15 11:24:21,729 - Bioreactor - INFO - Heat-only PID [trim]: setpoint=23.00C current=23.00C error=+0.00C rate=-0.15C/min ff=3.1 duty=3.0%
2026-09-15 11:24:25,908 - Bioreactor - INFO - Reading temperature from sensor 0
2026-09-15 11:24:26,724 - Bioreactor - INFO - Temperature: 23.0
2026-09-15 11:24:26,725 - Bioreactor - INFO - Peltier set to 3.0% duty, direction reverse
2026-09-15 11:24:26,731 - Bioreactor - INFO - Heat-only PID [trim]: setpoint=23.00C current=23.00C error=+0.00C rate=+0.00C/min ff=3.1 duty=3.0%
2026-09-15 11:24:30,908 - Bioreactor - INFO - Reading temperature from sensor 0
2026-09-15 11:24:31,712 - Bioreactor - INFO - Temperature: 23.0
2026-09-15 11:24:31,712 - Bioreactor - INFO - Peltier set to 3.0% duty, direction reverse
2026-09-15 11:24:31,713 - Bioreactor - INFO - Heat-only PID [trim]: setpoint=23.00C current=23.00C error=+0.00C rate=+0.00C/min ff=3.1 duty=3.0%
2026-09-15 11:24:35,909 - Bioreactor - INFO - Reading temperature from sensor 0
2026-09-15 11:24:36,704 - Bioreactor - INFO - Temperature: 23.0
2026-09-15 11:24:36,704 - Bioreactor - INFO - Peltier set to 3.0% duty, direction reverse
2026-09-15 11:24:36,705 - Bioreactor - INFO - Heat-only PID [trim]: setpoint=23.00C current=23.00C error=+0.00C rate=+0.00C/min ff=3.1 duty=3.0%
2026-09-15 11:24:40,909 - Bioreactor - INFO - Reading temperature from sensor 0
2026-09-15 11:24:41,696 - Bioreactor - INFO - Temperature: 23.0
2026-09-15 11:24:41,696 - Bioreactor - INFO - Peltier set to 3.0% duty, direction reverse
2026-09-15 11:24:41,696 - Bioreactor - INFO - Heat-only PID [trim]: setpoint=23.00C current=23.00C error=+0.00C rate=+0.00C/min ff=3.1 duty=3.0%
2026-09-15 11:24:45,909 - Bioreactor - INFO - Reading temperature from sensor 0
2026-09-15 11:24:46,720 - Bioreactor - INFO - Temperature: 23.0
2026-09-15 11:24:46,720 - Bioreactor - INFO - Peltier set to 3.0% duty, direction reverse
2026-09-15 11:24:46,721 - Bioreactor - INFO - Heat-only PID [trim]: setpoint=23.00C current=23.00C error=+0.00C rate=+0.00C/min ff=3.1 duty=3.0%
2026-09-15 11:24:50,909 - Bioreactor - INFO - Reading temperature from sensor 0
2026-09-15 11:24:51,712 - Bioreactor - INFO - Temperature: 23.0
2026-09-15 11:24:51,712 - Bioreactor - INFO - Peltier set to 3.0% duty, direction reverse
2026-09-15 11:24:51,712 - Bioreactor - INFO - Heat-only PID [trim]: setpoint=23.00C current=23.00C error=+0.00C rate=+0.00C/min ff=3.1 duty=3.0%
2026-09-15 11:24:55,909 - Bioreactor - INFO - Reading temperature from sensor 0
2026-09-15 11:24:56,704 - Bioreactor - INFO - Temperature: 23.0
2026-09-15 11:24:56,704 - Bioreactor - INFO - Peltier set to 3.0% duty, direction reverse
2026-09-15 11:24:56,705 - Bioreactor - INFO - Heat-only PID [trim]: setpoint=23.00C current=23.00C error=+0.00C rate=+0.00C/min ff=3.1 duty=3.0%
2026-09-15 11:25:00,909 - Bioreactor - INFO - Reading temperature from sensor 0
2026-09-15 11:25:01,696 - Bioreactor - INFO - Temperature: 23.0
2026-09-15 11:25:01,696 - Bioreactor - INFO - Peltier set to 3.0% duty, direction reverse
2026-09-15 11:25:01,696 - Bioreactor - INFO - Heat-only PID [trim]: setpoint=23.00C current=23.00C error=+0.00C rate=+0.00C/min ff=3.1 duty=3.0%
2026-09-15 11:25:05,909 - Bioreactor - INFO - Reading temperature from sensor 0
2026-09-15 11:25:06,720 - Bioreactor - INFO - Temperature: 23.0
2026-09-15 11:25:06,720 - Bioreactor - INFO - Peltier set to 3.0% duty, direction reverse
2026-09-15 11:25:06,723 - Bioreactor - INFO - Heat-only PID [trim]: setpoint=23.00C current=23.00C error=+0.00C rate=+0.00C/min ff=3.1 duty=3.0%
2026-09-15 11:25:10,909 - Bioreactor - INFO - Reading temperature from sensor 0
2026-09-15 11:25:11,712 - Bioreactor - INFO - Temperature: 23.0
2026-09-15 11:25:11,712 - Bioreactor - INFO - Peltier set to 3.0% duty, direction reverse
2026-09-15 11:25:11,712 - Bioreactor - INFO - Heat-only PID [trim]: setpoint=23.00C current=23.00C error=+0.00C rate=+0.00C/min ff=3.1 duty=3.0%
2026-09-15 11:25:15,909 - Bioreactor - INFO - Reading temperature from sensor 0
2026-09-15 11:25:16,704 - Bioreactor - INFO - Temperature: 23.0
2026-09-15 11:25:16,704 - Bioreactor - INFO - Peltier set to 3.0% duty, direction reverse
2026-09-15 11:25:16,704 - Bioreactor - INFO - Heat-only PID [trim]: setpoint=23.00C current=23.00C error=+0.00C rate=+0.00C/min ff=3.1 duty=3.0%
2026-09-15 11:25:20,909 - Bioreactor - INFO - Reading temperature from sensor 0
2026-09-15 11:25:21,728 - Bioreactor - INFO - Temperature: 23.0
2026-09-15 11:25:21,728 - Bioreactor - INFO - Peltier set to 3.0% duty, direction reverse
2026-09-15 11:25:21,728 - Bioreactor - INFO - Heat-only PID [trim]: setpoint=23.00C current=23.00C error=+0.00C rate=+0.00C/min ff=3.1 duty=3.0%
2026-09-15 11:25:25,910 - Bioreactor - INFO - Reading temperature from sensor 0
2026-09-15 11:25:26,720 - Bioreactor - INFO - Temperature: 23.0
2026-09-15 11:25:26,720 - Bioreactor - INFO - Peltier set to 3.0% duty, direction reverse
2026-09-15 11:25:26,720 - Bioreactor - INFO - Heat-only PID [trim]: setpoint=23.00C current=23.00C error=+0.00C rate=+0.00C/min ff=3.1 duty=3.0%
2026-09-15 11:25:30,910 - Bioreactor - INFO - Reading temperature from sensor 0
2026-09-15 11:25:31,712 - Bioreactor - INFO - Temperature: 23.0
2026-09-15 11:25:31,712 - Bioreactor - INFO - Peltier set to 3.0% duty, direction reverse
2026-09-15 11:25:31,712 - Bioreactor - INFO - Heat-only PID [trim]: setpoint=23.00C current=23.00C error=+0.00C rate=+0.00C/min ff=3.1 duty=3.0%
2026-09-15 11:25:35,910 - Bioreactor - INFO - Reading temperature from sensor 0
2026-09-15 11:25:36,704 - Bioreactor - INFO - Temperature: 23.062
2026-09-15 11:25:36,704 - Bioreactor - INFO - Peltier set to 2.5% duty, direction reverse
2026-09-15 11:25:36,704 - Bioreactor - INFO - Heat-only PID [trim]: setpoint=23.00C current=23.06C error=-0.06C rate=+0.15C/min ff=3.1 duty=2.5%
2026-09-15 11:25:40,910 - Bioreactor - INFO - Reading temperature from sensor 0
2026-09-15 11:25:41,728 - Bioreactor - INFO - Temperature: 23.0
2026-09-15 11:25:41,728 - Bioreactor - INFO - Peltier set to 3.0% duty, direction reverse
2026-09-15 11:25:41,728 - Bioreactor - INFO - Heat-only PID [trim]: setpoint=23.00C current=23.00C error=+0.00C rate=+0.00C/min ff=3.1 duty=3.0%
2026-09-15 11:25:45,910 - Bioreactor - INFO - Reading temperature from sensor 0
2026-09-15 11:25:46,720 - Bioreactor - INFO - Temperature: 23.0
2026-09-15 11:25:46,720 - Bioreactor - INFO - Peltier set to 3.0% duty, direction reverse
2026-09-15 11:25:46,720 - Bioreactor - INFO - Heat-only PID [trim]: setpoint=23.00C current=23.00C error=+0.00C rate=+0.00C/min ff=3.1 duty=3.0%
2026-09-15 11:25:50,910 - Bioreactor - INFO - Reading temperature from sensor 0
2026-09-15 11:25:51,712 - Bioreactor - INFO - Temperature: 23.062
2026-09-15 11:25:51,712 - Bioreactor - INFO - Peltier set to 2.5% duty, direction reverse
2026-09-15 11:25:51,712 - Bioreactor - INFO - Heat-only PID [trim]: setpoint=23.00C current=23.06C error=-0.06C rate=+0.15C/min ff=3.1 duty=2.5%
2026-09-15 11:25:55,911 - Bioreactor - INFO - Reading temperature from sensor 0
2026-09-15 11:25:56,704 - Bioreactor - INFO - Temperature: 23.062
2026-09-15 11:25:56,704 - Bioreactor - INFO - Peltier set to 2.5% duty, direction reverse
2026-09-15 11:25:56,705 - Bioreactor - INFO - Heat-only PID [trim]: setpoint=23.00C current=23.06C error=-0.06C rate=+0.15C/min ff=3.1 duty=2.5%
2026-09-15 11:26:00,914 - Bioreactor - INFO - Reading temperature from sensor 0
2026-09-15 11:26:01,728 - Bioreactor - INFO - Temperature: 23.062
2026-09-15 11:26:01,728 - Bioreactor - INFO - Peltier set to 2.4% duty, direction reverse
2026-09-15 11:26:01,729 - Bioreactor - INFO - Heat-only PID [trim]: setpoint=23.00C current=23.06C error=-0.06C rate=+0.00C/min ff=3.1 duty=2.4%
2026-09-15 11:26:05,917 - Bioreactor - INFO - Reading temperature from sensor 0
2026-09-15 11:26:06,720 - Bioreactor - INFO - Temperature: 23.062
2026-09-15 11:26:06,720 - Bioreactor - INFO - Peltier set to 2.4% duty, direction reverse
2026-09-15 11:26:06,720 - Bioreactor - INFO - Heat-only PID [trim]: setpoint=23.00C current=23.06C error=-0.06C rate=+0.15C/min ff=3.1 duty=2.4%
2026-09-15 11:26:10,918 - Bioreactor - INFO - Reading temperature from sensor 0
2026-09-15 11:26:11,764 - Bioreactor - INFO - Temperature: 23.062
2026-09-15 11:26:11,768 - Bioreactor - INFO - Peltier set to 2.4% duty, direction reverse
2026-09-15 11:26:11,768 - Bioreactor - INFO - Heat-only PID [trim]: setpoint=23.00C current=23.06C error=-0.06C rate=+0.15C/min ff=3.1 duty=2.4%
2026-09-15 11:26:15,919 - Bioreactor - INFO - Reading temperature from sensor 0
2026-09-15 11:26:16,736 - Bioreactor - INFO - Temperature: 23.062
2026-09-15 11:26:16,736 - Bioreactor - INFO - Peltier set to 2.4% duty, direction reverse
2026-09-15 11:26:16,736 - Bioreactor - INFO - Heat-only PID [trim]: setpoint=23.00C current=23.06C error=-0.06C rate=+0.00C/min ff=3.1 duty=2.4%
2026-09-15 11:26:20,919 - Bioreactor - INFO - Reading temperature from sensor 0
2026-09-15 11:26:21,728 - Bioreactor - INFO - Temperature: 23.062
2026-09-15 11:26:21,728 - Bioreactor - INFO - Peltier set to 2.4% duty, direction reverse
2026-09-15 11:26:21,728 - Bioreactor - INFO - Heat-only PID [trim]: setpoint=23.00C current=23.06C error=-0.06C rate=+0.00C/min ff=3.1 duty=2.4%
2026-09-15 11:26:25,919 - Bioreactor - INFO - Reading temperature from sensor 0
2026-09-15 11:26:26,720 - Bioreactor - INFO - Temperature: 23.062
2026-09-15 11:26:26,720 - Bioreactor - INFO - Peltier set to 2.4% duty, direction reverse
2026-09-15 11:26:26,720 - Bioreactor - INFO - Heat-only PID [trim]: setpoint=23.00C current=23.06C error=-0.06C rate=+0.00C/min ff=3.1 duty=2.4%
2026-09-15 11:26:30,919 - Bioreactor - INFO - Reading temperature from sensor 0
2026-09-15 11:26:31,712 - Bioreactor - INFO - Temperature: 23.125
2026-09-15 11:26:31,712 - Bioreactor - INFO - Peltier set to 1.8% duty, direction reverse
2026-09-15 11:26:31,712 - Bioreactor - INFO - Heat-only PID [trim]: setpoint=23.00C current=23.12C error=-0.12C rate=+0.15C/min ff=3.1 duty=1.8%
2026-09-15 11:26:35,919 - Bioreactor - INFO - Reading temperature from sensor 0
2026-09-15 11:26:36,736 - Bioreactor - INFO - Temperature: 23.062
2026-09-15 11:26:36,736 - Bioreactor - INFO - Peltier set to 2.3% duty, direction reverse
2026-09-15 11:26:36,736 - Bioreactor - INFO - Heat-only PID [trim]: setpoint=23.00C current=23.06C error=-0.06C rate=+0.00C/min ff=3.1 duty=2.3%
2026-09-15 11:26:40,920 - Bioreactor - INFO - Reading temperature from sensor 0
2026-09-15 11:26:41,728 - Bioreactor - INFO - Temperature: 23.062
2026-09-15 11:26:41,728 - Bioreactor - INFO - Peltier set to 2.3% duty, direction reverse
2026-09-15 11:26:41,728 - Bioreactor - INFO - Heat-only PID [trim]: setpoint=23.00C current=23.06C error=-0.06C rate=+0.00C/min ff=3.1 duty=2.3%
2026-09-15 11:26:45,920 - Bioreactor - INFO - Reading temperature from sensor 0
2026-09-15 11:26:46,720 - Bioreactor - INFO - Temperature: 23.125
2026-09-15 11:26:46,720 - Bioreactor - INFO - Peltier set to 1.8% duty, direction reverse
2026-09-15 11:26:46,720 - Bioreactor - INFO - Heat-only PID [trim]: setpoint=23.00C current=23.12C error=-0.12C rate=+0.15C/min ff=3.1 duty=1.8%
2026-09-15 11:26:50,920 - Bioreactor - INFO - Reading temperature from sensor 0
2026-09-15 11:26:51,712 - Bioreactor - INFO - Temperature: 23.125
2026-09-15 11:26:51,712 - Bioreactor - INFO - Peltier set to 1.7% duty, direction reverse
2026-09-15 11:26:51,712 - Bioreactor - INFO - Heat-only PID [trim]: setpoint=23.00C current=23.12C error=-0.12C rate=+0.15C/min ff=3.1 duty=1.7%
2026-09-15 11:26:55,920 - Bioreactor - INFO - Reading temperature from sensor 0
2026-09-15 11:26:56,736 - Bioreactor - INFO - Temperature: 23.125
2026-09-15 11:26:56,736 - Bioreactor - INFO - Peltier set to 1.7% duty, direction reverse
2026-09-15 11:26:56,736 - Bioreactor - INFO - Heat-only PID [trim]: setpoint=23.00C current=23.12C error=-0.12C rate=+0.00C/min ff=3.1 duty=1.7%
2026-09-15 11:27:00,920 - Bioreactor - INFO - Reading temperature from sensor 0
2026-09-15 11:27:01,728 - Bioreactor - INFO - Temperature: 23.125
2026-09-15 11:27:01,728 - Bioreactor - INFO - Peltier set to 1.7% duty, direction reverse
2026-09-15 11:27:01,728 - Bioreactor - INFO - Heat-only PID [trim]: setpoint=23.00C current=23.12C error=-0.12C rate=+0.15C/min ff=3.1 duty=1.7%
2026-09-15 11:27:05,920 - Bioreactor - INFO - Reading temperature from sensor 0
2026-09-15 11:27:06,720 - Bioreactor - INFO - Temperature: 23.125
2026-09-15 11:27:06,720 - Bioreactor - INFO - Peltier set to 1.6% duty, direction reverse
2026-09-15 11:27:06,720 - Bioreactor - INFO - Heat-only PID [trim]: setpoint=23.00C current=23.12C error=-0.12C rate=+0.15C/min ff=3.1 duty=1.6%
2026-09-15 11:27:10,920 - Bioreactor - INFO - Reading temperature from sensor 0
2026-09-15 11:27:11,712 - Bioreactor - INFO - Temperature: 23.125
2026-09-15 11:27:11,712 - Bioreactor - INFO - Peltier set to 1.6% duty, direction reverse
2026-09-15 11:27:11,712 - Bioreactor - INFO - Heat-only PID [trim]: setpoint=23.00C current=23.12C error=-0.12C rate=+0.00C/min ff=3.1 duty=1.6%
2026-09-15 11:27:15,920 - Bioreactor - INFO - Reading temperature from sensor 0
2026-09-15 11:27:16,736 - Bioreactor - INFO - Temperature: 23.125
2026-09-15 11:27:16,736 - Bioreactor - INFO - Peltier set to 1.6% duty, direction reverse
2026-09-15 11:27:16,736 - Bioreactor - INFO - Heat-only PID [trim]: setpoint=23.00C current=23.12C error=-0.12C rate=+0.00C/min ff=3.1 duty=1.6%
2026-09-15 11:27:20,920 - Bioreactor - INFO - Reading temperature from sensor 0
2026-09-15 11:27:21,728 - Bioreactor - INFO - Temperature: 23.125
2026-09-15 11:27:21,728 - Bioreactor - INFO - Peltier set to 1.5% duty, direction reverse
2026-09-15 11:27:21,728 - Bioreactor - INFO - Heat-only PID [trim]: setpoint=23.00C current=23.12C error=-0.12C rate=+0.00C/min ff=3.1 duty=1.5%
2026-09-15 11:27:25,920 - Bioreactor - INFO - Reading temperature from sensor 0
2026-09-15 11:27:26,720 - Bioreactor - INFO - Temperature: 23.125
2026-09-15 11:27:26,720 - Bioreactor - INFO - Peltier set to 1.5% duty, direction reverse
2026-09-15 11:27:26,720 - Bioreactor - INFO - Heat-only PID [trim]: setpoint=23.00C current=23.12C error=-0.12C rate=+0.00C/min ff=3.1 duty=1.5%
2026-09-15 11:27:30,921 - Bioreactor - INFO - Reading temperature from sensor 0
2026-09-15 11:27:31,712 - Bioreactor - INFO - Temperature: 23.125
2026-09-15 11:27:31,712 - Bioreactor - INFO - Peltier set to 1.5% duty, direction reverse
2026-09-15 11:27:31,712 - Bioreactor - INFO - Heat-only PID [trim]: setpoint=23.00C current=23.12C error=-0.12C rate=+0.00C/min ff=3.1 duty=1.5%
2026-09-15 11:27:35,921 - Bioreactor - INFO - Reading temperature from sensor 0
2026-09-15 11:27:36,736 - Bioreactor - INFO - Temperature: 23.125
2026-09-15 11:27:36,736 - Bioreactor - INFO - Peltier set to 1.5% duty, direction reverse
2026-09-15 11:27:36,736 - Bioreactor - INFO - Heat-only PID [trim]: setpoint=23.00C current=23.12C error=-0.12C rate=+0.00C/min ff=3.1 duty=1.5%
2026-09-15 11:27:40,921 - Bioreactor - INFO - Reading temperature from sensor 0
2026-09-15 11:27:41,728 - Bioreactor - INFO - Temperature: 23.125
2026-09-15 11:27:41,728 - Bioreactor - INFO - Peltier set to 1.4% duty, direction reverse
2026-09-15 11:27:41,728 - Bioreactor - INFO - Heat-only PID [trim]: setpoint=23.00C current=23.12C error=-0.12C rate=+0.00C/min ff=3.1 duty=1.4%
2026-09-15 11:27:45,921 - Bioreactor - INFO - Reading temperature from sensor 0
2026-09-15 11:27:46,720 - Bioreactor - INFO - Temperature: 23.125
2026-09-15 11:27:46,720 - Bioreactor - INFO - Peltier set to 1.4% duty, direction reverse
2026-09-15 11:27:46,720 - Bioreactor - INFO - Heat-only PID [trim]: setpoint=23.00C current=23.12C error=-0.12C rate=+0.00C/min ff=3.1 duty=1.4%
2026-09-15 11:27:50,921 - Bioreactor - INFO - Reading temperature from sensor 0
2026-09-15 11:27:51,712 - Bioreactor - INFO - Temperature: 23.125
2026-09-15 11:27:51,712 - Bioreactor - INFO - Peltier set to 1.4% duty, direction reverse
2026-09-15 11:27:51,712 - Bioreactor - INFO - Heat-only PID [trim]: setpoint=23.00C current=23.12C error=-0.12C rate=+0.00C/min ff=3.1 duty=1.4%
2026-09-15 11:27:55,921 - Bioreactor - INFO - Reading temperature from sensor 0
2026-09-15 11:27:56,736 - Bioreactor - INFO - Temperature: 23.125
2026-09-15 11:27:56,736 - Bioreactor - INFO - Peltier set to 1.3% duty, direction reverse
2026-09-15 11:27:56,736 - Bioreactor - INFO - Heat-only PID [trim]: setpoint=23.00C current=23.12C error=-0.12C rate=+0.00C/min ff=3.1 duty=1.3%
2026-09-15 11:28:00,921 - Bioreactor - INFO - Reading temperature from sensor 0
2026-09-15 11:28:01,728 - Bioreactor - INFO - Temperature: 23.125
2026-09-15 11:28:01,728 - Bioreactor - INFO - Peltier set to 1.3% duty, direction reverse
2026-09-15 11:28:01,728 - Bioreactor - INFO - Heat-only PID [trim]: setpoint=23.00C current=23.12C error=-0.12C rate=+0.00C/min ff=3.1 duty=1.3%
2026-09-15 11:28:05,921 - Bioreactor - INFO - Reading temperature from sensor 0
2026-09-15 11:28:06,720 - Bioreactor - INFO - Temperature: 23.125
2026-09-15 11:28:06,720 - Bioreactor - INFO - Peltier set to 1.3% duty, direction reverse
2026-09-15 11:28:06,720 - Bioreactor - INFO - Heat-only PID [trim]: setpoint=23.00C current=23.12C error=-0.12C rate=+0.00C/min ff=3.1 duty=1.3%
2026-09-15 11:28:10,921 - Bioreactor - INFO - Reading temperature from sensor 0
2026-09-15 11:28:11,712 - Bioreactor - INFO - Temperature: 23.125
2026-09-15 11:28:11,712 - Bioreactor - INFO - Peltier set to 1.2% duty, direction reverse
2026-09-15 11:28:11,712 - Bioreactor - INFO - Heat-only PID [trim]: setpoint=23.00C current=23.12C error=-0.12C rate=+0.00C/min ff=3.1 duty=1.2%
2026-09-15 11:28:15,921 - Bioreactor - INFO - Reading temperature from sensor 0
2026-09-15 11:28:16,736 - Bioreactor - INFO - Temperature: 23.125
2026-09-15 11:28:16,736 - Bioreactor - INFO - Peltier set to 1.2% duty, direction reverse
2026-09-15 11:28:16,736 - Bioreactor - INFO - Heat-only PID [trim]: setpoint=23.00C current=23.12C error=-0.12C rate=+0.00C/min ff=3.1 duty=1.2%
2026-09-15 11:28:20,921 - Bioreactor - INFO - Reading temperature from sensor 0
2026-09-15 11:28:21,728 - Bioreactor - INFO - Temperature: 23.125
2026-09-15 11:28:21,728 - Bioreactor - INFO - Peltier set to 1.2% duty, direction reverse
2026-09-15 11:28:21,728 - Bioreactor - INFO - Heat-only PID [trim]: setpoint=23.00C current=23.12C error=-0.12C rate=+0.00C/min ff=3.1 duty=1.2%
2026-09-15 11:28:25,922 - Bioreactor - INFO - Reading temperature from sensor 0
2026-09-15 11:28:26,720 - Bioreactor - INFO - Temperature: 23.125
2026-09-15 11:28:26,720 - Bioreactor - INFO - Peltier set to 1.1% duty, direction reverse
2026-09-15 11:28:26,720 - Bioreactor - INFO - Heat-only PID [trim]: setpoint=23.00C current=23.12C error=-0.12C rate=+0.00C/min ff=3.1 duty=1.1%
2026-09-15 11:28:30,922 - Bioreactor - INFO - Reading temperature from sensor 0
2026-09-15 11:28:31,712 - Bioreactor - INFO - Temperature: 23.125
2026-09-15 11:28:31,712 - Bioreactor - INFO - Peltier set to 1.1% duty, direction reverse
2026-09-15 11:28:31,712 - Bioreactor - INFO - Heat-only PID [trim]: setpoint=23.00C current=23.12C error=-0.12C rate=+0.00C/min ff=3.1 duty=1.1%
2026-09-15 11:28:35,922 - Bioreactor - INFO - Reading temperature from sensor 0
2026-09-15 11:28:36,736 - Bioreactor - INFO - Temperature: 23.125
2026-09-15 11:28:36,736 - Bioreactor - INFO - Peltier set to 1.1% duty, direction reverse
2026-09-15 11:28:36,736 - Bioreactor - INFO - Heat-only PID [trim]: setpoint=23.00C current=23.12C error=-0.12C rate=+0.00C/min ff=3.1 duty=1.1%
2026-09-15 11:28:40,922 - Bioreactor - INFO - Reading temperature from sensor 0
2026-09-15 11:28:41,728 - Bioreactor - INFO - Temperature: 23.062
2026-09-15 11:28:41,728 - Bioreactor - INFO - Peltier set to 1.6% duty, direction reverse
2026-09-15 11:28:41,728 - Bioreactor - INFO - Heat-only PID [trim]: setpoint=23.00C current=23.06C error=-0.06C rate=-0.15C/min ff=3.1 duty=1.6%
2026-09-15 11:28:45,922 - Bioreactor - INFO - Reading temperature from sensor 0
2026-09-15 11:28:46,720 - Bioreactor - INFO - Temperature: 23.125
2026-09-15 11:28:46,720 - Bioreactor - INFO - Peltier set to 1.0% duty, direction reverse
2026-09-15 11:28:46,720 - Bioreactor - INFO - Heat-only PID [trim]: setpoint=23.00C current=23.12C error=-0.12C rate=+0.00C/min ff=3.1 duty=1.0%
2026-09-15 11:28:50,922 - Bioreactor - INFO - Reading temperature from sensor 0
2026-09-15 11:28:51,712 - Bioreactor - INFO - Temperature: 23.062
2026-09-15 11:28:51,712 - Bioreactor - INFO - Peltier set to 1.5% duty, direction reverse
2026-09-15 11:28:51,712 - Bioreactor - INFO - Heat-only PID [trim]: setpoint=23.00C current=23.06C error=-0.06C rate=-0.15C/min ff=3.1 duty=1.5%
2026-09-15 11:28:55,922 - Bioreactor - INFO - Reading temperature from sensor 0
2026-09-15 11:28:56,736 - Bioreactor - INFO - Temperature: 23.062
2026-09-15 11:28:56,736 - Bioreactor - INFO - Peltier set to 1.5% duty, direction reverse
2026-09-15 11:28:56,736 - Bioreactor - INFO - Heat-only PID [trim]: setpoint=23.00C current=23.06C error=-0.06C rate=-0.15C/min ff=3.1 duty=1.5%
2026-09-15 11:29:00,922 - Bioreactor - INFO - Reading temperature from sensor 0
2026-09-15 11:29:01,728 - Bioreactor - INFO - Temperature: 23.062
2026-09-15 11:29:01,728 - Bioreactor - INFO - Peltier set to 1.5% duty, direction reverse
2026-09-15 11:29:01,728 - Bioreactor - INFO - Heat-only PID [trim]: setpoint=23.00C current=23.06C error=-0.06C rate=-0.15C/min ff=3.1 duty=1.5%
2026-09-15 11:29:05,922 - Bioreactor - INFO - Reading temperature from sensor 0
2026-09-15 11:29:06,720 - Bioreactor - INFO - Temperature: 23.062
2026-09-15 11:29:06,720 - Bioreactor - INFO - Peltier set to 1.5% duty, direction reverse
2026-09-15 11:29:06,720 - Bioreactor - INFO - Heat-only PID [trim]: setpoint=23.00C current=23.06C error=-0.06C rate=+0.00C/min ff=3.1 duty=1.5%
2026-09-15 11:29:10,922 - Bioreactor - INFO - Reading temperature from sensor 0
2026-09-15 11:29:11,712 - Bioreactor - INFO - Temperature: 23.062
2026-09-15 11:29:11,712 - Bioreactor - INFO - Peltier set to 1.5% duty, direction reverse
2026-09-15 11:29:11,712 - Bioreactor - INFO - Heat-only PID [trim]: setpoint=23.00C current=23.06C error=-0.06C rate=-0.15C/min ff=3.1 duty=1.5%
2026-09-15 11:29:15,923 - Bioreactor - INFO - Reading temperature from sensor 0
2026-09-15 11:29:16,736 - Bioreactor - INFO - Temperature: 23.062
2026-09-15 11:29:16,736 - Bioreactor - INFO - Peltier set to 1.4% duty, direction reverse
2026-09-15 11:29:16,736 - Bioreactor - INFO - Heat-only PID [trim]: setpoint=23.00C current=23.06C error=-0.06C rate=+0.00C/min ff=3.1 duty=1.4%
2026-09-15 11:29:20,923 - Bioreactor - INFO - Reading temperature from sensor 0
2026-09-15 11:29:21,728 - Bioreactor - INFO - Temperature: 23.062
2026-09-15 11:29:21,728 - Bioreactor - INFO - Peltier set to 1.4% duty, direction reverse
2026-09-15 11:29:21,728 - Bioreactor - INFO - Heat-only PID [trim]: setpoint=23.00C current=23.06C error=-0.06C rate=+0.00C/min ff=3.1 duty=1.4%
2026-09-15 11:29:25,923 - Bioreactor - INFO - Reading temperature from sensor 0
2026-09-15 11:29:26,720 - Bioreactor - INFO - Temperature: 23.062
2026-09-15 11:29:26,720 - Bioreactor - INFO - Peltier set to 1.4% duty, direction reverse
2026-09-15 11:29:26,720 - Bioreactor - INFO - Heat-only PID [trim]: setpoint=23.00C current=23.06C error=-0.06C rate=+0.00C/min ff=3.1 duty=1.4%
2026-09-15 11:29:30,923 - Bioreactor - INFO - Reading temperature from sensor 0
2026-09-15 11:29:31,712 - Bioreactor - INFO - Temperature: 23.062
2026-09-15 11:29:31,712 - Bioreactor - INFO - Peltier set to 1.4% duty, direction reverse
2026-09-15 11:29:31,716 - Bioreactor - INFO - Heat-only PID [trim]: setpoint=23.00C current=23.06C error=-0.06C rate=+0.00C/min ff=3.1 duty=1.4%
2026-09-15 11:29:35,923 - Bioreactor - INFO - Reading temperature from sensor 0
2026-09-15 11:29:36,736 - Bioreactor - INFO - Temperature: 23.062
2026-09-15 11:29:36,736 - Bioreactor - INFO - Peltier set to 1.4% duty, direction reverse
2026-09-15 11:29:36,740 - Bioreactor - INFO - Heat-only PID [trim]: setpoint=23.00C current=23.06C error=-0.06C rate=+0.00C/min ff=3.1 duty=1.4%
2026-09-15 11:29:40,923 - Bioreactor - INFO - Reading temperature from sensor 0
2026-09-15 11:29:41,728 - Bioreactor - INFO - Temperature: 23.062
2026-09-15 11:29:41,729 - Bioreactor - INFO - Peltier set to 1.4% duty, direction reverse
2026-09-15 11:29:41,729 - Bioreactor - INFO - Heat-only PID [trim]: setpoint=23.00C current=23.06C error=-0.06C rate=+0.00C/min ff=3.1 duty=1.4%
2026-09-15 11:29:45,923 - Bioreactor - INFO - Reading temperature from sensor 0
2026-09-15 11:29:46,720 - Bioreactor - INFO - Temperature: 23.062
2026-09-15 11:29:46,720 - Bioreactor - INFO - Peltier set to 1.4% duty, direction reverse
2026-09-15 11:29:46,720 - Bioreactor - INFO - Heat-only PID [trim]: setpoint=23.00C current=23.06C error=-0.06C rate=+0.00C/min ff=3.1 duty=1.4%
2026-09-15 11:29:50,923 - Bioreactor - INFO - Reading temperature from sensor 0
2026-09-15 11:29:51,712 - Bioreactor - INFO - Temperature: 23.0
2026-09-15 11:29:51,712 - Bioreactor - INFO - Peltier set to 1.8% duty, direction reverse
2026-09-15 11:29:51,712 - Bioreactor - INFO - Heat-only PID [trim]: setpoint=23.00C current=23.00C error=+0.00C rate=-0.15C/min ff=3.1 duty=1.8%
2026-09-15 11:29:55,923 - Bioreactor - INFO - Reading temperature from sensor 0
2026-09-15 11:29:56,736 - Bioreactor - INFO - Temperature: 23.0
2026-09-15 11:29:56,736 - Bioreactor - INFO - Peltier set to 1.8% duty, direction reverse
2026-09-15 11:29:56,739 - Bioreactor - INFO - Heat-only PID [trim]: setpoint=23.00C current=23.00C error=+0.00C rate=-0.15C/min ff=3.1 duty=1.8%
2026-09-15 11:30:00,923 - Bioreactor - INFO - Reading temperature from sensor 0
2026-09-15 11:30:01,729 - Bioreactor - INFO - Temperature: 23.0
2026-09-15 11:30:01,729 - Bioreactor - INFO - Peltier set to 1.8% duty, direction reverse
2026-09-15 11:30:01,729 - Bioreactor - INFO - Heat-only PID [trim]: setpoint=23.00C current=23.00C error=+0.00C rate=-0.15C/min ff=3.1 duty=1.8%
2026-09-15 11:30:05,923 - Bioreactor - INFO - Reading temperature from sensor 0
2026-09-15 11:30:06,720 - Bioreactor - INFO - Temperature: 23.0
2026-09-15 11:30:06,720 - Bioreactor - INFO - Peltier set to 1.8% duty, direction reverse
2026-09-15 11:30:06,720 - Bioreactor - INFO - Heat-only PID [trim]: setpoint=23.00C current=23.00C error=+0.00C rate=-0.15C/min ff=3.1 duty=1.8%
2026-09-15 11:30:10,924 - Bioreactor - INFO - Reading temperature from sensor 0
2026-09-15 11:30:11,744 - Bioreactor - INFO - Temperature: 23.0
2026-09-15 11:30:11,744 - Bioreactor - INFO - Peltier set to 1.8% duty, direction reverse
2026-09-15 11:30:11,744 - Bioreactor - INFO - Heat-only PID [trim]: setpoint=23.00C current=23.00C error=+0.00C rate=-0.15C/min ff=3.1 duty=1.8%
2026-09-15 11:30:15,924 - Bioreactor - INFO - Reading temperature from sensor 0
2026-09-15 11:30:16,736 - Bioreactor - INFO - Temperature: 23.0
2026-09-15 11:30:16,736 - Bioreactor - INFO - Peltier set to 1.8% duty, direction reverse
2026-09-15 11:30:16,736 - Bioreactor - INFO - Heat-only PID [trim]: setpoint=23.00C current=23.00C error=+0.00C rate=+0.00C/min ff=3.1 duty=1.8%
2026-09-15 11:30:20,924 - Bioreactor - INFO - Reading temperature from sensor 0
2026-09-15 11:30:21,728 - Bioreactor - INFO - Temperature: 23.0
2026-09-15 11:30:21,728 - Bioreactor - INFO - Peltier set to 1.8% duty, direction reverse
2026-09-15 11:30:21,728 - Bioreactor - INFO - Heat-only PID [trim]: setpoint=23.00C current=23.00C error=+0.00C rate=+0.00C/min ff=3.1 duty=1.8%
2026-09-15 11:30:25,924 - Bioreactor - INFO - Reading temperature from sensor 0
2026-09-15 11:30:26,720 - Bioreactor - INFO - Temperature: 23.0
2026-09-15 11:30:26,720 - Bioreactor - INFO - Peltier set to 1.8% duty, direction reverse
2026-09-15 11:30:26,720 - Bioreactor - INFO - Heat-only PID [trim]: setpoint=23.00C current=23.00C error=+0.00C rate=+0.00C/min ff=3.1 duty=1.8%
2026-09-15 11:30:30,924 - Bioreactor - INFO - Reading temperature from sensor 0
2026-09-15 11:30:31,712 - Bioreactor - INFO - Temperature: 23.0
2026-09-15 11:30:31,712 - Bioreactor - INFO - Peltier set to 1.8% duty, direction reverse
2026-09-15 11:30:31,712 - Bioreactor - INFO - Heat-only PID [trim]: setpoint=23.00C current=23.00C error=+0.00C rate=+0.00C/min ff=3.1 duty=1.8%
2026-09-15 11:30:35,924 - Bioreactor - INFO - Reading temperature from sensor 0
2026-09-15 11:30:36,736 - Bioreactor - INFO - Temperature: 23.0
2026-09-15 11:30:36,736 - Bioreactor - INFO - Peltier set to 1.8% duty, direction reverse
2026-09-15 11:30:36,740 - Bioreactor - INFO - Heat-only PID [trim]: setpoint=23.00C current=23.00C error=+0.00C rate=+0.00C/min ff=3.1 duty=1.8%
2026-09-15 11:30:40,924 - Bioreactor - INFO - Reading temperature from sensor 0
2026-09-15 11:30:41,728 - Bioreactor - INFO - Temperature: 23.0
2026-09-15 11:30:41,728 - Bioreactor - INFO - Peltier set to 1.8% duty, direction reverse
2026-09-15 11:30:41,728 - Bioreactor - INFO - Heat-only PID [trim]: setpoint=23.00C current=23.00C error=+0.00C rate=+0.00C/min ff=3.1 duty=1.8%
2026-09-15 11:30:45,924 - Bioreactor - INFO - Reading temperature from sensor 0
2026-09-15 11:30:46,720 - Bioreactor - INFO - Temperature: 23.0
2026-09-15 11:30:46,720 - Bioreactor - INFO - Peltier set to 1.8% duty, direction reverse
2026-09-15 11:30:46,720 - Bioreactor - INFO - Heat-only PID [trim]: setpoint=23.00C current=23.00C error=+0.00C rate=+0.00C/min ff=3.1 duty=1.8%
2026-09-15 11:30:50,924 - Bioreactor - INFO - Reading temperature from sensor 0
2026-09-15 11:30:51,744 - Bioreactor - INFO - Temperature: 22.937
2026-09-15 11:30:51,744 - Bioreactor - INFO - Peltier set to 2.4% duty, direction reverse
2026-09-15 11:30:51,744 - Bioreactor - INFO - Heat-only PID [trim]: setpoint=23.00C current=22.94C error=+0.06C rate=-0.15C/min ff=3.1 duty=2.4%
2026-09-15 11:30:55,924 - Bioreactor - INFO - Reading temperature from sensor 0
2026-09-15 11:30:56,736 - Bioreactor - INFO - Temperature: 22.937
2026-09-15 11:30:56,736 - Bioreactor - INFO - Peltier set to 2.4% duty, direction reverse
2026-09-15 11:30:56,736 - Bioreactor - INFO - Heat-only PID [trim]: setpoint=23.00C current=22.94C error=+0.06C rate=-0.15C/min ff=3.1 duty=2.4%
2026-09-15 11:31:00,925 - Bioreactor - INFO - Reading temperature from sensor 0
2026-09-15 11:31:01,728 - Bioreactor - INFO - Temperature: 22.937
2026-09-15 11:31:01,728 - Bioreactor - INFO - Peltier set to 2.4% duty, direction reverse
2026-09-15 11:31:01,728 - Bioreactor - INFO - Heat-only PID [trim]: setpoint=23.00C current=22.94C error=+0.06C rate=-0.15C/min ff=3.1 duty=2.4%
2026-09-15 11:31:05,925 - Bioreactor - INFO - Reading temperature from sensor 0
2026-09-15 11:31:06,720 - Bioreactor - INFO - Temperature: 22.937
2026-09-15 11:31:06,721 - Bioreactor - INFO - Peltier set to 2.4% duty, direction reverse
2026-09-15 11:31:06,721 - Bioreactor - INFO - Heat-only PID [trim]: setpoint=23.00C current=22.94C error=+0.06C rate=-0.15C/min ff=3.1 duty=2.4%
2026-09-15 11:31:10,925 - Bioreactor - INFO - Reading temperature from sensor 0
2026-09-15 11:31:11,712 - Bioreactor - INFO - Temperature: 22.937
2026-09-15 11:31:11,713 - Bioreactor - INFO - Peltier set to 2.4% duty, direction reverse
2026-09-15 11:31:11,713 - Bioreactor - INFO - Heat-only PID [trim]: setpoint=23.00C current=22.94C error=+0.06C rate=-0.15C/min ff=3.1 duty=2.4%
2026-09-15 11:31:15,925 - Bioreactor - INFO - Reading temperature from sensor 0
2026-09-15 11:31:16,736 - Bioreactor - INFO - Temperature: 22.937
2026-09-15 11:31:16,737 - Bioreactor - INFO - Peltier set to 2.4% duty, direction reverse
2026-09-15 11:31:16,737 - Bioreactor - INFO - Heat-only PID [trim]: setpoint=23.00C current=22.94C error=+0.06C rate=+0.00C/min ff=3.1 duty=2.4%
2026-09-15 11:31:20,925 - Bioreactor - INFO - Reading temperature from sensor 0
2026-09-15 11:31:21,728 - Bioreactor - INFO - Temperature: 22.937
2026-09-15 11:31:21,728 - Bioreactor - INFO - Peltier set to 2.5% duty, direction reverse
2026-09-15 11:31:21,729 - Bioreactor - INFO - Heat-only PID [trim]: setpoint=23.00C current=22.94C error=+0.06C rate=+0.00C/min ff=3.1 duty=2.5%
2026-09-15 11:31:25,925 - Bioreactor - INFO - Reading temperature from sensor 0
2026-09-15 11:31:26,720 - Bioreactor - INFO - Temperature: 22.937
2026-09-15 11:31:26,720 - Bioreactor - INFO - Peltier set to 2.5% duty, direction reverse
2026-09-15 11:31:26,721 - Bioreactor - INFO - Heat-only PID [trim]: setpoint=23.00C current=22.94C error=+0.06C rate=+0.00C/min ff=3.1 duty=2.5%
2026-09-15 11:31:30,925 - Bioreactor - INFO - Reading temperature from sensor 0
2026-09-15 11:31:31,712 - Bioreactor - INFO - Temperature: 22.937
2026-09-15 11:31:31,712 - Bioreactor - INFO - Peltier set to 2.5% duty, direction reverse
2026-09-15 11:31:31,713 - Bioreactor - INFO - Heat-only PID [trim]: setpoint=23.00C current=22.94C error=+0.06C rate=+0.00C/min ff=3.1 duty=2.5%
2026-09-15 11:31:35,925 - Bioreactor - INFO - Reading temperature from sensor 0
2026-09-15 11:31:36,736 - Bioreactor - INFO - Temperature: 22.937
2026-09-15 11:31:36,736 - Bioreactor - INFO - Peltier set to 2.5% duty, direction reverse
2026-09-15 11:31:36,737 - Bioreactor - INFO - Heat-only PID [trim]: setpoint=23.00C current=22.94C error=+0.06C rate=+0.00C/min ff=3.1 duty=2.5%
2026-09-15 11:31:40,925 - Bioreactor - INFO - Reading temperature from sensor 0
2026-09-15 11:31:41,728 - Bioreactor - INFO - Temperature: 22.937
2026-09-15 11:31:41,728 - Bioreactor - INFO - Peltier set to 2.5% duty, direction reverse
2026-09-15 11:31:41,729 - Bioreactor - INFO - Heat-only PID [trim]: setpoint=23.00C current=22.94C error=+0.06C rate=+0.00C/min ff=3.1 duty=2.5%
2026-09-15 11:31:45,925 - Bioreactor - INFO - Reading temperature from sensor 0
2026-09-15 11:31:46,724 - Bioreactor - INFO - Temperature: 22.937
2026-09-15 11:31:46,725 - Bioreactor - INFO - Peltier set to 2.5% duty, direction reverse
2026-09-15 11:31:46,725 - Bioreactor - INFO - Heat-only PID [trim]: setpoint=23.00C current=22.94C error=+0.06C rate=+0.00C/min ff=3.1 duty=2.5%
2026-09-15 11:31:50,926 - Bioreactor - INFO - Reading temperature from sensor 0
2026-09-15 11:31:51,720 - Bioreactor - INFO - Temperature: 22.937
2026-09-15 11:31:51,721 - Bioreactor - INFO - Peltier set to 2.6% duty, direction reverse
2026-09-15 11:31:51,721 - Bioreactor - INFO - Heat-only PID [trim]: setpoint=23.00C current=22.94C error=+0.06C rate=+0.00C/min ff=3.1 duty=2.6%
2026-09-15 11:31:55,926 - Bioreactor - INFO - Reading temperature from sensor 0
2026-09-15 11:31:56,736 - Bioreactor - INFO - Temperature: 23.0
2026-09-15 11:31:56,737 - Bioreactor - INFO - Peltier set to 2.1% duty, direction reverse
2026-09-15 11:31:56,737 - Bioreactor - INFO - Heat-only PID [trim]: setpoint=23.00C current=23.00C error=+0.00C rate=+0.15C/min ff=3.1 duty=2.1%
2026-09-15 11:32:00,926 - Bioreactor - INFO - Reading temperature from sensor 0
2026-09-15 11:32:01,728 - Bioreactor - INFO - Temperature: 22.937
2026-09-15 11:32:01,728 - Bioreactor - INFO - Peltier set to 2.6% duty, direction reverse
2026-09-15 11:32:01,728 - Bioreactor - INFO - Heat-only PID [trim]: setpoint=23.00C current=22.94C error=+0.06C rate=+0.00C/min ff=3.1 duty=2.6%
2026-09-15 11:32:05,926 - Bioreactor - INFO - Reading temperature from sensor 0
2026-09-15 11:32:06,721 - Bioreactor - INFO - Temperature: 23.0
2026-09-15 11:32:06,721 - Bioreactor - INFO - Peltier set to 2.1% duty, direction reverse
2026-09-15 11:32:06,721 - Bioreactor - INFO - Heat-only PID [trim]: setpoint=23.00C current=23.00C error=+0.00C rate=+0.15C/min ff=3.1 duty=2.1%
2026-09-15 11:32:10,926 - Bioreactor - INFO - Reading temperature from sensor 0
2026-09-15 11:32:11,712 - Bioreactor - INFO - Temperature: 22.937
2026-09-15 11:32:11,712 - Bioreactor - INFO - Peltier set to 2.6% duty, direction reverse
2026-09-15 11:32:11,713 - Bioreactor - INFO - Heat-only PID [trim]: setpoint=23.00C current=22.94C error=+0.06C rate=+0.00C/min ff=3.1 duty=2.6%
2026-09-15 11:32:15,926 - Bioreactor - INFO - Reading temperature from sensor 0
2026-09-15 11:32:16,744 - Bioreactor - INFO - Temperature: 22.937
2026-09-15 11:32:16,744 - Bioreactor - INFO - Peltier set to 2.6% duty, direction reverse
2026-09-15 11:32:16,745 - Bioreactor - INFO - Heat-only PID [trim]: setpoint=23.00C current=22.94C error=+0.06C rate=+0.00C/min ff=3.1 duty=2.6%
2026-09-15 11:32:20,926 - Bioreactor - INFO - Reading temperature from sensor 0
2026-09-15 11:32:21,752 - Bioreactor - INFO - Temperature: 22.937
2026-09-15 11:32:21,752 - Bioreactor - INFO - Peltier set to 2.6% duty, direction reverse
2026-09-15 11:32:21,752 - Bioreactor - INFO - Heat-only PID [trim]: setpoint=23.00C current=22.94C error=+0.06C rate=-0.15C/min ff=3.1 duty=2.6%
2026-09-15 11:32:25,926 - Bioreactor - INFO - Reading temperature from sensor 0
2026-09-15 11:32:26,723 - Bioreactor - INFO - Temperature: 22.937
2026-09-15 11:32:26,724 - Bioreactor - INFO - Peltier set to 2.6% duty, direction reverse
2026-09-15 11:32:26,724 - Bioreactor - INFO - Heat-only PID [trim]: setpoint=23.00C current=22.94C error=+0.06C rate=+0.00C/min ff=3.1 duty=2.6%
2026-09-15 11:32:30,926 - Bioreactor - INFO - Reading temperature from sensor 0
2026-09-15 11:32:31,715 - Bioreactor - INFO - Temperature: 22.937
2026-09-15 11:32:31,716 - Bioreactor - INFO - Peltier set to 2.7% duty, direction reverse
2026-09-15 11:32:31,716 - Bioreactor - INFO - Heat-only PID [trim]: setpoint=23.00C current=22.94C error=+0.06C rate=-0.15C/min ff=3.1 duty=2.7%
2026-09-15 11:32:35,926 - Bioreactor - INFO - Reading temperature from sensor 0
2026-09-15 11:32:36,741 - Bioreactor - INFO - Temperature: 22.937
2026-09-15 11:32:36,744 - Bioreactor - INFO - Peltier set to 30.6% duty, direction reverse
2026-09-15 11:32:36,744 - Bioreactor - INFO - Heat-only PID [approach]: setpoint=25.00C current=22.94C error=+2.06C rate=+0.00C/min ff=5.7 duty=30.6%
2026-09-15 11:32:40,926 - Bioreactor - INFO - Reading temperature from sensor 0
2026-09-15 11:32:41,728 - Bioreactor - INFO - Temperature: 22.937
2026-09-15 11:32:41,729 - Bioreactor - INFO - Peltier set to 30.8% duty, direction reverse
2026-09-15 11:32:41,729 - Bioreactor - INFO - Heat-only PID [approach]: setpoint=25.00C current=22.94C error=+2.06C rate=+0.00C/min ff=5.7 duty=30.8%
2026-09-15 11:32:45,927 - Bioreactor - INFO - Reading temperature from sensor 0
2026-09-15 11:32:46,720 - Bioreactor - INFO - Temperature: 22.937
2026-09-15 11:32:46,720 - Bioreactor - INFO - Peltier set to 30.9% duty, direction reverse
2026-09-15 11:32:46,720 - Bioreactor - INFO - Heat-only PID [approach]: setpoint=25.00C current=22.94C error=+2.06C rate=+0.00C/min ff=5.7 duty=30.9%
2026-09-15 11:32:50,927 - Bioreactor - INFO - Reading temperature from sensor 0
2026-09-15 11:32:51,712 - Bioreactor - INFO - Temperature: 23.0
2026-09-15 11:32:51,712 - Bioreactor - INFO - Peltier set to 30.3% duty, direction reverse
2026-09-15 11:32:51,712 - Bioreactor - INFO - Heat-only PID [approach]: setpoint=25.00C current=23.00C error=+2.00C rate=+0.15C/min ff=5.7 duty=30.3%
2026-09-15 11:32:55,927 - Bioreactor - INFO - Reading temperature from sensor 0
2026-09-15 11:32:56,736 - Bioreactor - INFO - Temperature: 23.0
2026-09-15 11:32:56,736 - Bioreactor - INFO - Peltier set to 30.5% duty, direction reverse
2026-09-15 11:32:56,736 - Bioreactor - INFO - Heat-only PID [approach]: setpoint=25.00C current=23.00C error=+2.00C rate=+0.15C/min ff=5.7 duty=30.5%
2026-09-15 11:33:00,927 - Bioreactor - INFO - Reading temperature from sensor 0
2026-09-15 11:33:01,728 - Bioreactor - INFO - Temperature: 23.062
2026-09-15 11:33:01,728 - Bioreactor - INFO - Peltier set to 29.9% duty, direction reverse
2026-09-15 11:33:01,728 - Bioreactor - INFO - Heat-only PID [approach]: setpoint=25.00C current=23.06C error=+1.94C rate=+0.30C/min ff=5.7 duty=29.9%
2026-09-15 11:33:05,927 - Bioreactor - INFO - Reading temperature from sensor 0
2026-09-15 11:33:06,720 - Bioreactor - INFO - Temperature: 23.187
2026-09-15 11:33:06,720 - Bioreactor - INFO - Peltier set to 28.5% duty, direction reverse
2026-09-15 11:33:06,720 - Bioreactor - INFO - Heat-only PID [approach]: setpoint=25.00C current=23.19C error=+1.81C rate=+0.60C/min ff=5.7 duty=28.5%
2026-09-15 11:33:10,927 - Bioreactor - INFO - Reading temperature from sensor 0
2026-09-15 11:33:11,744 - Bioreactor - INFO - Temperature: 23.312
2026-09-15 11:33:11,744 - Bioreactor - INFO - Peltier set to 27.1% duty, direction reverse
2026-09-15 11:33:11,744 - Bioreactor - INFO - Heat-only PID [approach]: setpoint=25.00C current=23.31C error=+1.69C rate=+0.90C/min ff=5.7 duty=27.1%
2026-09-15 11:33:15,927 - Bioreactor - INFO - Reading temperature from sensor 0
2026-09-15 11:33:16,736 - Bioreactor - INFO - Temperature: 23.5
2026-09-15 11:33:16,736 - Bioreactor - INFO - Peltier PWM stopped.
2026-09-15 11:33:16,736 - Bioreactor - INFO - Heat-only PID [approach]: setpoint=25.00C current=23.50C error=+1.50C rate=+1.20C/min ff=5.7 duty=0.0% (coasting)
2026-09-15 11:33:20,927 - Bioreactor - INFO - Reading temperature from sensor 0
2026-09-15 11:33:21,728 - Bioreactor - INFO - Temperature: 23.687
2026-09-15 11:33:21,728 - Bioreactor - INFO - Peltier PWM stopped.
2026-09-15 11:33:21,728 - Bioreactor - INFO - Heat-only PID [approach]: setpoint=25.00C current=23.69C error=+1.31C rate=+1.65C/min ff=5.7 duty=0.0% (coasting)
2026-09-15 11:33:25,927 - Bioreactor - INFO - Reading temperature from sensor 0
2026-09-15 11:33:26,720 - Bioreactor - INFO - Temperature: 23.875
2026-09-15 11:33:26,720 - Bioreactor - INFO - Peltier PWM stopped.
2026-09-15 11:33:26,720 - Bioreactor - INFO - Heat-only PID [approach]: setpoint=25.00C current=23.88C error=+1.12C rate=+1.95C/min ff=5.7 duty=0.0% (coasting)
2026-09-15 11:33:30,927 - Bioreactor - INFO - Reading temperature from sensor 0
2026-09-15 11:33:31,748 - Bioreactor - INFO - Temperature: 24.062
2026-09-15 11:33:31,748 - Bioreactor - INFO - Peltier PWM stopped.
2026-09-15 11:33:31,748 - Bioreactor - INFO - Heat-only PID [approach]: setpoint=25.00C current=24.06C error=+0.94C rate=+2.10C/min ff=5.7 duty=0.0% (coasting)
2026-09-15 11:33:35,927 - Bioreactor - INFO - Reading temperature from sensor 0
2026-09-15 11:33:36,736 - Bioreactor - INFO - Temperature: 24.25
2026-09-15 11:33:36,736 - Bioreactor - INFO - Peltier PWM stopped.
2026-09-15 11:33:36,736 - Bioreactor - INFO - Heat-only PID [approach]: setpoint=25.00C current=24.25C error=+0.75C rate=+2.25C/min ff=5.7 duty=0.0% (coasting)
2026-09-15 11:33:40,928 - Bioreactor - INFO - Reading temperature from sensor 0
2026-09-15 11:33:41,728 - Bioreactor - INFO - Temperature: 24.437
2026-09-15 11:33:41,728 - Bioreactor - INFO - Peltier PWM stopped.
2026-09-15 11:33:41,728 - Bioreactor - INFO - Heat-only PID [approach]: setpoint=25.00C current=24.44C error=+0.56C rate=+2.25C/min ff=5.7 duty=0.0% (coasting)
2026-09-15 11:33:45,928 - Bioreactor - INFO - Reading temperature from sensor 0
2026-09-15 11:33:46,720 - Bioreactor - INFO - Temperature: 24.562
2026-09-15 11:33:46,720 - Bioreactor - INFO - Peltier PWM stopped.
2026-09-15 11:33:46,720 - Bioreactor - INFO - Heat-only PID [approach]: setpoint=25.00C current=24.56C error=+0.44C rate=+2.10C/min ff=5.7 duty=0.0% (coasting)
2026-09-15 11:33:50,928 - Bioreactor - INFO - Reading temperature from sensor 0
2026-09-15 11:33:51,744 - Bioreactor - INFO - Temperature: 24.625
2026-09-15 11:33:51,744 - Bioreactor - INFO - Peltier PWM stopped.
2026-09-15 11:33:51,744 - Bioreactor - INFO - Heat-only PID [approach]: setpoint=25.00C current=24.62C error=+0.38C rate=+1.80C/min ff=5.7 duty=0.0% (coasting)
2026-09-15 11:33:55,928 - Bioreactor - INFO - Reading temperature from sensor 0
2026-09-15 11:33:56,736 - Bioreactor - INFO - Temperature: 24.687
2026-09-15 11:33:56,736 - Bioreactor - INFO - Peltier PWM stopped.
2026-09-15 11:33:56,736 - Bioreactor - INFO - Heat-only PID [approach]: setpoint=25.00C current=24.69C error=+0.31C rate=+1.50C/min ff=5.7 duty=0.0% (coasting)
2026-09-15 11:34:00,929 - Bioreactor - INFO - Reading temperature from sensor 0
2026-09-15 11:34:01,728 - Bioreactor - INFO - Temperature: 24.75
2026-09-15 11:34:01,728 - Bioreactor - INFO - Peltier set to 7.8% duty, direction reverse
2026-09-15 11:34:01,728 - Bioreactor - INFO - Heat-only PID [trim]: setpoint=25.00C current=24.75C error=+0.25C rate=+1.20C/min ff=5.7 duty=7.8%
2026-09-15 11:34:05,930 - Bioreactor - INFO - Reading temperature from sensor 0
2026-09-15 11:34:06,720 - Bioreactor - INFO - Temperature: 24.75
2026-09-15 11:34:06,720 - Bioreactor - INFO - Peltier set to 7.8% duty, direction reverse
2026-09-15 11:34:06,720 - Bioreactor - INFO - Heat-only PID [trim]: setpoint=25.00C current=24.75C error=+0.25C rate=+0.75C/min ff=5.7 duty=7.8%
2026-09-15 11:34:10,931 - Bioreactor - INFO - Reading temperature from sensor 0
2026-09-15 11:34:11,744 - Bioreactor - INFO - Temperature: 24.75
2026-09-15 11:34:11,744 - Bioreactor - INFO - Peltier set to 7.9% duty, direction reverse
2026-09-15 11:34:11,744 - Bioreactor - INFO - Heat-only PID [trim]: setpoint=25.00C current=24.75C error=+0.25C rate=+0.45C/min ff=5.7 duty=7.9%
2026-09-15 11:34:15,931 - Bioreactor - INFO - Reading temperature from sensor 0
2026-09-15 11:34:16,736 - Bioreactor - INFO - Temperature: 24.75
2026-09-15 11:34:16,736 - Bioreactor - INFO - Peltier set to 8.0% duty, direction reverse
2026-09-15 11:34:16,736 - Bioreactor - INFO - Heat-only PID [trim]: setpoint=25.00C current=24.75C error=+0.25C rate=+0.30C/min ff=5.7 duty=8.0%
2026-09-15 11:34:20,931 - Bioreactor - INFO - Reading temperature from sensor 0
2026-09-15 11:34:21,728 - Bioreactor - INFO - Temperature: 24.75
2026-09-15 11:34:21,728 - Bioreactor - INFO - Peltier set to 8.0% duty, direction reverse
2026-09-15 11:34:21,728 - Bioreactor - INFO - Heat-only PID [trim]: setpoint=25.00C current=24.75C error=+0.25C rate=+0.15C/min ff=5.7 duty=8.0%
2026-09-15 11:34:25,932 - Bioreactor - INFO - Reading temperature from sensor 0
2026-09-15 11:34:26,720 - Bioreactor - INFO - Temperature: 24.75
2026-09-15 11:34:26,720 - Bioreactor - INFO - Peltier set to 8.1% duty, direction reverse
2026-09-15 11:34:26,720 - Bioreactor - INFO - Heat-only PID [trim]: setpoint=25.00C current=24.75C error=+0.25C rate=+0.00C/min ff=5.7 duty=8.1%
2026-09-15 11:34:30,932 - Bioreactor - INFO - Reading temperature from sensor 0
2026-09-15 11:34:31,744 - Bioreactor - INFO - Temperature: 24.75
2026-09-15 11:34:31,744 - Bioreactor - INFO - Peltier set to 8.2% duty, direction reverse
2026-09-15 11:34:31,744 - Bioreactor - INFO - Heat-only PID [trim]: setpoint=25.00C current=24.75C error=+0.25C rate=+0.00C/min ff=5.7 duty=8.2%
2026-09-15 11:34:35,932 - Bioreactor - INFO - Reading temperature from sensor 0
2026-09-15 11:34:36,736 - Bioreactor - INFO - Temperature: 24.75
2026-09-15 11:34:36,736 - Bioreactor - INFO - Peltier set to 8.2% duty, direction reverse
2026-09-15 11:34:36,737 - Bioreactor - INFO - Heat-only PID [trim]: setpoint=25.00C current=24.75C error=+0.25C rate=+0.00C/min ff=5.7 duty=8.2%
2026-09-15 11:34:40,932 - Bioreactor - INFO - Reading temperature from sensor 0
2026-09-15 11:34:41,728 - Bioreactor - INFO - Temperature: 24.75
2026-09-15 11:34:41,728 - Bioreactor - INFO - Peltier set to 8.3% duty, direction reverse
2026-09-15 11:34:41,729 - Bioreactor - INFO - Heat-only PID [trim]: setpoint=25.00C current=24.75C error=+0.25C rate=+0.00C/min ff=5.7 duty=8.3%
2026-09-15 11:34:45,932 - Bioreactor - INFO - Reading temperature from sensor 0
2026-09-15 11:34:46,720 - Bioreactor - INFO - Temperature: 24.75
2026-09-15 11:34:46,720 - Bioreactor - INFO - Peltier set to 8.3% duty, direction reverse
2026-09-15 11:34:46,721 - Bioreactor - INFO - Heat-only PID [trim]: setpoint=25.00C current=24.75C error=+0.25C rate=+0.00C/min ff=5.7 duty=8.3%
2026-09-15 11:34:50,932 - Bioreactor - INFO - Reading temperature from sensor 0
2026-09-15 11:34:51,744 - Bioreactor - INFO - Temperature: 24.812
2026-09-15 11:34:51,744 - Bioreactor - INFO - Peltier set to 7.9% duty, direction reverse
2026-09-15 11:34:51,745 - Bioreactor - INFO - Heat-only PID [trim]: setpoint=25.00C current=24.81C error=+0.19C rate=+0.15C/min ff=5.7 duty=7.9%
2026-09-15 11:34:55,932 - Bioreactor - INFO - Reading temperature from sensor 0
2026-09-15 11:34:56,736 - Bioreactor - INFO - Temperature: 24.812
2026-09-15 11:34:56,736 - Bioreactor - INFO - Peltier set to 7.9% duty, direction reverse
2026-09-15 11:34:56,737 - Bioreactor - INFO - Heat-only PID [trim]: setpoint=25.00C current=24.81C error=+0.19C rate=+0.15C/min ff=5.7 duty=7.9%
2026-09-15 11:35:00,932 - Bioreactor - INFO - Reading temperature from sensor 0
2026-09-15 11:35:01,748 - Bioreactor - INFO - Temperature: 24.812
2026-09-15 11:35:01,748 - Bioreactor - INFO - Peltier set to 8.0% duty, direction reverse
2026-09-15 11:35:01,748 - Bioreactor - INFO - Heat-only PID [trim]: setpoint=25.00C current=24.81C error=+0.19C rate=+0.15C/min ff=5.7 duty=8.0%
2026-09-15 11:35:05,932 - Bioreactor - INFO - Reading temperature from sensor 0
2026-09-15 11:35:06,720 - Bioreactor - INFO - Temperature: 24.875
2026-09-15 11:35:06,720 - Bioreactor - INFO - Peltier set to 7.5% duty, direction reverse
2026-09-15 11:35:06,720 - Bioreactor - INFO - Heat-only PID [trim]: setpoint=25.00C current=24.88C error=+0.12C rate=+0.30C/min ff=5.7 duty=7.5%
2026-09-15 11:35:10,932 - Bioreactor - INFO - Reading temperature from sensor 0
2026-09-15 11:35:11,744 - Bioreactor - INFO - Temperature: 24.875
2026-09-15 11:35:11,744 - Bioreactor - INFO - Peltier set to 7.5% duty, direction reverse
2026-09-15 11:35:11,748 - Bioreactor - INFO - Heat-only PID [trim]: setpoint=25.00C current=24.88C error=+0.12C rate=+0.30C/min ff=5.7 duty=7.5%
2026-09-15 11:35:15,933 - Bioreactor - INFO - Reading temperature from sensor 0
2026-09-15 11:35:16,736 - Bioreactor - INFO - Temperature: 24.937
2026-09-15 11:35:16,736 - Bioreactor - INFO - Peltier set to 7.1% duty, direction reverse
2026-09-15 11:35:16,736 - Bioreactor - INFO - Heat-only PID [trim]: setpoint=25.00C current=24.94C error=+0.06C rate=+0.30C/min ff=5.7 duty=7.1%
2026-09-15 11:35:20,933 - Bioreactor - INFO - Reading temperature from sensor 0
2026-09-15 11:35:21,728 - Bioreactor - INFO - Temperature: 25.0
2026-09-15 11:35:21,728 - Bioreactor - INFO - Peltier set to 6.6% duty, direction reverse
2026-09-15 11:35:21,729 - Bioreactor - INFO - Heat-only PID [trim]: setpoint=25.00C current=25.00C error=+0.00C rate=+0.45C/min ff=5.7 duty=6.6%
2026-09-15 11:35:25,933 - Bioreactor - INFO - Reading temperature from sensor 0
2026-09-15 11:35:26,752 - Bioreactor - INFO - Temperature: 25.0
2026-09-15 11:35:26,752 - Bioreactor - INFO - Peltier set to 6.6% duty, direction reverse
2026-09-15 11:35:26,752 - Bioreactor - INFO - Heat-only PID [trim]: setpoint=25.00C current=25.00C error=+0.00C rate=+0.45C/min ff=5.7 duty=6.6%
2026-09-15 11:35:30,933 - Bioreactor - INFO - Reading temperature from sensor 0
2026-09-15 11:35:31,744 - Bioreactor - INFO - Temperature: 25.0
2026-09-15 11:35:31,744 - Bioreactor - INFO - Peltier set to 6.6% duty, direction reverse
2026-09-15 11:35:31,744 - Bioreactor - INFO - Heat-only PID [trim]: setpoint=25.00C current=25.00C error=+0.00C rate=+0.30C/min ff=5.7 duty=6.6%
2026-09-15 11:35:35,933 - Bioreactor - INFO - Reading temperature from sensor 0
2026-09-15 11:35:36,736 - Bioreactor - INFO - Temperature: 25.062
2026-09-15 11:35:36,736 - Bioreactor - INFO - Peltier set to 6.1% duty, direction reverse
2026-09-15 11:35:36,736 - Bioreactor - INFO - Heat-only PID [trim]: setpoint=25.00C current=25.06C error=-0.06C rate=+0.45C/min ff=5.7 duty=6.1%
2026-09-15 11:35:40,933 - Bioreactor - INFO - Reading temperature from sensor 0
2026-09-15 11:35:41,728 - Bioreactor - INFO - Temperature: 25.062
2026-09-15 11:35:41,728 - Bioreactor - INFO - Peltier set to 6.0% duty, direction reverse
2026-09-15 11:35:41,728 - Bioreactor - INFO - Heat-only PID [trim]: setpoint=25.00C current=25.06C error=-0.06C rate=+0.30C/min ff=5.7 duty=6.0%
2026-09-15 11:35:45,933 - Bioreactor - INFO - Reading temperature from sensor 0
2026-09-15 11:35:46,720 - Bioreactor - INFO - Temperature: 25.062
2026-09-15 11:35:46,720 - Bioreactor - INFO - Peltier set to 6.0% duty, direction reverse
2026-09-15 11:35:46,720 - Bioreactor - INFO - Heat-only PID [trim]: setpoint=25.00C current=25.06C error=-0.06C rate=+0.15C/min ff=5.7 duty=6.0%
2026-09-15 11:35:50,933 - Bioreactor - INFO - Reading temperature from sensor 0
2026-09-15 11:35:51,744 - Bioreactor - INFO - Temperature: 25.125
2026-09-15 11:35:51,744 - Bioreactor - INFO - Peltier set to 5.5% duty, direction reverse
2026-09-15 11:35:51,744 - Bioreactor - INFO - Heat-only PID [trim]: setpoint=25.00C current=25.12C error=-0.12C rate=+0.30C/min ff=5.7 duty=5.5%
2026-09-15 11:35:55,933 - Bioreactor - INFO - Reading temperature from sensor 0
2026-09-15 11:35:56,736 - Bioreactor - INFO - Temperature: 25.125
2026-09-15 11:35:56,736 - Bioreactor - INFO - Peltier set to 5.5% duty, direction reverse
2026-09-15 11:35:56,736 - Bioreactor - INFO - Heat-only PID [trim]: setpoint=25.00C current=25.12C error=-0.12C rate=+0.30C/min ff=5.7 duty=5.5%
2026-09-15 11:36:00,933 - Bioreactor - INFO - Reading temperature from sensor 0
2026-09-15 11:36:01,728 - Bioreactor - INFO - Temperature: 25.187
2026-09-15 11:36:01,728 - Bioreactor - INFO - Peltier set to 4.9% duty, direction reverse
2026-09-15 11:36:01,728 - Bioreactor - INFO - Heat-only PID [trim]: setpoint=25.00C current=25.19C error=-0.19C rate=+0.30C/min ff=5.7 duty=4.9%
2026-09-15 11:36:05,933 - Bioreactor - INFO - Reading temperature from sensor 0
2026-09-15 11:36:06,720 - Bioreactor - INFO - Temperature: 25.187
2026-09-15 11:36:06,720 - Bioreactor - INFO - Peltier set to 4.9% duty, direction reverse
2026-09-15 11:36:06,720 - Bioreactor - INFO - Heat-only PID [trim]: setpoint=25.00C current=25.19C error=-0.19C rate=+0.30C/min ff=5.7 duty=4.9%
2026-09-15 11:36:10,934 - Bioreactor - INFO - Reading temperature from sensor 0
2026-09-15 11:36:11,744 - Bioreactor - INFO - Temperature: 25.187
2026-09-15 11:36:11,744 - Bioreactor - INFO - Peltier set to 4.8% duty, direction reverse
2026-09-15 11:36:11,744 - Bioreactor - INFO - Heat-only PID [trim]: setpoint=25.00C current=25.19C error=-0.19C rate=+0.30C/min ff=5.7 duty=4.8%
2026-09-15 11:36:15,934 - Bioreactor - INFO - Reading temperature from sensor 0
2026-09-15 11:36:16,736 - Bioreactor - INFO - Temperature: 25.187
2026-09-15 11:36:16,736 - Bioreactor - INFO - Peltier set to 4.8% duty, direction reverse
2026-09-15 11:36:16,736 - Bioreactor - INFO - Heat-only PID [trim]: setpoint=25.00C current=25.19C error=-0.19C rate=+0.15C/min ff=5.7 duty=4.8%
2026-09-15 11:36:20,934 - Bioreactor - INFO - Reading temperature from sensor 0
2026-09-15 11:36:21,728 - Bioreactor - INFO - Temperature: 25.187
2026-09-15 11:36:21,728 - Bioreactor - INFO - Peltier set to 4.7% duty, direction reverse
2026-09-15 11:36:21,728 - Bioreactor - INFO - Heat-only PID [trim]: setpoint=25.00C current=25.19C error=-0.19C rate=+0.15C/min ff=5.7 duty=4.7%
2026-09-15 11:36:25,934 - Bioreactor - INFO - Reading temperature from sensor 0
2026-09-15 11:36:26,752 - Bioreactor - INFO - Temperature: 25.187
2026-09-15 11:36:26,752 - Bioreactor - INFO - Peltier set to 4.7% duty, direction reverse
2026-09-15 11:36:26,752 - Bioreactor - INFO - Heat-only PID [trim]: setpoint=25.00C current=25.19C error=-0.19C rate=+0.00C/min ff=5.7 duty=4.7%
2026-09-15 11:36:30,934 - Bioreactor - INFO - Reading temperature from sensor 0
2026-09-15 11:36:31,744 - Bioreactor - INFO - Temperature: 25.187
2026-09-15 11:36:31,744 - Bioreactor - INFO - Peltier set to 4.6% duty, direction reverse
2026-09-15 11:36:31,744 - Bioreactor - INFO - Heat-only PID [trim]: setpoint=25.00C current=25.19C error=-0.19C rate=+0.00C/min ff=5.7 duty=4.6%
2026-09-15 11:36:35,934 - Bioreactor - INFO - Reading temperature from sensor 0
2026-09-15 11:36:36,736 - Bioreactor - INFO - Temperature: 25.187
2026-09-15 11:36:36,736 - Bioreactor - INFO - Peltier set to 4.6% duty, direction reverse
2026-09-15 11:36:36,736 - Bioreactor - INFO - Heat-only PID [trim]: setpoint=25.00C current=25.19C error=-0.19C rate=+0.00C/min ff=5.7 duty=4.6%
2026-09-15 11:36:40,934 - Bioreactor - INFO - Reading temperature from sensor 0
2026-09-15 11:36:41,728 - Bioreactor - INFO - Temperature: 25.187
2026-09-15 11:36:41,728 - Bioreactor - INFO - Peltier set to 4.5% duty, direction reverse
2026-09-15 11:36:41,728 - Bioreactor - INFO - Heat-only PID [trim]: setpoint=25.00C current=25.19C error=-0.19C rate=+0.00C/min ff=5.7 duty=4.5%
2026-09-15 11:36:45,934 - Bioreactor - INFO - Reading temperature from sensor 0
2026-09-15 11:36:46,720 - Bioreactor - INFO - Temperature: 25.187
2026-09-15 11:36:46,720 - Bioreactor - INFO - Peltier set to 4.5% duty, direction reverse
2026-09-15 11:36:46,720 - Bioreactor - INFO - Heat-only PID [trim]: setpoint=25.00C current=25.19C error=-0.19C rate=+0.00C/min ff=5.7 duty=4.5%
2026-09-15 11:36:50,934 - Bioreactor - INFO - Reading temperature from sensor 0
2026-09-15 11:36:51,744 - Bioreactor - INFO - Temperature: 25.187
2026-09-15 11:36:51,744 - Bioreactor - INFO - Peltier set to 4.4% duty, direction reverse
2026-09-15 11:36:51,744 - Bioreactor - INFO - Heat-only PID [trim]: setpoint=25.00C current=25.19C error=-0.19C rate=+0.00C/min ff=5.7 duty=4.4%
2026-09-15 11:36:55,934 - Bioreactor - INFO - Reading temperature from sensor 0
2026-09-15 11:36:56,736 - Bioreactor - INFO - Temperature: 25.187
2026-09-15 11:36:56,736 - Bioreactor - INFO - Peltier set to 4.4% duty, direction reverse
2026-09-15 11:36:56,736 - Bioreactor - INFO - Heat-only PID [trim]: setpoint=25.00C current=25.19C error=-0.19C rate=+0.00C/min ff=5.7 duty=4.4%
2026-09-15 11:37:00,935 - Bioreactor - INFO - Reading temperature from sensor 0
2026-09-15 11:37:01,728 - Bioreactor - INFO - Temperature: 25.187
2026-09-15 11:37:01,728 - Bioreactor - INFO - Peltier set to 4.4% duty, direction reverse
2026-09-15 11:37:01,728 - Bioreactor - INFO - Heat-only PID [trim]: setpoint=25.00C current=25.19C error=-0.19C rate=+0.00C/min ff=5.7 duty=4.4%
2026-09-15 11:37:05,935 - Bioreactor - INFO - Reading temperature from sensor 0
2026-09-15 11:37:06,720 - Bioreactor - INFO - Temperature: 25.187
2026-09-15 11:37:06,720 - Bioreactor - INFO - Peltier set to 4.3% duty, direction reverse
2026-09-15 11:37:06,720 - Bioreactor - INFO - Heat-only PID [trim]: setpoint=25.00C current=25.19C error=-0.19C rate=+0.00C/min ff=5.7 duty=4.3%
2026-09-15 11:37:10,935 - Bioreactor - INFO - Reading temperature from sensor 0
2026-09-15 11:37:11,744 - Bioreactor - INFO - Temperature: 25.125
2026-09-15 11:37:11,750 - Bioreactor - INFO - Peltier set to 4.8% duty, direction reverse
2026-09-15 11:37:11,750 - Bioreactor - INFO - Heat-only PID [trim]: setpoint=25.00C current=25.12C error=-0.12C rate=-0.15C/min ff=5.7 duty=4.8%
2026-09-15 11:37:15,935 - Bioreactor - INFO - Reading temperature from sensor 0
2026-09-15 11:37:16,736 - Bioreactor - INFO - Temperature: 25.125
2026-09-15 11:37:16,736 - Bioreactor - INFO - Peltier set to 4.7% duty, direction reverse
2026-09-15 11:37:16,736 - Bioreactor - INFO - Heat-only PID [trim]: setpoint=25.00C current=25.12C error=-0.12C rate=-0.15C/min ff=5.7 duty=4.7%
2026-09-15 11:37:20,935 - Bioreactor - INFO - Reading temperature from sensor 0
2026-09-15 11:37:21,728 - Bioreactor - INFO - Temperature: 25.125
2026-09-15 11:37:21,728 - Bioreactor - INFO - Peltier set to 4.7% duty, direction reverse
2026-09-15 11:37:21,728 - Bioreactor - INFO - Heat-only PID [trim]: setpoint=25.00C current=25.12C error=-0.12C rate=-0.15C/min ff=5.7 duty=4.7%
2026-09-15 11:37:25,935 - Bioreactor - INFO - Reading temperature from sensor 0
2026-09-15 11:37:26,752 - Bioreactor - INFO - Temperature: 25.125
2026-09-15 11:37:26,752 - Bioreactor - INFO - Peltier set to 4.7% duty, direction reverse
2026-09-15 11:37:26,752 - Bioreactor - INFO - Heat-only PID [trim]: setpoint=25.00C current=25.12C error=-0.12C rate=-0.15C/min ff=5.7 duty=4.7%
2026-09-15 11:37:30,935 - Bioreactor - INFO - Reading temperature from sensor 0
2026-09-15 11:37:31,744 - Bioreactor - INFO - Temperature: 25.125
2026-09-15 11:37:31,744 - Bioreactor - INFO - Peltier set to 4.6% duty, direction reverse
2026-09-15 11:37:31,744 - Bioreactor - INFO - Heat-only PID [trim]: setpoint=25.00C current=25.12C error=-0.12C rate=-0.15C/min ff=5.7 duty=4.6%
2026-09-15 11:37:35,935 - Bioreactor - INFO - Reading temperature from sensor 0
2026-09-15 11:37:36,736 - Bioreactor - INFO - Temperature: 25.125
2026-09-15 11:37:36,736 - Bioreactor - INFO - Peltier set to 4.6% duty, direction reverse
2026-09-15 11:37:36,736 - Bioreactor - INFO - Heat-only PID [trim]: setpoint=25.00C current=25.12C error=-0.12C rate=+0.00C/min ff=5.7 duty=4.6%
2026-09-15 11:37:40,935 - Bioreactor - INFO - Reading temperature from sensor 0
2026-09-15 11:37:41,728 - Bioreactor - INFO - Temperature: 25.062
2026-09-15 11:37:41,728 - Bioreactor - INFO - Peltier set to 5.1% duty, direction reverse
2026-09-15 11:37:41,728 - Bioreactor - INFO - Heat-only PID [trim]: setpoint=25.00C current=25.06C error=-0.06C rate=-0.15C/min ff=5.7 duty=5.1%
2026-09-15 11:37:45,935 - Bioreactor - INFO - Reading temperature from sensor 0
2026-09-15 11:37:46,752 - Bioreactor - INFO - Temperature: 25.062
2026-09-15 11:37:46,752 - Bioreactor - INFO - Peltier set to 5.1% duty, direction reverse
2026-09-15 11:37:46,752 - Bioreactor - INFO - Heat-only PID [trim]: setpoint=25.00C current=25.06C error=-0.06C rate=-0.15C/min ff=5.7 duty=5.1%
2026-09-15 11:37:50,935 - Bioreactor - INFO - Reading temperature from sensor 0
2026-09-15 11:37:51,744 - Bioreactor - INFO - Temperature: 25.062
2026-09-15 11:37:51,744 - Bioreactor - INFO - Peltier set to 5.1% duty, direction reverse
2026-09-15 11:37:51,744 - Bioreactor - INFO - Heat-only PID [trim]: setpoint=25.00C current=25.06C error=-0.06C rate=-0.15C/min ff=5.7 duty=5.1%
2026-09-15 11:37:55,936 - Bioreactor - INFO - Reading temperature from sensor 0
2026-09-15 11:37:56,736 - Bioreactor - INFO - Temperature: 25.062
2026-09-15 11:37:56,736 - Bioreactor - INFO - Peltier set to 5.1% duty, direction reverse
2026-09-15 11:37:56,736 - Bioreactor - INFO - Heat-only PID [trim]: setpoint=25.00C current=25.06C error=-0.06C rate=-0.15C/min ff=5.7 duty=5.1%
2026-09-15 11:38:00,936 - Bioreactor - INFO - Reading temperature from sensor 0
2026-09-15 11:38:01,728 - Bioreactor - INFO - Temperature: 25.062
2026-09-15 11:38:01,728 - Bioreactor - INFO - Peltier set to 5.0% duty, direction reverse
2026-09-15 11:38:01,728 - Bioreactor - INFO - Heat-only PID [trim]: setpoint=25.00C current=25.06C error=-0.06C rate=-0.15C/min ff=5.7 duty=5.0%
2026-09-15 11:38:05,936 - Bioreactor - INFO - Reading temperature from sensor 0
2026-09-15 11:38:06,752 - Bioreactor - INFO - Temperature: 25.062
2026-09-15 11:38:06,752 - Bioreactor - INFO - Peltier set to 5.0% duty, direction reverse
2026-09-15 11:38:06,752 - Bioreactor - INFO - Heat-only PID [trim]: setpoint=25.00C current=25.06C error=-0.06C rate=+0.00C/min ff=5.7 duty=5.0%
2026-09-15 11:38:10,936 - Bioreactor - INFO - Reading temperature from sensor 0
2026-09-15 11:38:11,744 - Bioreactor - INFO - Temperature: 25.062
2026-09-15 11:38:11,744 - Bioreactor - INFO - Peltier set to 5.0% duty, direction reverse
2026-09-15 11:38:11,744 - Bioreactor - INFO - Heat-only PID [trim]: setpoint=25.00C current=25.06C error=-0.06C rate=+0.00C/min ff=5.7 duty=5.0%
2026-09-15 11:38:15,936 - Bioreactor - INFO - Reading temperature from sensor 0
2026-09-15 11:38:16,736 - Bioreactor - INFO - Temperature: 25.062
2026-09-15 11:38:16,736 - Bioreactor - INFO - Peltier set to 5.0% duty, direction reverse
2026-09-15 11:38:16,736 - Bioreactor - INFO - Heat-only PID [trim]: setpoint=25.00C current=25.06C error=-0.06C rate=+0.00C/min ff=5.7 duty=5.0%
2026-09-15 11:38:20,936 - Bioreactor - INFO - Reading temperature from sensor 0
2026-09-15 11:38:21,728 - Bioreactor - INFO - Temperature: 25.0
2026-09-15 11:38:21,728 - Bioreactor - INFO - Peltier set to 5.5% duty, direction reverse
2026-09-15 11:38:21,728 - Bioreactor - INFO - Heat-only PID [trim]: setpoint=25.00C current=25.00C error=+0.00C rate=-0.15C/min ff=5.7 duty=5.5%
2026-09-15 11:38:25,936 - Bioreactor - INFO - Reading temperature from sensor 0
2026-09-15 11:38:26,752 - Bioreactor - INFO - Temperature: 25.0
2026-09-15 11:38:26,752 - Bioreactor - INFO - Peltier set to 5.5% duty, direction reverse
2026-09-15 11:38:26,756 - Bioreactor - INFO - Heat-only PID [trim]: setpoint=25.00C current=25.00C error=+0.00C rate=-0.15C/min ff=5.7 duty=5.5%
2026-09-15 11:38:30,936 - Bioreactor - INFO - Reading temperature from sensor 0
2026-09-15 11:38:31,744 - Bioreactor - INFO - Temperature: 25.0
2026-09-15 11:38:31,744 - Bioreactor - INFO - Peltier set to 5.5% duty, direction reverse
2026-09-15 11:38:31,744 - Bioreactor - INFO - Heat-only PID [trim]: setpoint=25.00C current=25.00C error=+0.00C rate=-0.15C/min ff=5.7 duty=5.5%
2026-09-15 11:38:35,936 - Bioreactor - INFO - Reading temperature from sensor 0
2026-09-15 11:38:36,736 - Bioreactor - INFO - Temperature: 25.0
2026-09-15 11:38:36,736 - Bioreactor - INFO - Peltier set to 5.5% duty, direction reverse
2026-09-15 11:38:36,736 - Bioreactor - INFO - Heat-only PID [trim]: setpoint=25.00C current=25.00C error=+0.00C rate=-0.15C/min ff=5.7 duty=5.5%
2026-09-15 11:38:40,936 - Bioreactor - INFO - Reading temperature from sensor 0
2026-09-15 11:38:41,728 - Bioreactor - INFO - Temperature: 25.0
2026-09-15 11:38:41,728 - Bioreactor - INFO - Peltier set to 5.5% duty, direction reverse
2026-09-15 11:38:41,728 - Bioreactor - INFO - Heat-only PID [trim]: setpoint=25.00C current=25.00C error=+0.00C rate=-0.15C/min ff=5.7 duty=5.5%
2026-09-15 11:38:45,937 - Bioreactor - INFO - Reading temperature from sensor 0
2026-09-15 11:38:46,752 - Bioreactor - INFO - Temperature: 25.0
2026-09-15 11:38:46,752 - Bioreactor - INFO - Peltier set to 5.5% duty, direction reverse
2026-09-15 11:38:46,752 - Bioreactor - INFO - Heat-only PID [trim]: setpoint=25.00C current=25.00C error=+0.00C rate=+0.00C/min ff=5.7 duty=5.5%
2026-09-15 11:38:50,937 - Bioreactor - INFO - Reading temperature from sensor 0
2026-09-15 11:38:51,744 - Bioreactor - INFO - Temperature: 25.0
2026-09-15 11:38:51,744 - Bioreactor - INFO - Peltier set to 5.5% duty, direction reverse
2026-09-15 11:38:51,744 - Bioreactor - INFO - Heat-only PID [trim]: setpoint=25.00C current=25.00C error=+0.00C rate=+0.00C/min ff=5.7 duty=5.5%
2026-09-15 11:38:55,937 - Bioreactor - INFO - Reading temperature from sensor 0
2026-09-15 11:38:56,736 - Bioreactor - INFO - Temperature: 25.0
2026-09-15 11:38:56,736 - Bioreactor - INFO - Peltier set to 5.5% duty, direction reverse
2026-09-15 11:38:56,737 - Bioreactor - INFO - Heat-only PID [trim]: setpoint=25.00C current=25.00C error=+0.00C rate=+0.00C/min ff=5.7 duty=5.5%
2026-09-15 11:39:00,937 - Bioreactor - INFO - Reading temperature from sensor 0
2026-09-15 11:39:01,728 - Bioreactor - INFO - Temperature: 25.0
2026-09-15 11:39:01,728 - Bioreactor - INFO - Peltier set to 5.5% duty, direction reverse
2026-09-15 11:39:01,728 - Bioreactor - INFO - Heat-only PID [trim]: setpoint=25.00C current=25.00C error=+0.00C rate=+0.00C/min ff=5.7 duty=5.5%
2026-09-15 11:39:05,937 - Bioreactor - INFO - Reading temperature from sensor 0
2026-09-15 11:39:06,752 - Bioreactor - INFO - Temperature: 24.937
2026-09-15 11:39:06,752 - Bioreactor - INFO - Peltier set to 6.0% duty, direction reverse
2026-09-15 11:39:06,752 - Bioreactor - INFO - Heat-only PID [trim]: setpoint=25.00C current=24.94C error=+0.06C rate=-0.15C/min ff=5.7 duty=6.0%
2026-09-15 11:39:10,937 - Bioreactor - INFO - Reading temperature from sensor 0
2026-09-15 11:39:11,744 - Bioreactor - INFO - Temperature: 25.0
2026-09-15 11:39:11,744 - Bioreactor - INFO - Peltier set to 5.5% duty, direction reverse
2026-09-15 11:39:11,744 - Bioreactor - INFO - Heat-only PID [trim]: setpoint=25.00C current=25.00C error=+0.00C rate=+0.00C/min ff=5.7 duty=5.5%
2026-09-15 11:39:15,937 - Bioreactor - INFO - Reading temperature from sensor 0
2026-09-15 11:39:16,736 - Bioreactor - INFO - Temperature: 25.0
2026-09-15 11:39:16,736 - Bioreactor - INFO - Peltier set to 5.5% duty, direction reverse
2026-09-15 11:39:16,737 - Bioreactor - INFO - Heat-only PID [trim]: setpoint=25.00C current=25.00C error=+0.00C rate=+0.00C/min ff=5.7 duty=5.5%
2026-09-15 11:39:20,937 - Bioreactor - INFO - Reading temperature from sensor 0
2026-09-15 11:39:21,728 - Bioreactor - INFO - Temperature: 24.937
2026-09-15 11:39:21,728 - Bioreactor - INFO - Peltier set to 6.0% duty, direction reverse
2026-09-15 11:39:21,729 - Bioreactor - INFO - Heat-only PID [trim]: setpoint=25.00C current=24.94C error=+0.06C rate=-0.15C/min ff=5.7 duty=6.0%
2026-09-15 11:39:25,937 - Bioreactor - INFO - Reading temperature from sensor 0
2026-09-15 11:39:26,752 - Bioreactor - INFO - Temperature: 25.0
2026-09-15 11:39:26,753 - Bioreactor - INFO - Peltier set to 5.5% duty, direction reverse
2026-09-15 11:39:26,753 - Bioreactor - INFO - Heat-only PID [trim]: setpoint=25.00C current=25.00C error=+0.00C rate=+0.00C/min ff=5.7 duty=5.5%
2026-09-15 11:39:30,937 - Bioreactor - INFO - Reading temperature from sensor 0
2026-09-15 11:39:31,744 - Bioreactor - INFO - Temperature: 25.0
2026-09-15 11:39:31,744 - Bioreactor - INFO - Peltier set to 5.5% duty, direction reverse
2026-09-15 11:39:31,745 - Bioreactor - INFO - Heat-only PID [trim]: setpoint=25.00C current=25.00C error=+0.00C rate=+0.15C/min ff=5.7 duty=5.5%
2026-09-15 11:39:35,938 - Bioreactor - INFO - Reading temperature from sensor 0
2026-09-15 11:39:36,736 - Bioreactor - INFO - Temperature: 25.0
2026-09-15 11:39:36,736 - Bioreactor - INFO - Peltier set to 5.5% duty, direction reverse
2026-09-15 11:39:36,736 - Bioreactor - INFO - Heat-only PID [trim]: setpoint=25.00C current=25.00C error=+0.00C rate=+0.00C/min ff=5.7 duty=5.5%
2026-09-15 11:39:40,938 - Bioreactor - INFO - Reading temperature from sensor 0
2026-09-15 11:39:41,728 - Bioreactor - INFO - Temperature: 25.0
2026-09-15 11:39:41,728 - Bioreactor - INFO - Peltier set to 5.5% duty, direction reverse
2026-09-15 11:39:41,729 - Bioreactor - INFO - Heat-only PID [trim]: setpoint=25.00C current=25.00C error=+0.00C rate=+0.00C/min ff=5.7 duty=5.5%
2026-09-15 11:39:45,938 - Bioreactor - INFO - Reading temperature from sensor 0
2026-09-15 11:39:46,752 - Bioreactor - INFO - Temperature: 25.0
2026-09-15 11:39:46,752 - Bioreactor - INFO - Peltier set to 5.5% duty, direction reverse
2026-09-15 11:39:46,752 - Bioreactor - INFO - Heat-only PID [trim]: setpoint=25.00C current=25.00C error=+0.00C rate=+0.15C/min ff=5.7 duty=5.5%
2026-09-15 11:39:50,938 - Bioreactor - INFO - Reading temperature from sensor 0
2026-09-15 11:39:51,744 - Bioreactor - INFO - Temperature: 25.0
2026-09-15 11:39:51,744 - Bioreactor - INFO - Peltier set to 5.5% duty, direction reverse
2026-09-15 11:39:51,744 - Bioreactor - INFO - Heat-only PID [trim]: setpoint=25.00C current=25.00C error=+0.00C rate=+0.00C/min ff=5.7 duty=5.5%
2026-09-15 11:39:55,938 - Bioreactor - INFO - Reading temperature from sensor 0
2026-09-15 11:39:56,736 - Bioreactor - INFO - Temperature: 25.0
2026-09-15 11:39:56,736 - Bioreactor - INFO - Peltier set to 5.5% duty, direction reverse
2026-09-15 11:39:56,736 - Bioreactor - INFO - Heat-only PID [trim]: setpoint=25.00C current=25.00C error=+0.00C rate=+0.00C/min ff=5.7 duty=5.5%
2026-09-15 11:40:00,938 - Bioreactor - INFO - Reading temperature from sensor 0
2026-09-15 11:40:01,728 - Bioreactor - INFO - Temperature: 24.937
2026-09-15 11:40:01,728 - Bioreactor - INFO - Peltier set to 6.0% duty, direction reverse
2026-09-15 11:40:01,728 - Bioreactor - INFO - Heat-only PID [trim]: setpoint=25.00C current=24.94C error=+0.06C rate=-0.15C/min ff=5.7 duty=6.0%
2026-09-15 11:40:05,938 - Bioreactor - INFO - Reading temperature from sensor 0
2026-09-15 11:40:06,756 - Bioreactor - INFO - Temperature: 25.0
2026-09-15 11:40:06,756 - Bioreactor - INFO - Peltier set to 5.5% duty, direction reverse
2026-09-15 11:40:06,756 - Bioreactor - INFO - Heat-only PID [trim]: setpoint=25.00C current=25.00C error=+0.00C rate=+0.00C/min ff=5.7 duty=5.5%
2026-09-15 11:40:10,938 - Bioreactor - INFO - Reading temperature from sensor 0
2026-09-15 11:40:11,744 - Bioreactor - INFO - Temperature: 25.0
2026-09-15 11:40:11,745 - Bioreactor - INFO - Peltier set to 5.5% duty, direction reverse
2026-09-15 11:40:11,745 - Bioreactor - INFO - Heat-only PID [trim]: setpoint=25.00C current=25.00C error=+0.00C rate=+0.00C/min ff=5.7 duty=5.5%
2026-09-15 11:40:15,938 - Bioreactor - INFO - Reading temperature from sensor 0
2026-09-15 11:40:16,738 - Bioreactor - INFO - Temperature: 25.0
2026-09-15 11:40:16,738 - Bioreactor - INFO - Peltier set to 5.5% duty, direction reverse
2026-09-15 11:40:16,738 - Bioreactor - INFO - Heat-only PID [trim]: setpoint=25.00C current=25.00C error=+0.00C rate=+0.00C/min ff=5.7 duty=5.5%
2026-09-15 11:40:20,938 - Bioreactor - INFO - Reading temperature from sensor 0
2026-09-15 11:40:21,733 - Bioreactor - INFO - Temperature: 25.0
2026-09-15 11:40:21,737 - Bioreactor - INFO - Peltier set to 5.5% duty, direction reverse
2026-09-15 11:40:21,737 - Bioreactor - INFO - Heat-only PID [trim]: setpoint=25.00C current=25.00C error=+0.00C rate=+0.00C/min ff=5.7 duty=5.5%
2026-09-15 11:40:25,938 - Bioreactor - INFO - Reading temperature from sensor 0
2026-09-15 11:40:26,753 - Bioreactor - INFO - Temperature: 25.0
2026-09-15 11:40:26,754 - Bioreactor - INFO - Peltier set to 5.5% duty, direction reverse
2026-09-15 11:40:26,754 - Bioreactor - INFO - Heat-only PID [trim]: setpoint=25.00C current=25.00C error=+0.00C rate=+0.15C/min ff=5.7 duty=5.5%
2026-09-15 11:40:30,939 - Bioreactor - INFO - Reading temperature from sensor 0
2026-09-15 11:40:31,745 - Bioreactor - INFO - Temperature: 25.0
2026-09-15 11:40:31,746 - Bioreactor - INFO - Peltier set to 5.5% duty, direction reverse
2026-09-15 11:40:31,746 - Bioreactor - INFO - Heat-only PID [trim]: setpoint=25.00C current=25.00C error=+0.00C rate=+0.00C/min ff=5.7 duty=5.5%
2026-09-15 11:40:35,939 - Bioreactor - INFO - Reading temperature from sensor 0
2026-09-15 11:40:36,737 - Bioreactor - INFO - Temperature: 25.0
2026-09-15 11:40:36,738 - Bioreactor - INFO - Peltier set to 5.5% duty, direction reverse
2026-09-15 11:40:36,738 - Bioreactor - INFO - Heat-only PID [trim]: setpoint=25.00C current=25.00C error=+0.00C rate=+0.00C/min ff=5.7 duty=5.5%
2026-09-15 11:40:40,939 - Bioreactor - INFO - Reading temperature from sensor 0
2026-09-15 11:40:41,728 - Bioreactor - INFO - Temperature: 25.0
2026-09-15 11:40:41,728 - Bioreactor - INFO - Peltier set to 5.5% duty, direction reverse
2026-09-15 11:40:41,728 - Bioreactor - INFO - Heat-only PID [trim]: setpoint=25.00C current=25.00C error=+0.00C rate=+0.00C/min ff=5.7 duty=5.5%
2026-09-15 11:40:45,939 - Bioreactor - INFO - Reading temperature from sensor 0
2026-09-15 11:40:46,752 - Bioreactor - INFO - Temperature: 25.0
2026-09-15 11:40:46,752 - Bioreactor - INFO - Peltier set to 5.5% duty, direction reverse
2026-09-15 11:40:46,752 - Bioreactor - INFO - Heat-only PID [trim]: setpoint=25.00C current=25.00C error=+0.00C rate=+0.00C/min ff=5.7 duty=5.5%
2026-09-15 11:40:50,939 - Bioreactor - INFO - Reading temperature from sensor 0
2026-09-15 11:40:51,744 - Bioreactor - INFO - Temperature: 25.0
2026-09-15 11:40:51,744 - Bioreactor - INFO - Peltier set to 5.5% duty, direction reverse
2026-09-15 11:40:51,744 - Bioreactor - INFO - Heat-only PID [trim]: setpoint=25.00C current=25.00C error=+0.00C rate=+0.00C/min ff=5.7 duty=5.5%
2026-09-15 11:40:55,939 - Bioreactor - INFO - Reading temperature from sensor 0
2026-09-15 11:40:56,736 - Bioreactor - INFO - Temperature: 25.0
2026-09-15 11:40:56,736 - Bioreactor - INFO - Peltier set to 5.5% duty, direction reverse
2026-09-15 11:40:56,736 - Bioreactor - INFO - Heat-only PID [trim]: setpoint=25.00C current=25.00C error=+0.00C rate=+0.00C/min ff=5.7 duty=5.5%
2026-09-15 11:41:00,939 - Bioreactor - INFO - Reading temperature from sensor 0
2026-09-15 11:41:01,728 - Bioreactor - INFO - Temperature: 25.0
2026-09-15 11:41:01,728 - Bioreactor - INFO - Peltier set to 5.5% duty, direction reverse
2026-09-15 11:41:01,728 - Bioreactor - INFO - Heat-only PID [trim]: setpoint=25.00C current=25.00C error=+0.00C rate=+0.00C/min ff=5.7 duty=5.5%
2026-09-15 11:41:05,939 - Bioreactor - INFO - Reading temperature from sensor 0
2026-09-15 11:41:06,752 - Bioreactor - INFO - Temperature: 25.062
2026-09-15 11:41:06,752 - Bioreactor - INFO - Peltier set to 5.0% duty, direction reverse
2026-09-15 11:41:06,752 - Bioreactor - INFO - Heat-only PID [trim]: setpoint=25.00C current=25.06C error=-0.06C rate=+0.15C/min ff=5.7 duty=5.0%
2026-09-15 11:41:10,939 - Bioreactor - INFO - Reading temperature from sensor 0
2026-09-15 11:41:11,744 - Bioreactor - INFO - Temperature: 25.062
2026-09-15 11:41:11,744 - Bioreactor - INFO - Peltier set to 5.0% duty, direction reverse
2026-09-15 11:41:11,744 - Bioreactor - INFO - Heat-only PID [trim]: setpoint=25.00C current=25.06C error=-0.06C rate=+0.15C/min ff=5.7 duty=5.0%
2026-09-15 11:41:15,939 - Bioreactor - INFO - Reading temperature from sensor 0
2026-09-15 11:41:16,736 - Bioreactor - INFO - Temperature: 25.062
2026-09-15 11:41:16,736 - Bioreactor - INFO - Peltier set to 5.0% duty, direction reverse
2026-09-15 11:41:16,736 - Bioreactor - INFO - Heat-only PID [trim]: setpoint=25.00C current=25.06C error=-0.06C rate=+0.15C/min ff=5.7 duty=5.0%
2026-09-15 11:41:20,940 - Bioreactor - INFO - Reading temperature from sensor 0
2026-09-15 11:41:21,728 - Bioreactor - INFO - Temperature: 25.062
2026-09-15 11:41:21,728 - Bioreactor - INFO - Peltier set to 5.0% duty, direction reverse
2026-09-15 11:41:21,728 - Bioreactor - INFO - Heat-only PID [trim]: setpoint=25.00C current=25.06C error=-0.06C rate=+0.15C/min ff=5.7 duty=5.0%
2026-09-15 11:41:25,940 - Bioreactor - INFO - Reading temperature from sensor 0
2026-09-15 11:41:26,752 - Bioreactor - INFO - Temperature: 25.0
2026-09-15 11:41:26,752 - Bioreactor - INFO - Peltier set to 5.5% duty, direction reverse
2026-09-15 11:41:26,752 - Bioreactor - INFO - Heat-only PID [trim]: setpoint=25.00C current=25.00C error=+0.00C rate=+0.00C/min ff=5.7 duty=5.5%
2026-09-15 11:41:30,940 - Bioreactor - INFO - Reading temperature from sensor 0
2026-09-15 11:41:31,744 - Bioreactor - INFO - Temperature: 25.062
2026-09-15 11:41:31,744 - Bioreactor - INFO - Peltier set to 5.0% duty, direction reverse
2026-09-15 11:41:31,744 - Bioreactor - INFO - Heat-only PID [trim]: setpoint=25.00C current=25.06C error=-0.06C rate=+0.00C/min ff=5.7 duty=5.0%
2026-09-15 11:41:35,940 - Bioreactor - INFO - Reading temperature from sensor 0
2026-09-15 11:41:36,736 - Bioreactor - INFO - Temperature: 25.0
2026-09-15 11:41:36,736 - Bioreactor - INFO - Peltier set to 5.5% duty, direction reverse
2026-09-15 11:41:36,736 - Bioreactor - INFO - Heat-only PID [trim]: setpoint=25.00C current=25.00C error=+0.00C rate=-0.15C/min ff=5.7 duty=5.5%
2026-09-15 11:41:40,940 - Bioreactor - INFO - Reading temperature from sensor 0
2026-09-15 11:41:41,728 - Bioreactor - INFO - Temperature: 25.062
2026-09-15 11:41:41,728 - Bioreactor - INFO - Peltier set to 4.9% duty, direction reverse
2026-09-15 11:41:41,728 - Bioreactor - INFO - Heat-only PID [trim]: setpoint=25.00C current=25.06C error=-0.06C rate=+0.00C/min ff=5.7 duty=4.9%
2026-09-15 11:41:45,940 - Bioreactor - INFO - Reading temperature from sensor 0
2026-09-15 11:41:46,752 - Bioreactor - INFO - Temperature: 25.062
2026-09-15 11:41:46,752 - Bioreactor - INFO - Peltier set to 4.9% duty, direction reverse
2026-09-15 11:41:46,752 - Bioreactor - INFO - Heat-only PID [trim]: setpoint=25.00C current=25.06C error=-0.06C rate=+0.00C/min ff=5.7 duty=4.9%
2026-09-15 11:41:50,941 - Bioreactor - INFO - Reading temperature from sensor 0
2026-09-15 11:41:51,744 - Bioreactor - INFO - Temperature: 25.062
2026-09-15 11:41:51,744 - Bioreactor - INFO - Peltier set to 4.9% duty, direction reverse
2026-09-15 11:41:51,744 - Bioreactor - INFO - Heat-only PID [trim]: setpoint=25.00C current=25.06C error=-0.06C rate=+0.15C/min ff=5.7 duty=4.9%
2026-09-15 11:41:55,947 - Bioreactor - INFO - Reading temperature from sensor 0
2026-09-15 11:41:56,736 - Bioreactor - INFO - Temperature: 25.062
2026-09-15 11:41:56,736 - Bioreactor - INFO - Peltier set to 4.9% duty, direction reverse
2026-09-15 11:41:56,736 - Bioreactor - INFO - Heat-only PID [trim]: setpoint=25.00C current=25.06C error=-0.06C rate=+0.00C/min ff=5.7 duty=4.9%
2026-09-15 11:42:00,947 - Bioreactor - INFO - Reading temperature from sensor 0
2026-09-15 11:42:01,760 - Bioreactor - INFO - Temperature: 25.062
2026-09-15 11:42:01,760 - Bioreactor - INFO - Peltier set to 4.9% duty, direction reverse
2026-09-15 11:42:01,760 - Bioreactor - INFO - Heat-only PID [trim]: setpoint=25.00C current=25.06C error=-0.06C rate=+0.15C/min ff=5.7 duty=4.9%
2026-09-15 11:42:05,950 - Bioreactor - INFO - Reading temperature from sensor 0
2026-09-15 11:42:06,752 - Bioreactor - INFO - Temperature: 25.062
2026-09-15 11:42:06,752 - Bioreactor - INFO - Peltier set to 4.9% duty, direction reverse
2026-09-15 11:42:06,752 - Bioreactor - INFO - Heat-only PID [trim]: setpoint=25.00C current=25.06C error=-0.06C rate=+0.00C/min ff=5.7 duty=4.9%
2026-09-15 11:42:10,950 - Bioreactor - INFO - Reading temperature from sensor 0
2026-09-15 11:42:11,744 - Bioreactor - INFO - Temperature: 25.062
2026-09-15 11:42:11,744 - Bioreactor - INFO - Peltier set to 4.9% duty, direction reverse
2026-09-15 11:42:11,744 - Bioreactor - INFO - Heat-only PID [trim]: setpoint=25.00C current=25.06C error=-0.06C rate=+0.00C/min ff=5.7 duty=4.9%
2026-09-15 11:42:15,950 - Bioreactor - INFO - Reading temperature from sensor 0
2026-09-15 11:42:16,736 - Bioreactor - INFO - Temperature: 25.062
2026-09-15 11:42:16,736 - Bioreactor - INFO - Peltier set to 4.8% duty, direction reverse
2026-09-15 11:42:16,736 - Bioreactor - INFO - Heat-only PID [trim]: setpoint=25.00C current=25.06C error=-0.06C rate=+0.00C/min ff=5.7 duty=4.8%
2026-09-15 11:42:20,950 - Bioreactor - INFO - Reading temperature from sensor 0
2026-09-15 11:42:21,760 - Bioreactor - INFO - Temperature: 25.062
2026-09-15 11:42:21,760 - Bioreactor - INFO - Peltier set to 4.8% duty, direction reverse
2026-09-15 11:42:21,760 - Bioreactor - INFO - Heat-only PID [trim]: setpoint=25.00C current=25.06C error=-0.06C rate=+0.00C/min ff=5.7 duty=4.8%
2026-09-15 11:42:25,950 - Bioreactor - INFO - Reading temperature from sensor 0
2026-09-15 11:42:26,752 - Bioreactor - INFO - Temperature: 25.062
2026-09-15 11:42:26,752 - Bioreactor - INFO - Peltier set to 4.8% duty, direction reverse
2026-09-15 11:42:26,752 - Bioreactor - INFO - Heat-only PID [trim]: setpoint=25.00C current=25.06C error=-0.06C rate=+0.00C/min ff=5.7 duty=4.8%
2026-09-15 11:42:30,950 - Bioreactor - INFO - Reading temperature from sensor 0
2026-09-15 11:42:31,744 - Bioreactor - INFO - Temperature: 25.125
2026-09-15 11:42:31,744 - Bioreactor - INFO - Peltier set to 4.3% duty, direction reverse
2026-09-15 11:42:31,744 - Bioreactor - INFO - Heat-only PID [trim]: setpoint=25.00C current=25.12C error=-0.12C rate=+0.15C/min ff=5.7 duty=4.3%
2026-09-15 11:42:35,951 - Bioreactor - INFO - Reading temperature from sensor 0
2026-09-15 11:42:36,736 - Bioreactor - INFO - Temperature: 25.062
2026-09-15 11:42:36,736 - Bioreactor - INFO - Peltier set to 4.8% duty, direction reverse
2026-09-15 11:42:36,736 - Bioreactor - INFO - Heat-only PID [trim]: setpoint=25.00C current=25.06C error=-0.06C rate=+0.00C/min ff=5.7 duty=4.8%
2026-09-15 11:42:40,951 - Bioreactor - INFO - Reading temperature from sensor 0
2026-09-15 11:42:41,760 - Bioreactor - INFO - Temperature: 25.125
2026-09-15 11:42:41,760 - Bioreactor - INFO - Peltier set to 4.2% duty, direction reverse
2026-09-15 11:42:41,760 - Bioreactor - INFO - Heat-only PID [trim]: setpoint=25.00C current=25.12C error=-0.12C rate=+0.15C/min ff=5.7 duty=4.2%
2026-09-15 11:42:45,951 - Bioreactor - INFO - Reading temperature from sensor 0
2026-09-15 11:42:46,752 - Bioreactor - INFO - Temperature: 25.125
2026-09-15 11:42:46,752 - Bioreactor - INFO - Peltier set to 4.2% duty, direction reverse
2026-09-15 11:42:46,752 - Bioreactor - INFO - Heat-only PID [trim]: setpoint=25.00C current=25.12C error=-0.12C rate=+0.15C/min ff=5.7 duty=4.2%
2026-09-15 11:42:50,951 - Bioreactor - INFO - Reading temperature from sensor 0
2026-09-15 11:42:51,744 - Bioreactor - INFO - Temperature: 25.125
2026-09-15 11:42:51,744 - Bioreactor - INFO - Peltier set to 4.2% duty, direction reverse
2026-09-15 11:42:51,744 - Bioreactor - INFO - Heat-only PID [trim]: setpoint=25.00C current=25.12C error=-0.12C rate=+0.15C/min ff=5.7 duty=4.2%
2026-09-15 11:42:55,951 - Bioreactor - INFO - Reading temperature from sensor 0
2026-09-15 11:42:56,768 - Bioreactor - INFO - Temperature: 25.125
2026-09-15 11:42:56,768 - Bioreactor - INFO - Peltier set to 4.1% duty, direction reverse
2026-09-15 11:42:56,768 - Bioreactor - INFO - Heat-only PID [trim]: setpoint=25.00C current=25.12C error=-0.12C rate=+0.00C/min ff=5.7 duty=4.1%
2026-09-15 11:43:00,951 - Bioreactor - INFO - Reading temperature from sensor 0
2026-09-15 11:43:01,760 - Bioreactor - INFO - Temperature: 25.125
2026-09-15 11:43:01,760 - Bioreactor - INFO - Peltier set to 4.1% duty, direction reverse
2026-09-15 11:43:01,760 - Bioreactor - INFO - Heat-only PID [trim]: setpoint=25.00C current=25.12C error=-0.12C rate=+0.15C/min ff=5.7 duty=4.1%
2026-09-15 11:43:05,951 - Bioreactor - INFO - Reading temperature from sensor 0
2026-09-15 11:43:06,752 - Bioreactor - INFO - Temperature: 25.125
2026-09-15 11:43:06,752 - Bioreactor - INFO - Peltier set to 4.1% duty, direction reverse
2026-09-15 11:43:06,752 - Bioreactor - INFO - Heat-only PID [trim]: setpoint=25.00C current=25.12C error=-0.12C rate=+0.00C/min ff=5.7 duty=4.1%
2026-09-15 11:43:10,951 - Bioreactor - INFO - Reading temperature from sensor 0
2026-09-15 11:43:11,744 - Bioreactor - INFO - Temperature: 25.125
2026-09-15 11:43:11,744 - Bioreactor - INFO - Peltier set to 4.0% duty, direction reverse
2026-09-15 11:43:11,744 - Bioreactor - INFO - Heat-only PID [trim]: setpoint=25.00C current=25.12C error=-0.12C rate=+0.00C/min ff=5.7 duty=4.0%
2026-09-15 11:43:15,951 - Bioreactor - INFO - Reading temperature from sensor 0
2026-09-15 11:43:16,768 - Bioreactor - INFO - Temperature: 25.125
2026-09-15 11:43:16,768 - Bioreactor - INFO - Peltier set to 4.0% duty, direction reverse
2026-09-15 11:43:16,768 - Bioreactor - INFO - Heat-only PID [trim]: setpoint=25.00C current=25.12C error=-0.12C rate=+0.00C/min ff=5.7 duty=4.0%
2026-09-15 11:43:20,951 - Bioreactor - INFO - Reading temperature from sensor 0
2026-09-15 11:43:21,760 - Bioreactor - INFO - Temperature: 25.125
2026-09-15 11:43:21,760 - Bioreactor - INFO - Peltier set to 4.0% duty, direction reverse
2026-09-15 11:43:21,760 - Bioreactor - INFO - Heat-only PID [trim]: setpoint=25.00C current=25.12C error=-0.12C rate=+0.00C/min ff=5.7 duty=4.0%
2026-09-15 11:43:25,951 - Bioreactor - INFO - Reading temperature from sensor 0
2026-09-15 11:43:26,752 - Bioreactor - INFO - Temperature: 25.125
2026-09-15 11:43:26,752 - Bioreactor - INFO - Peltier set to 3.9% duty, direction reverse
2026-09-15 11:43:26,752 - Bioreactor - INFO - Heat-only PID [trim]: setpoint=25.00C current=25.12C error=-0.12C rate=+0.00C/min ff=5.7 duty=3.9%
2026-09-15 11:43:30,952 - Bioreactor - INFO - Reading temperature from sensor 0
2026-09-15 11:43:31,744 - Bioreactor - INFO - Temperature: 25.125
2026-09-15 11:43:31,744 - Bioreactor - INFO - Peltier set to 3.9% duty, direction reverse
2026-09-15 11:43:31,744 - Bioreactor - INFO - Heat-only PID [trim]: setpoint=25.00C current=25.12C error=-0.12C rate=+0.00C/min ff=5.7 duty=3.9%
2026-09-15 11:43:35,952 - Bioreactor - INFO - Reading temperature from sensor 0
2026-09-15 11:43:36,768 - Bioreactor - INFO - Temperature: 25.125
2026-09-15 11:43:36,768 - Bioreactor - INFO - Peltier set to 3.9% duty, direction reverse
2026-09-15 11:43:36,768 - Bioreactor - INFO - Heat-only PID [trim]: setpoint=25.00C current=25.12C error=-0.12C rate=+0.00C/min ff=5.7 duty=3.9%
2026-09-15 11:43:40,952 - Bioreactor - INFO - Reading temperature from sensor 0
2026-09-15 11:43:41,760 - Bioreactor - INFO - Temperature: 25.125
2026-09-15 11:43:41,760 - Bioreactor - INFO - Peltier set to 3.9% duty, direction reverse
2026-09-15 11:43:41,760 - Bioreactor - INFO - Heat-only PID [trim]: setpoint=25.00C current=25.12C error=-0.12C rate=+0.00C/min ff=5.7 duty=3.9%
2026-09-15 11:43:45,952 - Bioreactor - INFO - Reading temperature from sensor 0
2026-09-15 11:43:46,752 - Bioreactor - INFO - Temperature: 25.125
2026-09-15 11:43:46,752 - Bioreactor - INFO - Peltier set to 3.8% duty, direction reverse
2026-09-15 11:43:46,752 - Bioreactor - INFO - Heat-only PID [trim]: setpoint=25.00C current=25.12C error=-0.12C rate=+0.00C/min ff=5.7 duty=3.8%
2026-09-15 11:43:50,952 - Bioreactor - INFO - Reading temperature from sensor 0
2026-09-15 11:43:51,744 - Bioreactor - INFO - Temperature: 25.125
2026-09-15 11:43:51,744 - Bioreactor - INFO - Peltier set to 3.8% duty, direction reverse
2026-09-15 11:43:51,744 - Bioreactor - INFO - Heat-only PID [trim]: setpoint=25.00C current=25.12C error=-0.12C rate=+0.00C/min ff=5.7 duty=3.8%
2026-09-15 11:43:55,952 - Bioreactor - INFO - Reading temperature from sensor 0
2026-09-15 11:43:56,768 - Bioreactor - INFO - Temperature: 25.125
2026-09-15 11:43:56,768 - Bioreactor - INFO - Peltier set to 3.8% duty, direction reverse
2026-09-15 11:43:56,768 - Bioreactor - INFO - Heat-only PID [trim]: setpoint=25.00C current=25.12C error=-0.12C rate=+0.00C/min ff=5.7 duty=3.8%
2026-09-15 11:44:00,952 - Bioreactor - INFO - Reading temperature from sensor 0
2026-09-15 11:44:01,760 - Bioreactor - INFO - Temperature: 25.125
2026-09-15 11:44:01,760 - Bioreactor - INFO - Peltier set to 3.7% duty, direction reverse
2026-09-15 11:44:01,760 - Bioreactor - INFO - Heat-only PID [trim]: setpoint=25.00C current=25.12C error=-0.12C rate=+0.00C/min ff=5.7 duty=3.7%
2026-09-15 11:44:05,952 - Bioreactor - INFO - Reading temperature from sensor 0
2026-09-15 11:44:06,752 - Bioreactor - INFO - Temperature: 25.125
2026-09-15 11:44:06,752 - Bioreactor - INFO - Peltier set to 3.7% duty, direction reverse
2026-09-15 11:44:06,752 - Bioreactor - INFO - Heat-only PID [trim]: setpoint=25.00C current=25.12C error=-0.12C rate=+0.00C/min ff=5.7 duty=3.7%
2026-09-15 11:44:10,952 - Bioreactor - INFO - Reading temperature from sensor 0
2026-09-15 11:44:11,744 - Bioreactor - INFO - Temperature: 25.125
2026-09-15 11:44:11,744 - Bioreactor - INFO - Peltier set to 3.7% duty, direction reverse
2026-09-15 11:44:11,744 - Bioreactor - INFO - Heat-only PID [trim]: setpoint=25.00C current=25.12C error=-0.12C rate=+0.00C/min ff=5.7 duty=3.7%
2026-09-15 11:44:15,952 - Bioreactor - INFO - Reading temperature from sensor 0
2026-09-15 11:44:16,768 - Bioreactor - INFO - Temperature: 25.125
2026-09-15 11:44:16,768 - Bioreactor - INFO - Peltier set to 3.6% duty, direction reverse
2026-09-15 11:44:16,768 - Bioreactor - INFO - Heat-only PID [trim]: setpoint=25.00C current=25.12C error=-0.12C rate=+0.00C/min ff=5.7 duty=3.6%
2026-09-15 11:44:20,953 - Bioreactor - INFO - Reading temperature from sensor 0
2026-09-15 11:44:21,760 - Bioreactor - INFO - Temperature: 25.125
2026-09-15 11:44:21,760 - Bioreactor - INFO - Peltier set to 3.6% duty, direction reverse
2026-09-15 11:44:21,760 - Bioreactor - INFO - Heat-only PID [trim]: setpoint=25.00C current=25.12C error=-0.12C rate=+0.00C/min ff=5.7 duty=3.6%
2026-09-15 11:44:25,953 - Bioreactor - INFO - Reading temperature from sensor 0
2026-09-15 11:44:26,752 - Bioreactor - INFO - Temperature: 25.125
2026-09-15 11:44:26,752 - Bioreactor - INFO - Peltier set to 3.6% duty, direction reverse
2026-09-15 11:44:26,752 - Bioreactor - INFO - Heat-only PID [trim]: setpoint=25.00C current=25.12C error=-0.12C rate=+0.00C/min ff=5.7 duty=3.6%
2026-09-15 11:44:30,953 - Bioreactor - INFO - Reading temperature from sensor 0
2026-09-15 11:44:31,744 - Bioreactor - INFO - Temperature: 25.125
2026-09-15 11:44:31,744 - Bioreactor - INFO - Peltier set to 3.5% duty, direction reverse
2026-09-15 11:44:31,744 - Bioreactor - INFO - Heat-only PID [trim]: setpoint=25.00C current=25.12C error=-0.12C rate=+0.00C/min ff=5.7 duty=3.5%
2026-09-15 11:44:35,953 - Bioreactor - INFO - Reading temperature from sensor 0
2026-09-15 11:44:36,768 - Bioreactor - INFO - Temperature: 25.125
2026-09-15 11:44:36,768 - Bioreactor - INFO - Peltier set to 3.5% duty, direction reverse
2026-09-15 11:44:36,768 - Bioreactor - INFO - Heat-only PID [trim]: setpoint=25.00C current=25.12C error=-0.12C rate=+0.00C/min ff=5.7 duty=3.5%
2026-09-15 11:44:40,953 - Bioreactor - INFO - Reading temperature from sensor 0
2026-09-15 11:44:41,760 - Bioreactor - INFO - Temperature: 25.125
2026-09-15 11:44:41,760 - Bioreactor - INFO - Peltier set to 3.5% duty, direction reverse
2026-09-15 11:44:41,760 - Bioreactor - INFO - Heat-only PID [trim]: setpoint=25.00C current=25.12C error=-0.12C rate=+0.00C/min ff=5.7 duty=3.5%
2026-09-15 11:44:45,953 - Bioreactor - INFO - Reading temperature from sensor 0
2026-09-15 11:44:46,752 - Bioreactor - INFO - Temperature: 25.125
2026-09-15 11:44:46,752 - Bioreactor - INFO - Peltier set to 3.4% duty, direction reverse
2026-09-15 11:44:46,752 - Bioreactor - INFO - Heat-only PID [trim]: setpoint=25.00C current=25.12C error=-0.12C rate=+0.00C/min ff=5.7 duty=3.4%
2026-09-15 11:44:50,953 - Bioreactor - INFO - Reading temperature from sensor 0
2026-09-15 11:44:51,744 - Bioreactor - INFO - Temperature: 25.125
2026-09-15 11:44:51,744 - Bioreactor - INFO - Peltier set to 3.4% duty, direction reverse
2026-09-15 11:44:51,744 - Bioreactor - INFO - Heat-only PID [trim]: setpoint=25.00C current=25.12C error=-0.12C rate=+0.00C/min ff=5.7 duty=3.4%
2026-09-15 11:44:55,953 - Bioreactor - INFO - Reading temperature from sensor 0
2026-09-15 11:44:56,768 - Bioreactor - INFO - Temperature: 25.125
2026-09-15 11:44:56,768 - Bioreactor - INFO - Peltier set to 3.4% duty, direction reverse
2026-09-15 11:44:56,768 - Bioreactor - INFO - Heat-only PID [trim]: setpoint=25.00C current=25.12C error=-0.12C rate=+0.00C/min ff=5.7 duty=3.4%
2026-09-15 11:45:00,953 - Bioreactor - INFO - Reading temperature from sensor 0
2026-09-15 11:45:01,760 - Bioreactor - INFO - Temperature: 25.125
2026-09-15 11:45:01,760 - Bioreactor - INFO - Peltier set to 31.0% duty, direction reverse
2026-09-15 11:45:01,760 - Bioreactor - INFO - Heat-only PID [approach]: setpoint=27.00C current=25.12C error=+1.88C rate=+0.00C/min ff=8.4 duty=31.0%
2026-09-15 11:45:05,953 - Bioreactor - INFO - Reading temperature from sensor 0
2026-09-15 11:45:06,752 - Bioreactor - INFO - Temperature: 25.125
2026-09-15 11:45:06,752 - Bioreactor - INFO - Peltier set to 31.2% duty, direction reverse
2026-09-15 11:45:06,752 - Bioreactor - INFO - Heat-only PID [approach]: setpoint=27.00C current=25.12C error=+1.88C rate=+0.00C/min ff=8.4 duty=31.2%
2026-09-15 11:45:10,954 - Bioreactor - INFO - Reading temperature from sensor 0
2026-09-15 11:45:11,744 - Bioreactor - INFO - Temperature: 25.125
2026-09-15 11:45:11,744 - Bioreactor - INFO - Peltier set to 31.3% duty, direction reverse
2026-09-15 11:45:11,744 - Bioreactor - INFO - Heat-only PID [approach]: setpoint=27.00C current=25.12C error=+1.88C rate=+0.00C/min ff=8.4 duty=31.3%
2026-09-15 11:45:15,954 - Bioreactor - INFO - Reading temperature from sensor 0
2026-09-15 11:45:16,768 - Bioreactor - INFO - Temperature: 25.125
2026-09-15 11:45:16,768 - Bioreactor - INFO - Peltier set to 31.4% duty, direction reverse
2026-09-15 11:45:16,768 - Bioreactor - INFO - Heat-only PID [approach]: setpoint=27.00C current=25.12C error=+1.88C rate=+0.00C/min ff=8.4 duty=31.4%
2026-09-15 11:45:20,954 - Bioreactor - INFO - Reading temperature from sensor 0
2026-09-15 11:45:21,760 - Bioreactor - INFO - Temperature: 25.125
2026-09-15 11:45:21,760 - Bioreactor - INFO - Peltier set to 31.6% duty, direction reverse
2026-09-15 11:45:21,760 - Bioreactor - INFO - Heat-only PID [approach]: setpoint=27.00C current=25.12C error=+1.88C rate=+0.00C/min ff=8.4 duty=31.6%
2026-09-15 11:45:25,954 - Bioreactor - INFO - Reading temperature from sensor 0
2026-09-15 11:45:26,752 - Bioreactor - INFO - Temperature: 25.25
2026-09-15 11:45:26,752 - Bioreactor - INFO - Peltier set to 30.2% duty, direction reverse
2026-09-15 11:45:26,752 - Bioreactor - INFO - Heat-only PID [approach]: setpoint=27.00C current=25.25C error=+1.75C rate=+0.30C/min ff=8.4 duty=30.2%
2026-09-15 11:45:30,954 - Bioreactor - INFO - Reading temperature from sensor 0
2026-09-15 11:45:31,744 - Bioreactor - INFO - Temperature: 25.312
2026-09-15 11:45:31,744 - Bioreactor - INFO - Peltier set to 29.6% duty, direction reverse
2026-09-15 11:45:31,744 - Bioreactor - INFO - Heat-only PID [approach]: setpoint=27.00C current=25.31C error=+1.69C rate=+0.45C/min ff=8.4 duty=29.6%
2026-09-15 11:45:35,954 - Bioreactor - INFO - Reading temperature from sensor 0
2026-09-15 11:45:36,768 - Bioreactor - INFO - Temperature: 25.437
2026-09-15 11:45:36,772 - Bioreactor - INFO - Peltier set to 28.2% duty, direction reverse
2026-09-15 11:45:36,772 - Bioreactor - INFO - Heat-only PID [approach]: setpoint=27.00C current=25.44C error=+1.56C rate=+0.75C/min ff=8.4 duty=28.2%
2026-09-15 11:45:40,954 - Bioreactor - INFO - Reading temperature from sensor 0
2026-09-15 11:45:41,760 - Bioreactor - INFO - Temperature: 25.625
2026-09-15 11:45:41,760 - Bioreactor - INFO - Peltier PWM stopped.
2026-09-15 11:45:41,760 - Bioreactor - INFO - Heat-only PID [approach]: setpoint=27.00C current=25.62C error=+1.38C rate=+1.20C/min ff=8.4 duty=0.0% (coasting)
2026-09-15 11:45:45,954 - Bioreactor - INFO - Reading temperature from sensor 0
2026-09-15 11:45:46,752 - Bioreactor - INFO - Temperature: 25.812
2026-09-15 11:45:46,752 - Bioreactor - INFO - Peltier PWM stopped.
2026-09-15 11:45:46,752 - Bioreactor - INFO - Heat-only PID [approach]: setpoint=27.00C current=25.81C error=+1.19C rate=+1.65C/min ff=8.4 duty=0.0% (coasting)
2026-09-15 11:45:50,954 - Bioreactor - INFO - Reading temperature from sensor 0
2026-09-15 11:45:51,744 - Bioreactor - INFO - Temperature: 26.0
2026-09-15 11:45:51,744 - Bioreactor - INFO - Peltier PWM stopped.
2026-09-15 11:45:51,744 - Bioreactor - INFO - Heat-only PID [approach]: setpoint=27.00C current=26.00C error=+1.00C rate=+1.80C/min ff=8.4 duty=0.0% (coasting)
2026-09-15 11:45:55,954 - Bioreactor - INFO - Reading temperature from sensor 0
2026-09-15 11:45:56,768 - Bioreactor - INFO - Temperature: 26.187
2026-09-15 11:45:56,768 - Bioreactor - INFO - Peltier PWM stopped.
2026-09-15 11:45:56,768 - Bioreactor - INFO - Heat-only PID [approach]: setpoint=27.00C current=26.19C error=+0.81C rate=+2.10C/min ff=8.4 duty=0.0% (coasting)
2026-09-15 11:46:00,954 - Bioreactor - INFO - Reading temperature from sensor 0
2026-09-15 11:46:01,760 - Bioreactor - INFO - Temperature: 26.375
2026-09-15 11:46:01,760 - Bioreactor - INFO - Peltier PWM stopped.
2026-09-15 11:46:01,760 - Bioreactor - INFO - Heat-only PID [approach]: setpoint=27.00C current=26.38C error=+0.62C rate=+2.25C/min ff=8.4 duty=0.0% (coasting)
2026-09-15 11:46:05,955 - Bioreactor - INFO - Reading temperature from sensor 0
2026-09-15 11:46:06,752 - Bioreactor - INFO - Temperature: 26.5
2026-09-15 11:46:06,752 - Bioreactor - INFO - Peltier PWM stopped.
2026-09-15 11:46:06,752 - Bioreactor - INFO - Heat-only PID [approach]: setpoint=27.00C current=26.50C error=+0.50C rate=+2.10C/min ff=8.4 duty=0.0% (coasting)
2026-09-15 11:46:10,955 - Bioreactor - INFO - Reading temperature from sensor 0
2026-09-15 11:46:11,744 - Bioreactor - INFO - Temperature: 26.625
2026-09-15 11:46:11,744 - Bioreactor - INFO - Peltier PWM stopped.
2026-09-15 11:46:11,744 - Bioreactor - INFO - Heat-only PID [approach]: setpoint=27.00C current=26.62C error=+0.38C rate=+1.95C/min ff=8.4 duty=0.0% (coasting)
2026-09-15 11:46:15,955 - Bioreactor - INFO - Reading temperature from sensor 0
2026-09-15 11:46:16,768 - Bioreactor - INFO - Temperature: 26.687
2026-09-15 11:46:16,768 - Bioreactor - INFO - Peltier PWM stopped.
2026-09-15 11:46:16,768 - Bioreactor - INFO - Heat-only PID [approach]: setpoint=27.00C current=26.69C error=+0.31C rate=+1.65C/min ff=8.4 duty=0.0% (coasting)
2026-09-15 11:46:20,955 - Bioreactor - INFO - Reading temperature from sensor 0
2026-09-15 11:46:21,760 - Bioreactor - INFO - Temperature: 26.75
2026-09-15 11:46:21,760 - Bioreactor - INFO - Peltier set to 10.4% duty, direction reverse
2026-09-15 11:46:21,760 - Bioreactor - INFO - Heat-only PID [trim]: setpoint=27.00C current=26.75C error=+0.25C rate=+1.35C/min ff=8.4 duty=10.4%
2026-09-15 11:46:25,955 - Bioreactor - INFO - Reading temperature from sensor 0
2026-09-15 11:46:26,752 - Bioreactor - INFO - Temperature: 26.812
2026-09-15 11:46:26,752 - Bioreactor - INFO - Peltier set to 10.0% duty, direction reverse
2026-09-15 11:46:26,752 - Bioreactor - INFO - Heat-only PID [trim]: setpoint=27.00C current=26.81C error=+0.19C rate=+1.05C/min ff=8.4 duty=10.0%
2026-09-15 11:46:30,955 - Bioreactor - INFO - Reading temperature from sensor 0
2026-09-15 11:46:31,744 - Bioreactor - INFO - Temperature: 26.812
2026-09-15 11:46:31,744 - Bioreactor - INFO - Peltier set to 10.0% duty, direction reverse
2026-09-15 11:46:31,744 - Bioreactor - INFO - Heat-only PID [trim]: setpoint=27.00C current=26.81C error=+0.19C rate=+0.75C/min ff=8.4 duty=10.0%
2026-09-15 11:46:35,955 - Bioreactor - INFO - Reading temperature from sensor 0
2026-09-15 11:46:36,768 - Bioreactor - INFO - Temperature: 26.812
2026-09-15 11:46:36,771 - Bioreactor - INFO - Peltier set to 10.1% duty, direction reverse
2026-09-15 11:46:36,772 - Bioreactor - INFO - Heat-only PID [trim]: setpoint=27.00C current=26.81C error=+0.19C rate=+0.45C/min ff=8.4 duty=10.1%
2026-09-15 11:46:40,955 - Bioreactor - INFO - Reading temperature from sensor 0
2026-09-15 11:46:41,760 - Bioreactor - INFO - Temperature: 26.812
2026-09-15 11:46:41,760 - Bioreactor - INFO - Peltier set to 10.1% duty, direction reverse
2026-09-15 11:46:41,760 - Bioreactor - INFO - Heat-only PID [trim]: setpoint=27.00C current=26.81C error=+0.19C rate=+0.30C/min ff=8.4 duty=10.1%
2026-09-15 11:46:45,955 - Bioreactor - INFO - Reading temperature from sensor 0
2026-09-15 11:46:46,752 - Bioreactor - INFO - Temperature: 26.812
2026-09-15 11:46:46,753 - Bioreactor - INFO - Peltier set to 10.2% duty, direction reverse
2026-09-15 11:46:46,753 - Bioreactor - INFO - Heat-only PID [trim]: setpoint=27.00C current=26.81C error=+0.19C rate=+0.15C/min ff=8.4 duty=10.2%
2026-09-15 11:46:50,955 - Bioreactor - INFO - Reading temperature from sensor 0
2026-09-15 11:46:51,748 - Bioreactor - INFO - Temperature: 26.812
2026-09-15 11:46:51,749 - Bioreactor - INFO - Peltier set to 10.2% duty, direction reverse
2026-09-15 11:46:51,749 - Bioreactor - INFO - Heat-only PID [trim]: setpoint=27.00C current=26.81C error=+0.19C rate=+0.00C/min ff=8.4 duty=10.2%
2026-09-15 11:46:55,956 - Bioreactor - INFO - Reading temperature from sensor 0
2026-09-15 11:46:56,768 - Bioreactor - INFO - Temperature: 26.812
2026-09-15 11:46:56,768 - Bioreactor - INFO - Peltier set to 10.3% duty, direction reverse
2026-09-15 11:46:56,769 - Bioreactor - INFO - Heat-only PID [trim]: setpoint=27.00C current=26.81C error=+0.19C rate=+0.00C/min ff=8.4 duty=10.3%
2026-09-15 11:47:00,956 - Bioreactor - INFO - Reading temperature from sensor 0
2026-09-15 11:47:01,760 - Bioreactor - INFO - Temperature: 26.812
2026-09-15 11:47:01,761 - Bioreactor - INFO - Peltier set to 10.3% duty, direction reverse
2026-09-15 11:47:01,761 - Bioreactor - INFO - Heat-only PID [trim]: setpoint=27.00C current=26.81C error=+0.19C rate=+0.00C/min ff=8.4 duty=10.3%
2026-09-15 11:47:05,956 - Bioreactor - INFO - Reading temperature from sensor 0
2026-09-15 11:47:06,752 - Bioreactor - INFO - Temperature: 26.875
2026-09-15 11:47:06,752 - Bioreactor - INFO - Peltier set to 9.8% duty, direction reverse
2026-09-15 11:47:06,753 - Bioreactor - INFO - Heat-only PID [trim]: setpoint=27.00C current=26.88C error=+0.12C rate=+0.15C/min ff=8.4 duty=9.8%
2026-09-15 11:47:10,956 - Bioreactor - INFO - Reading temperature from sensor 0
2026-09-15 11:47:11,744 - Bioreactor - INFO - Temperature: 26.875
2026-09-15 11:47:11,744 - Bioreactor - INFO - Peltier set to 9.9% duty, direction reverse
2026-09-15 11:47:11,744 - Bioreactor - INFO - Heat-only PID [trim]: setpoint=27.00C current=26.88C error=+0.12C rate=+0.15C/min ff=8.4 duty=9.9%
2026-09-15 11:47:15,956 - Bioreactor - INFO - Reading temperature from sensor 0
2026-09-15 11:47:16,768 - Bioreactor - INFO - Temperature: 26.875
2026-09-15 11:47:16,772 - Bioreactor - INFO - Peltier set to 9.9% duty, direction reverse
2026-09-15 11:47:16,772 - Bioreactor - INFO - Heat-only PID [trim]: setpoint=27.00C current=26.88C error=+0.12C rate=+0.15C/min ff=8.4 duty=9.9%
2026-09-15 11:47:20,956 - Bioreactor - INFO - Reading temperature from sensor 0
2026-09-15 11:47:21,760 - Bioreactor - INFO - Temperature: 26.937
2026-09-15 11:47:21,760 - Bioreactor - INFO - Peltier set to 9.4% duty, direction reverse
2026-09-15 11:47:21,760 - Bioreactor - INFO - Heat-only PID [trim]: setpoint=27.00C current=26.94C error=+0.06C rate=+0.30C/min ff=8.4 duty=9.4%
2026-09-15 11:47:25,956 - Bioreactor - INFO - Reading temperature from sensor 0
2026-09-15 11:47:26,752 - Bioreactor - INFO - Temperature: 26.937
2026-09-15 11:47:26,752 - Bioreactor - INFO - Peltier set to 9.4% duty, direction reverse
2026-09-15 11:47:26,753 - Bioreactor - INFO - Heat-only PID [trim]: setpoint=27.00C current=26.94C error=+0.06C rate=+0.30C/min ff=8.4 duty=9.4%
2026-09-15 11:47:30,956 - Bioreactor - INFO - Reading temperature from sensor 0
2026-09-15 11:47:31,744 - Bioreactor - INFO - Temperature: 27.0
2026-09-15 11:47:31,745 - Bioreactor - INFO - Peltier set to 8.9% duty, direction reverse
2026-09-15 11:47:31,745 - Bioreactor - INFO - Heat-only PID [trim]: setpoint=27.00C current=27.00C error=+0.00C rate=+0.30C/min ff=8.4 duty=8.9%
2026-09-15 11:47:35,956 - Bioreactor - INFO - Reading temperature from sensor 0
2026-09-15 11:47:36,768 - Bioreactor - INFO - Temperature: 27.062
2026-09-15 11:47:36,768 - Bioreactor - INFO - Peltier set to 8.4% duty, direction reverse
2026-09-15 11:47:36,769 - Bioreactor - INFO - Heat-only PID [trim]: setpoint=27.00C current=27.06C error=-0.06C rate=+0.45C/min ff=8.4 duty=8.4%
2026-09-15 11:47:40,956 - Bioreactor - INFO - Reading temperature from sensor 0
2026-09-15 11:47:41,760 - Bioreactor - INFO - Temperature: 27.062
2026-09-15 11:47:41,761 - Bioreactor - INFO - Peltier set to 8.4% duty, direction reverse
2026-09-15 11:47:41,761 - Bioreactor - INFO - Heat-only PID [trim]: setpoint=27.00C current=27.06C error=-0.06C rate=+0.45C/min ff=8.4 duty=8.4%
2026-09-15 11:47:45,957 - Bioreactor - INFO - Reading temperature from sensor 0
2026-09-15 11:47:46,777 - Bioreactor - INFO - Temperature: 27.125
2026-09-15 11:47:46,777 - Bioreactor - INFO - Peltier set to 7.9% duty, direction reverse
2026-09-15 11:47:46,777 - Bioreactor - INFO - Heat-only PID [trim]: setpoint=27.00C current=27.12C error=-0.12C rate=+0.45C/min ff=8.4 duty=7.9%
2026-09-15 11:47:50,957 - Bioreactor - INFO - Reading temperature from sensor 0
2026-09-15 11:47:51,780 - Bioreactor - INFO - Temperature: 27.187
2026-09-15 11:47:51,781 - Bioreactor - INFO - Peltier set to 7.3% duty, direction reverse
2026-09-15 11:47:51,781 - Bioreactor - INFO - Heat-only PID [trim]: setpoint=27.00C current=27.19C error=-0.19C rate=+0.60C/min ff=8.4 duty=7.3%
2026-09-15 11:47:55,957 - Bioreactor - INFO - Reading temperature from sensor 0
2026-09-15 11:47:56,776 - Bioreactor - INFO - Temperature: 27.187
2026-09-15 11:47:56,776 - Bioreactor - INFO - Peltier set to 7.3% duty, direction reverse
2026-09-15 11:47:56,776 - Bioreactor - INFO - Heat-only PID [trim]: setpoint=27.00C current=27.19C error=-0.19C rate=+0.45C/min ff=8.4 duty=7.3%
2026-09-15 11:48:00,957 - Bioreactor - INFO - Reading temperature from sensor 0
2026-09-15 11:48:01,761 - Bioreactor - INFO - Temperature: 27.187
2026-09-15 11:48:01,763 - Bioreactor - INFO - Peltier set to 7.2% duty, direction reverse
2026-09-15 11:48:01,763 - Bioreactor - INFO - Heat-only PID [trim]: setpoint=27.00C current=27.19C error=-0.19C rate=+0.30C/min ff=8.4 duty=7.2%
2026-09-15 11:48:05,957 - Bioreactor - INFO - Reading temperature from sensor 0
2026-09-15 11:48:06,752 - Bioreactor - INFO - Temperature: 27.25
2026-09-15 11:48:06,752 - Bioreactor - INFO - Peltier set to 6.7% duty, direction reverse
2026-09-15 11:48:06,752 - Bioreactor - INFO - Heat-only PID [trim]: setpoint=27.00C current=27.25C error=-0.25C rate=+0.45C/min ff=8.4 duty=6.7%
2026-09-15 11:48:10,957 - Bioreactor - INFO - Reading temperature from sensor 0
2026-09-15 11:48:11,744 - Bioreactor - INFO - Temperature: 27.25
2026-09-15 11:48:11,744 - Bioreactor - INFO - Peltier set to 6.6% duty, direction reverse
2026-09-15 11:48:11,744 - Bioreactor - INFO - Heat-only PID [trim]: setpoint=27.00C current=27.25C error=-0.25C rate=+0.30C/min ff=8.4 duty=6.6%
2026-09-15 11:48:15,957 - Bioreactor - INFO - Reading temperature from sensor 0
2026-09-15 11:48:16,768 - Bioreactor - INFO - Temperature: 27.312
2026-09-15 11:48:16,768 - Bioreactor - INFO - Peltier set to 6.0% duty, direction reverse
2026-09-15 11:48:16,768 - Bioreactor - INFO - Heat-only PID [trim]: setpoint=27.00C current=27.31C error=-0.31C rate=+0.30C/min ff=8.4 duty=6.0%
2026-09-15 11:48:20,957 - Bioreactor - INFO - Reading temperature from sensor 0
2026-09-15 11:48:21,760 - Bioreactor - INFO - Temperature: 27.312
2026-09-15 11:48:21,760 - Bioreactor - INFO - Peltier set to 6.0% duty, direction reverse
2026-09-15 11:48:21,760 - Bioreactor - INFO - Heat-only PID [trim]: setpoint=27.00C current=27.31C error=-0.31C rate=+0.30C/min ff=8.4 duty=6.0%
2026-09-15 11:48:25,957 - Bioreactor - INFO - Reading temperature from sensor 0
2026-09-15 11:48:26,752 - Bioreactor - INFO - Temperature: 27.312
2026-09-15 11:48:26,752 - Bioreactor - INFO - Peltier set to 5.9% duty, direction reverse
2026-09-15 11:48:26,752 - Bioreactor - INFO - Heat-only PID [trim]: setpoint=27.00C current=27.31C error=-0.31C rate=+0.30C/min ff=8.4 duty=5.9%
2026-09-15 11:48:30,957 - Bioreactor - INFO - Reading temperature from sensor 0
2026-09-15 11:48:31,744 - Bioreactor - INFO - Temperature: 27.312
2026-09-15 11:48:31,744 - Bioreactor - INFO - Peltier set to 5.8% duty, direction reverse
2026-09-15 11:48:31,744 - Bioreactor - INFO - Heat-only PID [trim]: setpoint=27.00C current=27.31C error=-0.31C rate=+0.15C/min ff=8.4 duty=5.8%
2026-09-15 11:48:35,958 - Bioreactor - INFO - Reading temperature from sensor 0
2026-09-15 11:48:36,768 - Bioreactor - INFO - Temperature: 27.312
2026-09-15 11:48:36,768 - Bioreactor - INFO - Peltier set to 5.7% duty, direction reverse
2026-09-15 11:48:36,768 - Bioreactor - INFO - Heat-only PID [trim]: setpoint=27.00C current=27.31C error=-0.31C rate=+0.15C/min ff=8.4 duty=5.7%
2026-09-15 11:48:40,958 - Bioreactor - INFO - Reading temperature from sensor 0
2026-09-15 11:48:41,760 - Bioreactor - INFO - Temperature: 27.312
2026-09-15 11:48:41,760 - Bioreactor - INFO - Peltier set to 5.7% duty, direction reverse
2026-09-15 11:48:41,760 - Bioreactor - INFO - Heat-only PID [trim]: setpoint=27.00C current=27.31C error=-0.31C rate=+0.00C/min ff=8.4 duty=5.7%
2026-09-15 11:48:45,958 - Bioreactor - INFO - Reading temperature from sensor 0
2026-09-15 11:48:46,752 - Bioreactor - INFO - Temperature: 27.312
2026-09-15 11:48:46,752 - Bioreactor - INFO - Peltier set to 5.6% duty, direction reverse
2026-09-15 11:48:46,752 - Bioreactor - INFO - Heat-only PID [trim]: setpoint=27.00C current=27.31C error=-0.31C rate=+0.00C/min ff=8.4 duty=5.6%
2026-09-15 11:48:50,958 - Bioreactor - INFO - Reading temperature from sensor 0
2026-09-15 11:48:51,744 - Bioreactor - INFO - Temperature: 27.312
2026-09-15 11:48:51,744 - Bioreactor - INFO - Peltier set to 5.5% duty, direction reverse
2026-09-15 11:48:51,744 - Bioreactor - INFO - Heat-only PID [trim]: setpoint=27.00C current=27.31C error=-0.31C rate=+0.00C/min ff=8.4 duty=5.5%
2026-09-15 11:48:55,958 - Bioreactor - INFO - Reading temperature from sensor 0
2026-09-15 11:48:56,768 - Bioreactor - INFO - Temperature: 27.375
2026-09-15 11:48:56,768 - Bioreactor - INFO - Peltier set to 4.9% duty, direction reverse
2026-09-15 11:48:56,768 - Bioreactor - INFO - Heat-only PID [trim]: setpoint=27.00C current=27.38C error=-0.38C rate=+0.15C/min ff=8.4 duty=4.9%
2026-09-15 11:49:00,958 - Bioreactor - INFO - Reading temperature from sensor 0
2026-09-15 11:49:01,760 - Bioreactor - INFO - Temperature: 27.312
2026-09-15 11:49:01,760 - Bioreactor - INFO - Peltier set to 5.3% duty, direction reverse
2026-09-15 11:49:01,760 - Bioreactor - INFO - Heat-only PID [trim]: setpoint=27.00C current=27.31C error=-0.31C rate=+0.00C/min ff=8.4 duty=5.3%
2026-09-15 11:49:05,958 - Bioreactor - INFO - Reading temperature from sensor 0
2026-09-15 11:49:06,752 - Bioreactor - INFO - Temperature: 27.312
2026-09-15 11:49:06,752 - Bioreactor - INFO - Peltier set to 5.2% duty, direction reverse
2026-09-15 11:49:06,752 - Bioreactor - INFO - Heat-only PID [trim]: setpoint=27.00C current=27.31C error=-0.31C rate=+0.00C/min ff=8.4 duty=5.2%
2026-09-15 11:49:10,958 - Bioreactor - INFO - Reading temperature from sensor 0
2026-09-15 11:49:11,744 - Bioreactor - INFO - Temperature: 27.312
2026-09-15 11:49:11,744 - Bioreactor - INFO - Peltier set to 5.2% duty, direction reverse
2026-09-15 11:49:11,744 - Bioreactor - INFO - Heat-only PID [trim]: setpoint=27.00C current=27.31C error=-0.31C rate=+0.00C/min ff=8.4 duty=5.2%
2026-09-15 11:49:15,958 - Bioreactor - INFO - Reading temperature from sensor 0
2026-09-15 11:49:16,768 - Bioreactor - INFO - Temperature: 27.312
2026-09-15 11:49:16,768 - Bioreactor - INFO - Peltier set to 5.1% duty, direction reverse
2026-09-15 11:49:16,768 - Bioreactor - INFO - Heat-only PID [trim]: setpoint=27.00C current=27.31C error=-0.31C rate=+0.00C/min ff=8.4 duty=5.1%
2026-09-15 11:49:20,960 - Bioreactor - INFO - Reading temperature from sensor 0
2026-09-15 11:49:21,760 - Bioreactor - INFO - Temperature: 27.312
2026-09-15 11:49:21,760 - Bioreactor - INFO - Peltier set to 5.0% duty, direction reverse
2026-09-15 11:49:21,760 - Bioreactor - INFO - Heat-only PID [trim]: setpoint=27.00C current=27.31C error=-0.31C rate=-0.15C/min ff=8.4 duty=5.0%
2026-09-15 11:49:25,961 - Bioreactor - INFO - Reading temperature from sensor 0
2026-09-15 11:49:26,752 - Bioreactor - INFO - Temperature: 27.312
2026-09-15 11:49:26,752 - Bioreactor - INFO - Peltier set to 4.9% duty, direction reverse
2026-09-15 11:49:26,752 - Bioreactor - INFO - Heat-only PID [trim]: setpoint=27.00C current=27.31C error=-0.31C rate=+0.00C/min ff=8.4 duty=4.9%
2026-09-15 11:49:30,963 - Bioreactor - INFO - Reading temperature from sensor 0
2026-09-15 11:49:31,776 - Bioreactor - INFO - Temperature: 27.25
2026-09-15 11:49:31,776 - Bioreactor - INFO - Peltier set to 5.4% duty, direction reverse
2026-09-15 11:49:31,776 - Bioreactor - INFO - Heat-only PID [trim]: setpoint=27.00C current=27.25C error=-0.25C rate=-0.15C/min ff=8.4 duty=5.4%
2026-09-15 11:49:35,963 - Bioreactor - INFO - Reading temperature from sensor 0
2026-09-15 11:49:36,768 - Bioreactor - INFO - Temperature: 27.25
2026-09-15 11:49:36,768 - Bioreactor - INFO - Peltier set to 5.3% duty, direction reverse
2026-09-15 11:49:36,768 - Bioreactor - INFO - Heat-only PID [trim]: setpoint=27.00C current=27.25C error=-0.25C rate=-0.15C/min ff=8.4 duty=5.3%
2026-09-15 11:49:40,964 - Bioreactor - INFO - Reading temperature from sensor 0
2026-09-15 11:49:41,760 - Bioreactor - INFO - Temperature: 27.25
2026-09-15 11:49:41,760 - Bioreactor - INFO - Peltier set to 5.2% duty, direction reverse
2026-09-15 11:49:41,760 - Bioreactor - INFO - Heat-only PID [trim]: setpoint=27.00C current=27.25C error=-0.25C rate=-0.15C/min ff=8.4 duty=5.2%
2026-09-15 11:49:45,964 - Bioreactor - INFO - Reading temperature from sensor 0
2026-09-15 11:49:46,752 - Bioreactor - INFO - Temperature: 27.187
2026-09-15 11:49:46,752 - Bioreactor - INFO - Peltier set to 5.7% duty, direction reverse
2026-09-15 11:49:46,752 - Bioreactor - INFO - Heat-only PID [trim]: setpoint=27.00C current=27.19C error=-0.19C rate=-0.30C/min ff=8.4 duty=5.7%
2026-09-15 11:49:50,964 - Bioreactor - INFO - Reading temperature from sensor 0
2026-09-15 11:49:51,776 - Bioreactor - INFO - Temperature: 27.187
2026-09-15 11:49:51,776 - Bioreactor - INFO - Peltier set to 5.7% duty, direction reverse
2026-09-15 11:49:51,776 - Bioreactor - INFO - Heat-only PID [trim]: setpoint=27.00C current=27.19C error=-0.19C rate=-0.30C/min ff=8.4 duty=5.7%
2026-09-15 11:49:55,964 - Bioreactor - INFO - Reading temperature from sensor 0
2026-09-15 11:49:56,768 - Bioreactor - INFO - Temperature: 27.187
2026-09-15 11:49:56,768 - Bioreactor - INFO - Peltier set to 5.6% duty, direction reverse
2026-09-15 11:49:56,768 - Bioreactor - INFO - Heat-only PID [trim]: setpoint=27.00C current=27.19C error=-0.19C rate=-0.15C/min ff=8.4 duty=5.6%
2026-09-15 11:50:00,964 - Bioreactor - INFO - Reading temperature from sensor 0
2026-09-15 11:50:01,760 - Bioreactor - INFO - Temperature: 27.187
2026-09-15 11:50:01,760 - Bioreactor - INFO - Peltier set to 5.6% duty, direction reverse
2026-09-15 11:50:01,760 - Bioreactor - INFO - Heat-only PID [trim]: setpoint=27.00C current=27.19C error=-0.19C rate=-0.15C/min ff=8.4 duty=5.6%
2026-09-15 11:50:05,964 - Bioreactor - INFO - Reading temperature from sensor 0
2026-09-15 11:50:06,752 - Bioreactor - INFO - Temperature: 27.125
2026-09-15 11:50:06,752 - Bioreactor - INFO - Peltier set to 6.0% duty, direction reverse
2026-09-15 11:50:06,752 - Bioreactor - INFO - Heat-only PID [trim]: setpoint=27.00C current=27.12C error=-0.12C rate=-0.30C/min ff=8.4 duty=6.0%
2026-09-15 11:50:10,964 - Bioreactor - INFO - Reading temperature from sensor 0
2026-09-15 11:50:11,776 - Bioreactor - INFO - Temperature: 27.125
2026-09-15 11:50:11,776 - Bioreactor - INFO - Peltier set to 6.0% duty, direction reverse
2026-09-15 11:50:11,776 - Bioreactor - INFO - Heat-only PID [trim]: setpoint=27.00C current=27.12C error=-0.12C rate=-0.15C/min ff=8.4 duty=6.0%
2026-09-15 11:50:15,964 - Bioreactor - INFO - Reading temperature from sensor 0
2026-09-15 11:50:16,768 - Bioreactor - INFO - Temperature: 27.125
2026-09-15 11:50:16,768 - Bioreactor - INFO - Peltier set to 6.0% duty, direction reverse
2026-09-15 11:50:16,768 - Bioreactor - INFO - Heat-only PID [trim]: setpoint=27.00C current=27.12C error=-0.12C rate=-0.15C/min ff=8.4 duty=6.0%
2026-09-15 11:50:20,964 - Bioreactor - INFO - Reading temperature from sensor 0
2026-09-15 11:50:21,760 - Bioreactor - INFO - Temperature: 27.125
2026-09-15 11:50:21,760 - Bioreactor - INFO - Peltier set to 5.9% duty, direction reverse
2026-09-15 11:50:21,760 - Bioreactor - INFO - Heat-only PID [trim]: setpoint=27.00C current=27.12C error=-0.12C rate=-0.15C/min ff=8.4 duty=5.9%
2026-09-15 11:50:25,966 - Bioreactor - INFO - Reading temperature from sensor 0
2026-09-15 11:50:26,792 - Bioreactor - INFO - Temperature: 27.062
2026-09-15 11:50:26,792 - Bioreactor - INFO - Peltier set to 6.4% duty, direction reverse
2026-09-15 11:50:26,792 - Bioreactor - INFO - Heat-only PID [trim]: setpoint=27.00C current=27.06C error=-0.06C rate=-0.30C/min ff=8.4 duty=6.4%
2026-09-15 11:50:30,966 - Bioreactor - INFO - Reading temperature from sensor 0
2026-09-15 11:50:31,776 - Bioreactor - INFO - Temperature: 27.062
2026-09-15 11:50:31,776 - Bioreactor - INFO - Peltier set to 6.4% duty, direction reverse
2026-09-15 11:50:31,776 - Bioreactor - INFO - Heat-only PID [trim]: setpoint=27.00C current=27.06C error=-0.06C rate=-0.15C/min ff=8.4 duty=6.4%
2026-09-15 11:50:35,967 - Bioreactor - INFO - Reading temperature from sensor 0
2026-09-15 11:50:36,768 - Bioreactor - INFO - Temperature: 27.062
2026-09-15 11:50:36,768 - Bioreactor - INFO - Peltier set to 6.4% duty, direction reverse
2026-09-15 11:50:36,768 - Bioreactor - INFO - Heat-only PID [trim]: setpoint=27.00C current=27.06C error=-0.06C rate=-0.15C/min ff=8.4 duty=6.4%
2026-09-15 11:50:40,967 - Bioreactor - INFO - Reading temperature from sensor 0
2026-09-15 11:50:41,760 - Bioreactor - INFO - Temperature: 27.062
2026-09-15 11:50:41,760 - Bioreactor - INFO - Peltier set to 6.4% duty, direction reverse
2026-09-15 11:50:41,760 - Bioreactor - INFO - Heat-only PID [trim]: setpoint=27.00C current=27.06C error=-0.06C rate=-0.15C/min ff=8.4 duty=6.4%
2026-09-15 11:50:45,967 - Bioreactor - INFO - Reading temperature from sensor 0
2026-09-15 11:50:46,784 - Bioreactor - INFO - Temperature: 27.0
2026-09-15 11:50:46,784 - Bioreactor - INFO - Peltier set to 6.9% duty, direction reverse
2026-09-15 11:50:46,787 - Bioreactor - INFO - Heat-only PID [trim]: setpoint=27.00C current=27.00C error=+0.00C rate=-0.30C/min ff=8.4 duty=6.9%
2026-09-15 11:50:50,967 - Bioreactor - INFO - Reading temperature from sensor 0
2026-09-15 11:50:51,776 - Bioreactor - INFO - Temperature: 27.062
2026-09-15 11:50:51,776 - Bioreactor - INFO - Peltier set to 6.4% duty, direction reverse
2026-09-15 11:50:51,776 - Bioreactor - INFO - Heat-only PID [trim]: setpoint=27.00C current=27.06C error=-0.06C rate=+0.00C/min ff=8.4 duty=6.4%
2026-09-15 11:50:55,967 - Bioreactor - INFO - Reading temperature from sensor 0
2026-09-15 11:50:56,768 - Bioreactor - INFO - Temperature: 27.0
2026-09-15 11:50:56,768 - Bioreactor - INFO - Peltier set to 6.9% duty, direction reverse
2026-09-15 11:50:56,768 - Bioreactor - INFO - Heat-only PID [trim]: setpoint=27.00C current=27.00C error=+0.00C rate=-0.15C/min ff=8.4 duty=6.9%
2026-09-15 11:51:00,967 - Bioreactor - INFO - Reading temperature from sensor 0
2026-09-15 11:51:01,760 - Bioreactor - INFO - Temperature: 27.0
2026-09-15 11:51:01,760 - Bioreactor - INFO - Peltier set to 6.9% duty, direction reverse
2026-09-15 11:51:01,760 - Bioreactor - INFO - Heat-only PID [trim]: setpoint=27.00C current=27.00C error=+0.00C rate=-0.15C/min ff=8.4 duty=6.9%
2026-09-15 11:51:05,967 - Bioreactor - INFO - Reading temperature from sensor 0
2026-09-15 11:51:06,784 - Bioreactor - INFO - Temperature: 27.0
2026-09-15 11:51:06,784 - Bioreactor - INFO - Peltier set to 6.9% duty, direction reverse
2026-09-15 11:51:06,784 - Bioreactor - INFO - Heat-only PID [trim]: setpoint=27.00C current=27.00C error=+0.00C rate=-0.15C/min ff=8.4 duty=6.9%
2026-09-15 11:51:10,967 - Bioreactor - INFO - Reading temperature from sensor 0
2026-09-15 11:51:11,776 - Bioreactor - INFO - Temperature: 27.0
2026-09-15 11:51:11,776 - Bioreactor - INFO - Peltier set to 6.9% duty, direction reverse
2026-09-15 11:51:11,776 - Bioreactor - INFO - Heat-only PID [trim]: setpoint=27.00C current=27.00C error=+0.00C rate=+0.00C/min ff=8.4 duty=6.9%
2026-09-15 11:51:15,967 - Bioreactor - INFO - Reading temperature from sensor 0
2026-09-15 11:51:16,768 - Bioreactor - INFO - Temperature: 27.0
2026-09-15 11:51:16,768 - Bioreactor - INFO - Peltier set to 6.9% duty, direction reverse
2026-09-15 11:51:16,768 - Bioreactor - INFO - Heat-only PID [trim]: setpoint=27.00C current=27.00C error=+0.00C rate=-0.15C/min ff=8.4 duty=6.9%
2026-09-15 11:51:20,967 - Bioreactor - INFO - Reading temperature from sensor 0
2026-09-15 11:51:21,760 - Bioreactor - INFO - Temperature: 27.0
2026-09-15 11:51:21,760 - Bioreactor - INFO - Peltier set to 6.9% duty, direction reverse
2026-09-15 11:51:21,760 - Bioreactor - INFO - Heat-only PID [trim]: setpoint=27.00C current=27.00C error=+0.00C rate=+0.00C/min ff=8.4 duty=6.9%
2026-09-15 11:51:25,968 - Bioreactor - INFO - Reading temperature from sensor 0
2026-09-15 11:51:26,784 - Bioreactor - INFO - Temperature: 27.0
2026-09-15 11:51:26,784 - Bioreactor - INFO - Peltier set to 6.9% duty, direction reverse
2026-09-15 11:51:26,784 - Bioreactor - INFO - Heat-only PID [trim]: setpoint=27.00C current=27.00C error=+0.00C rate=+0.00C/min ff=8.4 duty=6.9%
2026-09-15 11:51:30,968 - Bioreactor - INFO - Reading temperature from sensor 0
2026-09-15 11:51:31,776 - Bioreactor - INFO - Temperature: 27.0
2026-09-15 11:51:31,776 - Bioreactor - INFO - Peltier set to 6.9% duty, direction reverse
2026-09-15 11:51:31,776 - Bioreactor - INFO - Heat-only PID [trim]: setpoint=27.00C current=27.00C error=+0.00C rate=+0.00C/min ff=8.4 duty=6.9%
2026-09-15 11:51:35,968 - Bioreactor - INFO - Reading temperature from sensor 0
2026-09-15 11:51:36,768 - Bioreactor - INFO - Temperature: 27.0
2026-09-15 11:51:36,768 - Bioreactor - INFO - Peltier set to 6.9% duty, direction reverse
2026-09-15 11:51:36,768 - Bioreactor - INFO - Heat-only PID [trim]: setpoint=27.00C current=27.00C error=+0.00C rate=+0.00C/min ff=8.4 duty=6.9%
2026-09-15 11:51:40,968 - Bioreactor - INFO - Reading temperature from sensor 0
2026-09-15 11:51:41,760 - Bioreactor - INFO - Temperature: 27.0
2026-09-15 11:51:41,760 - Bioreactor - INFO - Peltier set to 6.9% duty, direction reverse
2026-09-15 11:51:41,760 - Bioreactor - INFO - Heat-only PID [trim]: setpoint=27.00C current=27.00C error=+0.00C rate=+0.00C/min ff=8.4 duty=6.9%
2026-09-15 11:51:45,968 - Bioreactor - INFO - Reading temperature from sensor 0
2026-09-15 11:51:46,784 - Bioreactor - INFO - Temperature: 27.0
2026-09-15 11:51:46,784 - Bioreactor - INFO - Peltier set to 6.9% duty, direction reverse
2026-09-15 11:51:46,784 - Bioreactor - INFO - Heat-only PID [trim]: setpoint=27.00C current=27.00C error=+0.00C rate=+0.00C/min ff=8.4 duty=6.9%
2026-09-15 11:51:50,968 - Bioreactor - INFO - Reading temperature from sensor 0
2026-09-15 11:51:51,776 - Bioreactor - INFO - Temperature: 27.0
2026-09-15 11:51:51,776 - Bioreactor - INFO - Peltier set to 6.9% duty, direction reverse
2026-09-15 11:51:51,777 - Bioreactor - INFO - Heat-only PID [trim]: setpoint=27.00C current=27.00C error=+0.00C rate=+0.00C/min ff=8.4 duty=6.9%
2026-09-15 11:51:55,968 - Bioreactor - INFO - Reading temperature from sensor 0
2026-09-15 11:51:56,768 - Bioreactor - INFO - Temperature: 27.0
2026-09-15 11:51:56,768 - Bioreactor - INFO - Peltier set to 6.9% duty, direction reverse
2026-09-15 11:51:56,768 - Bioreactor - INFO - Heat-only PID [trim]: setpoint=27.00C current=27.00C error=+0.00C rate=+0.00C/min ff=8.4 duty=6.9%
2026-09-15 11:52:00,968 - Bioreactor - INFO - Reading temperature from sensor 0
2026-09-15 11:52:01,760 - Bioreactor - INFO - Temperature: 27.0
2026-09-15 11:52:01,760 - Bioreactor - INFO - Peltier set to 6.9% duty, direction reverse
2026-09-15 11:52:01,760 - Bioreactor - INFO - Heat-only PID [trim]: setpoint=27.00C current=27.00C error=+0.00C rate=+0.00C/min ff=8.4 duty=6.9%
2026-09-15 11:52:05,968 - Bioreactor - INFO - Reading temperature from sensor 0
2026-09-15 11:52:06,784 - Bioreactor - INFO - Temperature: 27.0
2026-09-15 11:52:06,784 - Bioreactor - INFO - Peltier set to 6.9% duty, direction reverse
2026-09-15 11:52:06,784 - Bioreactor - INFO - Heat-only PID [trim]: setpoint=27.00C current=27.00C error=+0.00C rate=+0.00C/min ff=8.4 duty=6.9%
2026-09-15 11:52:10,968 - Bioreactor - INFO - Reading temperature from sensor 0
2026-09-15 11:52:11,776 - Bioreactor - INFO - Temperature: 27.0
2026-09-15 11:52:11,776 - Bioreactor - INFO - Peltier set to 6.9% duty, direction reverse
2026-09-15 11:52:11,776 - Bioreactor - INFO - Heat-only PID [trim]: setpoint=27.00C current=27.00C error=+0.00C rate=+0.00C/min ff=8.4 duty=6.9%
2026-09-15 11:52:15,969 - Bioreactor - INFO - Reading temperature from sensor 0
2026-09-15 11:52:16,768 - Bioreactor - INFO - Temperature: 27.0
2026-09-15 11:52:16,768 - Bioreactor - INFO - Peltier set to 6.9% duty, direction reverse
2026-09-15 11:52:16,768 - Bioreactor - INFO - Heat-only PID [trim]: setpoint=27.00C current=27.00C error=+0.00C rate=+0.00C/min ff=8.4 duty=6.9%
2026-09-15 11:52:20,969 - Bioreactor - INFO - Reading temperature from sensor 0
2026-09-15 11:52:21,760 - Bioreactor - INFO - Temperature: 27.0
2026-09-15 11:52:21,760 - Bioreactor - INFO - Peltier set to 6.9% duty, direction reverse
2026-09-15 11:52:21,760 - Bioreactor - INFO - Heat-only PID [trim]: setpoint=27.00C current=27.00C error=+0.00C rate=+0.00C/min ff=8.4 duty=6.9%
2026-09-15 11:52:25,969 - Bioreactor - INFO - Reading temperature from sensor 0
2026-09-15 11:52:26,784 - Bioreactor - INFO - Temperature: 27.0
2026-09-15 11:52:26,784 - Bioreactor - INFO - Peltier set to 6.9% duty, direction reverse
2026-09-15 11:52:26,788 - Bioreactor - INFO - Heat-only PID [trim]: setpoint=27.00C current=27.00C error=+0.00C rate=+0.00C/min ff=8.4 duty=6.9%
2026-09-15 11:52:30,969 - Bioreactor - INFO - Reading temperature from sensor 0
2026-09-15 11:52:31,776 - Bioreactor - INFO - Temperature: 27.0
2026-09-15 11:52:31,776 - Bioreactor - INFO - Peltier set to 6.9% duty, direction reverse
2026-09-15 11:52:31,776 - Bioreactor - INFO - Heat-only PID [trim]: setpoint=27.00C current=27.00C error=+0.00C rate=+0.00C/min ff=8.4 duty=6.9%
2026-09-15 11:52:35,969 - Bioreactor - INFO - Reading temperature from sensor 0
2026-09-15 11:52:36,768 - Bioreactor - INFO - Temperature: 27.0
2026-09-15 11:52:36,768 - Bioreactor - INFO - Peltier set to 6.9% duty, direction reverse
2026-09-15 11:52:36,768 - Bioreactor - INFO - Heat-only PID [trim]: setpoint=27.00C current=27.00C error=+0.00C rate=+0.00C/min ff=8.4 duty=6.9%
2026-09-15 11:52:40,969 - Bioreactor - INFO - Reading temperature from sensor 0
2026-09-15 11:52:41,760 - Bioreactor - INFO - Temperature: 27.062
2026-09-15 11:52:41,760 - Bioreactor - INFO - Peltier set to 6.3% duty, direction reverse
2026-09-15 11:52:41,760 - Bioreactor - INFO - Heat-only PID [trim]: setpoint=27.00C current=27.06C error=-0.06C rate=+0.15C/min ff=8.4 duty=6.3%
2026-09-15 11:52:45,969 - Bioreactor - INFO - Reading temperature from sensor 0
2026-09-15 11:52:46,784 - Bioreactor - INFO - Temperature: 27.0
2026-09-15 11:52:46,784 - Bioreactor - INFO - Peltier set to 6.8% duty, direction reverse
2026-09-15 11:52:46,785 - Bioreactor - INFO - Heat-only PID [trim]: setpoint=27.00C current=27.00C error=+0.00C rate=+0.00C/min ff=8.4 duty=6.8%
2026-09-15 11:52:50,969 - Bioreactor - INFO - Reading temperature from sensor 0
2026-09-15 11:52:51,776 - Bioreactor - INFO - Temperature: 27.0
2026-09-15 11:52:51,776 - Bioreactor - INFO - Peltier set to 6.8% duty, direction reverse
2026-09-15 11:52:51,776 - Bioreactor - INFO - Heat-only PID [trim]: setpoint=27.00C current=27.00C error=+0.00C rate=+0.00C/min ff=8.4 duty=6.8%
2026-09-15 11:52:55,969 - Bioreactor - INFO - Reading temperature from sensor 0
2026-09-15 11:52:56,768 - Bioreactor - INFO - Temperature: 27.0
2026-09-15 11:52:56,768 - Bioreactor - INFO - Peltier set to 6.8% duty, direction reverse
2026-09-15 11:52:56,768 - Bioreactor - INFO - Heat-only PID [trim]: setpoint=27.00C current=27.00C error=+0.00C rate=+0.00C/min ff=8.4 duty=6.8%
2026-09-15 11:53:00,969 - Bioreactor - INFO - Reading temperature from sensor 0
2026-09-15 11:53:01,760 - Bioreactor - INFO - Temperature: 27.0
2026-09-15 11:53:01,760 - Bioreactor - INFO - Peltier set to 6.8% duty, direction reverse
2026-09-15 11:53:01,760 - Bioreactor - INFO - Heat-only PID [trim]: setpoint=27.00C current=27.00C error=+0.00C rate=+0.00C/min ff=8.4 duty=6.8%
2026-09-15 11:53:05,969 - Bioreactor - INFO - Reading temperature from sensor 0
2026-09-15 11:53:06,784 - Bioreactor - INFO - Temperature: 27.0
2026-09-15 11:53:06,784 - Bioreactor - INFO - Peltier set to 6.8% duty, direction reverse
2026-09-15 11:53:06,788 - Bioreactor - INFO - Heat-only PID [trim]: setpoint=27.00C current=27.00C error=+0.00C rate=-0.15C/min ff=8.4 duty=6.8%
2026-09-15 11:53:10,970 - Bioreactor - INFO - Reading temperature from sensor 0
2026-09-15 11:53:11,776 - Bioreactor - INFO - Temperature: 27.0
2026-09-15 11:53:11,776 - Bioreactor - INFO - Peltier set to 6.8% duty, direction reverse
2026-09-15 11:53:11,776 - Bioreactor - INFO - Heat-only PID [trim]: setpoint=27.00C current=27.00C error=+0.00C rate=+0.00C/min ff=8.4 duty=6.8%
2026-09-15 11:53:15,970 - Bioreactor - INFO - Reading temperature from sensor 0
2026-09-15 11:53:16,768 - Bioreactor - INFO - Temperature: 27.0
2026-09-15 11:53:16,768 - Bioreactor - INFO - Peltier set to 6.8% duty, direction reverse
2026-09-15 11:53:16,768 - Bioreactor - INFO - Heat-only PID [trim]: setpoint=27.00C current=27.00C error=+0.00C rate=+0.00C/min ff=8.4 duty=6.8%
2026-09-15 11:53:20,970 - Bioreactor - INFO - Reading temperature from sensor 0
2026-09-15 11:53:21,760 - Bioreactor - INFO - Temperature: 27.0
2026-09-15 11:53:21,760 - Bioreactor - INFO - Peltier set to 6.8% duty, direction reverse
2026-09-15 11:53:21,760 - Bioreactor - INFO - Heat-only PID [trim]: setpoint=27.00C current=27.00C error=+0.00C rate=+0.00C/min ff=8.4 duty=6.8%
2026-09-15 11:53:25,970 - Bioreactor - INFO - Reading temperature from sensor 0
2026-09-15 11:53:26,784 - Bioreactor - INFO - Temperature: 27.0
2026-09-15 11:53:26,784 - Bioreactor - INFO - Peltier set to 6.8% duty, direction reverse
2026-09-15 11:53:26,788 - Bioreactor - INFO - Heat-only PID [trim]: setpoint=27.00C current=27.00C error=+0.00C rate=+0.00C/min ff=8.4 duty=6.8%
2026-09-15 11:53:30,970 - Bioreactor - INFO - Reading temperature from sensor 0
2026-09-15 11:53:31,776 - Bioreactor - INFO - Temperature: 27.0
2026-09-15 11:53:31,776 - Bioreactor - INFO - Peltier set to 6.8% duty, direction reverse
2026-09-15 11:53:31,776 - Bioreactor - INFO - Heat-only PID [trim]: setpoint=27.00C current=27.00C error=+0.00C rate=+0.00C/min ff=8.4 duty=6.8%
2026-09-15 11:53:35,970 - Bioreactor - INFO - Reading temperature from sensor 0
2026-09-15 11:53:36,768 - Bioreactor - INFO - Temperature: 27.0
2026-09-15 11:53:36,768 - Bioreactor - INFO - Peltier set to 6.8% duty, direction reverse
2026-09-15 11:53:36,768 - Bioreactor - INFO - Heat-only PID [trim]: setpoint=27.00C current=27.00C error=+0.00C rate=+0.00C/min ff=8.4 duty=6.8%
2026-09-15 11:53:40,970 - Bioreactor - INFO - Reading temperature from sensor 0
2026-09-15 11:53:41,760 - Bioreactor - INFO - Temperature: 27.0
2026-09-15 11:53:41,760 - Bioreactor - INFO - Peltier set to 6.8% duty, direction reverse
2026-09-15 11:53:41,760 - Bioreactor - INFO - Heat-only PID [trim]: setpoint=27.00C current=27.00C error=+0.00C rate=+0.00C/min ff=8.4 duty=6.8%
2026-09-15 11:53:45,970 - Bioreactor - INFO - Reading temperature from sensor 0
2026-09-15 11:53:46,784 - Bioreactor - INFO - Temperature: 27.062
2026-09-15 11:53:46,784 - Bioreactor - INFO - Peltier set to 6.3% duty, direction reverse
2026-09-15 11:53:46,784 - Bioreactor - INFO - Heat-only PID [trim]: setpoint=27.00C current=27.06C error=-0.06C rate=+0.15C/min ff=8.4 duty=6.3%
2026-09-15 11:53:50,970 - Bioreactor - INFO - Reading temperature from sensor 0
2026-09-15 11:53:51,776 - Bioreactor - INFO - Temperature: 27.0
2026-09-15 11:53:51,776 - Bioreactor - INFO - Peltier set to 6.8% duty, direction reverse
2026-09-15 11:53:51,776 - Bioreactor - INFO - Heat-only PID [trim]: setpoint=27.00C current=27.00C error=+0.00C rate=+0.00C/min ff=8.4 duty=6.8%
2026-09-15 11:53:55,970 - Bioreactor - INFO - Reading temperature from sensor 0
2026-09-15 11:53:56,768 - Bioreactor - INFO - Temperature: 27.0
2026-09-15 11:53:56,768 - Bioreactor - INFO - Peltier set to 6.8% duty, direction reverse
2026-09-15 11:53:56,768 - Bioreactor - INFO - Heat-only PID [trim]: setpoint=27.00C current=27.00C error=+0.00C rate=+0.00C/min ff=8.4 duty=6.8%
2026-09-15 11:54:00,970 - Bioreactor - INFO - Reading temperature from sensor 0
2026-09-15 11:54:01,760 - Bioreactor - INFO - Temperature: 27.0
2026-09-15 11:54:01,760 - Bioreactor - INFO - Peltier set to 6.8% duty, direction reverse
2026-09-15 11:54:01,760 - Bioreactor - INFO - Heat-only PID [trim]: setpoint=27.00C current=27.00C error=+0.00C rate=+0.00C/min ff=8.4 duty=6.8%
2026-09-15 11:54:05,971 - Bioreactor - INFO - Reading temperature from sensor 0
2026-09-15 11:54:06,784 - Bioreactor - INFO - Temperature: 27.0
2026-09-15 11:54:06,784 - Bioreactor - INFO - Peltier set to 6.8% duty, direction reverse
2026-09-15 11:54:06,784 - Bioreactor - INFO - Heat-only PID [trim]: setpoint=27.00C current=27.00C error=+0.00C rate=+0.00C/min ff=8.4 duty=6.8%
2026-09-15 11:54:10,971 - Bioreactor - INFO - Reading temperature from sensor 0
2026-09-15 11:54:11,776 - Bioreactor - INFO - Temperature: 27.0
2026-09-15 11:54:11,776 - Bioreactor - INFO - Peltier set to 6.8% duty, direction reverse
2026-09-15 11:54:11,777 - Bioreactor - INFO - Heat-only PID [trim]: setpoint=27.00C current=27.00C error=+0.00C rate=-0.15C/min ff=8.4 duty=6.8%
2026-09-15 11:54:15,971 - Bioreactor - INFO - Reading temperature from sensor 0
2026-09-15 11:54:16,768 - Bioreactor - INFO - Temperature: 27.0
2026-09-15 11:54:16,768 - Bioreactor - INFO - Peltier set to 6.8% duty, direction reverse
2026-09-15 11:54:16,769 - Bioreactor - INFO - Heat-only PID [trim]: setpoint=27.00C current=27.00C error=+0.00C rate=+0.00C/min ff=8.4 duty=6.8%
2026-09-15 11:54:20,971 - Bioreactor - INFO - Reading temperature from sensor 0
2026-09-15 11:54:21,760 - Bioreactor - INFO - Temperature: 27.0
2026-09-15 11:54:21,760 - Bioreactor - INFO - Peltier set to 6.8% duty, direction reverse
2026-09-15 11:54:21,761 - Bioreactor - INFO - Heat-only PID [trim]: setpoint=27.00C current=27.00C error=+0.00C rate=+0.00C/min ff=8.4 duty=6.8%
2026-09-15 11:54:25,971 - Bioreactor - INFO - Reading temperature from sensor 0
2026-09-15 11:54:26,784 - Bioreactor - INFO - Temperature: 27.0
2026-09-15 11:54:26,785 - Bioreactor - INFO - Peltier set to 6.8% duty, direction reverse
2026-09-15 11:54:26,785 - Bioreactor - INFO - Heat-only PID [trim]: setpoint=27.00C current=27.00C error=+0.00C rate=+0.00C/min ff=8.4 duty=6.8%
2026-09-15 11:54:30,971 - Bioreactor - INFO - Reading temperature from sensor 0
2026-09-15 11:54:31,776 - Bioreactor - INFO - Temperature: 27.0
2026-09-15 11:54:31,776 - Bioreactor - INFO - Peltier set to 6.8% duty, direction reverse
2026-09-15 11:54:31,777 - Bioreactor - INFO - Heat-only PID [trim]: setpoint=27.00C current=27.00C error=+0.00C rate=+0.00C/min ff=8.4 duty=6.8%
2026-09-15 11:54:35,971 - Bioreactor - INFO - Reading temperature from sensor 0
2026-09-15 11:54:36,768 - Bioreactor - INFO - Temperature: 27.0
2026-09-15 11:54:36,768 - Bioreactor - INFO - Peltier set to 6.8% duty, direction reverse
2026-09-15 11:54:36,768 - Bioreactor - INFO - Heat-only PID [trim]: setpoint=27.00C current=27.00C error=+0.00C rate=+0.00C/min ff=8.4 duty=6.8%
2026-09-15 11:54:40,971 - Bioreactor - INFO - Reading temperature from sensor 0
2026-09-15 11:54:41,768 - Bioreactor - INFO - Temperature: 27.0
2026-09-15 11:54:41,768 - Bioreactor - INFO - Peltier set to 6.8% duty, direction reverse
2026-09-15 11:54:41,768 - Bioreactor - INFO - Heat-only PID [trim]: setpoint=27.00C current=27.00C error=+0.00C rate=+0.00C/min ff=8.4 duty=6.8%
2026-09-15 11:54:45,971 - Bioreactor - INFO - Reading temperature from sensor 0
2026-09-15 11:54:46,784 - Bioreactor - INFO - Temperature: 27.0
2026-09-15 11:54:46,784 - Bioreactor - INFO - Peltier set to 6.8% duty, direction reverse
2026-09-15 11:54:46,784 - Bioreactor - INFO - Heat-only PID [trim]: setpoint=27.00C current=27.00C error=+0.00C rate=+0.00C/min ff=8.4 duty=6.8%
2026-09-15 11:54:50,971 - Bioreactor - INFO - Reading temperature from sensor 0
2026-09-15 11:54:51,780 - Bioreactor - INFO - Temperature: 27.0
2026-09-15 11:54:51,780 - Bioreactor - INFO - Peltier set to 6.8% duty, direction reverse
2026-09-15 11:54:51,780 - Bioreactor - INFO - Heat-only PID [trim]: setpoint=27.00C current=27.00C error=+0.00C rate=+0.00C/min ff=8.4 duty=6.8%
2026-09-15 11:54:55,972 - Bioreactor - INFO - Reading temperature from sensor 0
2026-09-15 11:54:56,768 - Bioreactor - INFO - Temperature: 27.0
2026-09-15 11:54:56,769 - Bioreactor - INFO - Peltier set to 6.8% duty, direction reverse
2026-09-15 11:54:56,769 - Bioreactor - INFO - Heat-only PID [trim]: setpoint=27.00C current=27.00C error=+0.00C rate=+0.00C/min ff=8.4 duty=6.8%
2026-09-15 11:55:00,972 - Bioreactor - INFO - Reading temperature from sensor 0
2026-09-15 11:55:01,804 - Bioreactor - INFO - Temperature: 27.0
2026-09-15 11:55:01,804 - Bioreactor - INFO - Peltier set to 6.8% duty, direction reverse
2026-09-15 11:55:01,805 - Bioreactor - INFO - Heat-only PID [trim]: setpoint=27.00C current=27.00C error=+0.00C rate=+0.00C/min ff=8.4 duty=6.8%
2026-09-15 11:55:05,972 - Bioreactor - INFO - Reading temperature from sensor 0
2026-09-15 11:55:06,784 - Bioreactor - INFO - Temperature: 27.0
2026-09-15 11:55:06,785 - Bioreactor - INFO - Peltier set to 6.8% duty, direction reverse
2026-09-15 11:55:06,785 - Bioreactor - INFO - Heat-only PID [trim]: setpoint=27.00C current=27.00C error=+0.00C rate=+0.00C/min ff=8.4 duty=6.8%
2026-09-15 11:55:10,972 - Bioreactor - INFO - Reading temperature from sensor 0
2026-09-15 11:55:11,824 - Bioreactor - INFO - Temperature: 27.0
2026-09-15 11:55:11,824 - Bioreactor - INFO - Peltier set to 6.8% duty, direction reverse
2026-09-15 11:55:11,824 - Bioreactor - INFO - Heat-only PID [trim]: setpoint=27.00C current=27.00C error=+0.00C rate=+0.00C/min ff=8.4 duty=6.8%
2026-09-15 11:55:15,972 - Bioreactor - INFO - Reading temperature from sensor 0
2026-09-15 11:55:16,769 - Bioreactor - INFO - Temperature: 27.0
2026-09-15 11:55:16,770 - Bioreactor - INFO - Peltier set to 6.8% duty, direction reverse
2026-09-15 11:55:16,771 - Bioreactor - INFO - Heat-only PID [trim]: setpoint=27.00C current=27.00C error=+0.00C rate=+0.00C/min ff=8.4 duty=6.8%
2026-09-15 11:55:20,972 - Bioreactor - INFO - Reading temperature from sensor 0
2026-09-15 11:55:21,761 - Bioreactor - INFO - Temperature: 27.0
2026-09-15 11:55:21,761 - Bioreactor - INFO - Peltier set to 6.8% duty, direction reverse
2026-09-15 11:55:21,761 - Bioreactor - INFO - Heat-only PID [trim]: setpoint=27.00C current=27.00C error=+0.00C rate=+0.00C/min ff=8.4 duty=6.8%
2026-09-15 11:55:25,972 - Bioreactor - INFO - Reading temperature from sensor 0
2026-09-15 11:55:26,785 - Bioreactor - INFO - Temperature: 27.0
2026-09-15 11:55:26,785 - Bioreactor - INFO - Peltier set to 6.8% duty, direction reverse
2026-09-15 11:55:26,785 - Bioreactor - INFO - Heat-only PID [trim]: setpoint=27.00C current=27.00C error=+0.00C rate=+0.00C/min ff=8.4 duty=6.8%
2026-09-15 11:55:30,972 - Bioreactor - INFO - Reading temperature from sensor 0
2026-09-15 11:55:31,776 - Bioreactor - INFO - Temperature: 27.0
2026-09-15 11:55:31,776 - Bioreactor - INFO - Peltier set to 6.8% duty, direction reverse
2026-09-15 11:55:31,777 - Bioreactor - INFO - Heat-only PID [trim]: setpoint=27.00C current=27.00C error=+0.00C rate=+0.00C/min ff=8.4 duty=6.8%
2026-09-15 11:55:35,972 - Bioreactor - INFO - Reading temperature from sensor 0
2026-09-15 11:55:36,768 - Bioreactor - INFO - Temperature: 27.0
2026-09-15 11:55:36,768 - Bioreactor - INFO - Peltier set to 6.8% duty, direction reverse
2026-09-15 11:55:36,768 - Bioreactor - INFO - Heat-only PID [trim]: setpoint=27.00C current=27.00C error=+0.00C rate=+0.00C/min ff=8.4 duty=6.8%
2026-09-15 11:55:40,972 - Bioreactor - INFO - Reading temperature from sensor 0
2026-09-15 11:55:41,760 - Bioreactor - INFO - Temperature: 27.0
2026-09-15 11:55:41,760 - Bioreactor - INFO - Peltier set to 6.8% duty, direction reverse
2026-09-15 11:55:41,760 - Bioreactor - INFO - Heat-only PID [trim]: setpoint=27.00C current=27.00C error=+0.00C rate=+0.00C/min ff=8.4 duty=6.8%
2026-09-15 11:55:45,972 - Bioreactor - INFO - Reading temperature from sensor 0
2026-09-15 11:55:46,784 - Bioreactor - INFO - Temperature: 27.0
2026-09-15 11:55:46,784 - Bioreactor - INFO - Peltier set to 6.8% duty, direction reverse
2026-09-15 11:55:46,804 - Bioreactor - INFO - Heat-only PID [trim]: setpoint=27.00C current=27.00C error=+0.00C rate=+0.00C/min ff=8.4 duty=6.8%
2026-09-15 11:55:50,973 - Bioreactor - INFO - Reading temperature from sensor 0
2026-09-15 11:55:51,776 - Bioreactor - INFO - Temperature: 27.0
2026-09-15 11:55:51,776 - Bioreactor - INFO - Peltier set to 6.8% duty, direction reverse
2026-09-15 11:55:51,776 - Bioreactor - INFO - Heat-only PID [trim]: setpoint=27.00C current=27.00C error=+0.00C rate=+0.00C/min ff=8.4 duty=6.8%
2026-09-15 11:55:55,973 - Bioreactor - INFO - Reading temperature from sensor 0
2026-09-15 11:55:56,768 - Bioreactor - INFO - Temperature: 27.0
2026-09-15 11:55:56,768 - Bioreactor - INFO - Peltier set to 6.8% duty, direction reverse
2026-09-15 11:55:56,768 - Bioreactor - INFO - Heat-only PID [trim]: setpoint=27.00C current=27.00C error=+0.00C rate=+0.00C/min ff=8.4 duty=6.8%
2026-09-15 11:56:00,973 - Bioreactor - INFO - Reading temperature from sensor 0
2026-09-15 11:56:01,792 - Bioreactor - INFO - Temperature: 26.937
2026-09-15 11:56:01,792 - Bioreactor - INFO - Peltier set to 7.3% duty, direction reverse
2026-09-15 11:56:01,792 - Bioreactor - INFO - Heat-only PID [trim]: setpoint=27.00C current=26.94C error=+0.06C rate=-0.15C/min ff=8.4 duty=7.3%
2026-09-15 11:56:05,973 - Bioreactor - INFO - Reading temperature from sensor 0
2026-09-15 11:56:06,784 - Bioreactor - INFO - Temperature: 27.0
2026-09-15 11:56:06,784 - Bioreactor - INFO - Peltier set to 6.8% duty, direction reverse
2026-09-15 11:56:06,784 - Bioreactor - INFO - Heat-only PID [trim]: setpoint=27.00C current=27.00C error=+0.00C rate=+0.00C/min ff=8.4 duty=6.8%
2026-09-15 11:56:10,973 - Bioreactor - INFO - Reading temperature from sensor 0
2026-09-15 11:56:11,776 - Bioreactor - INFO - Temperature: 27.0
2026-09-15 11:56:11,776 - Bioreactor - INFO - Peltier set to 6.8% duty, direction reverse
2026-09-15 11:56:11,776 - Bioreactor - INFO - Heat-only PID [trim]: setpoint=27.00C current=27.00C error=+0.00C rate=+0.00C/min ff=8.4 duty=6.8%
2026-09-15 11:56:15,973 - Bioreactor - INFO - Reading temperature from sensor 0
2026-09-15 11:56:16,768 - Bioreactor - INFO - Temperature: 27.0
2026-09-15 11:56:16,768 - Bioreactor - INFO - Peltier set to 6.8% duty, direction reverse
2026-09-15 11:56:16,768 - Bioreactor - INFO - Heat-only PID [trim]: setpoint=27.00C current=27.00C error=+0.00C rate=+0.00C/min ff=8.4 duty=6.8%
2026-09-15 11:56:20,973 - Bioreactor - INFO - Reading temperature from sensor 0
2026-09-15 11:56:21,760 - Bioreactor - INFO - Temperature: 27.0
2026-09-15 11:56:21,760 - Bioreactor - INFO - Peltier set to 6.8% duty, direction reverse
2026-09-15 11:56:21,760 - Bioreactor - INFO - Heat-only PID [trim]: setpoint=27.00C current=27.00C error=+0.00C rate=+0.00C/min ff=8.4 duty=6.8%
2026-09-15 11:56:25,973 - Bioreactor - INFO - Reading temperature from sensor 0
2026-09-15 11:56:26,784 - Bioreactor - INFO - Temperature: 26.937
2026-09-15 11:56:26,784 - Bioreactor - INFO - Peltier set to 7.4% duty, direction reverse
2026-09-15 11:56:26,784 - Bioreactor - INFO - Heat-only PID [trim]: setpoint=27.00C current=26.94C error=+0.06C rate=+0.00C/min ff=8.4 duty=7.4%
2026-09-15 11:56:30,973 - Bioreactor - INFO - Reading temperature from sensor 0
2026-09-15 11:56:31,776 - Bioreactor - INFO - Temperature: 26.937
2026-09-15 11:56:31,776 - Bioreactor - INFO - Peltier set to 7.4% duty, direction reverse
2026-09-15 11:56:31,776 - Bioreactor - INFO - Heat-only PID [trim]: setpoint=27.00C current=26.94C error=+0.06C rate=-0.15C/min ff=8.4 duty=7.4%
2026-09-15 11:56:35,976 - Bioreactor - INFO - Reading temperature from sensor 0
2026-09-15 11:56:36,800 - Bioreactor - INFO - Temperature: 26.937
2026-09-15 11:56:36,800 - Bioreactor - INFO - Peltier set to 7.4% duty, direction reverse
2026-09-15 11:56:36,800 - Bioreactor - INFO - Heat-only PID [trim]: setpoint=27.00C current=26.94C error=+0.06C rate=-0.15C/min ff=8.4 duty=7.4%
2026-09-15 11:56:40,976 - Bioreactor - INFO - Reading temperature from sensor 0
2026-09-15 11:56:41,792 - Bioreactor - INFO - Temperature: 26.937
2026-09-15 11:56:41,792 - Bioreactor - INFO - Peltier set to 7.4% duty, direction reverse
2026-09-15 11:56:41,793 - Bioreactor - INFO - Heat-only PID [trim]: setpoint=27.00C current=26.94C error=+0.06C rate=-0.15C/min ff=8.4 duty=7.4%
2026-09-15 11:56:45,977 - Bioreactor - INFO - Reading temperature from sensor 0
2026-09-15 11:56:46,784 - Bioreactor - INFO - Temperature: 26.937
2026-09-15 11:56:46,784 - Bioreactor - INFO - Peltier set to 7.4% duty, direction reverse
2026-09-15 11:56:46,785 - Bioreactor - INFO - Heat-only PID [trim]: setpoint=27.00C current=26.94C error=+0.06C rate=-0.15C/min ff=8.4 duty=7.4%
2026-09-15 11:56:50,977 - Bioreactor - INFO - Reading temperature from sensor 0
2026-09-15 11:56:51,776 - Bioreactor - INFO - Temperature: 26.937
2026-09-15 11:56:51,776 - Bioreactor - INFO - Peltier set to 7.4% duty, direction reverse
2026-09-15 11:56:51,777 - Bioreactor - INFO - Heat-only PID [trim]: setpoint=27.00C current=26.94C error=+0.06C rate=+0.00C/min ff=8.4 duty=7.4%
2026-09-15 11:56:55,977 - Bioreactor - INFO - Reading temperature from sensor 0
2026-09-15 11:56:56,768 - Bioreactor - INFO - Temperature: 26.937
2026-09-15 11:56:56,768 - Bioreactor - INFO - Peltier set to 7.5% duty, direction reverse
2026-09-15 11:56:56,769 - Bioreactor - INFO - Heat-only PID [trim]: setpoint=27.00C current=26.94C error=+0.06C rate=+0.00C/min ff=8.4 duty=7.5%
2026-09-15 11:57:00,977 - Bioreactor - INFO - Reading temperature from sensor 0
2026-09-15 11:57:01,792 - Bioreactor - INFO - Temperature: 27.0
2026-09-15 11:57:01,792 - Bioreactor - INFO - Peltier set to 6.9% duty, direction reverse
2026-09-15 11:57:01,792 - Bioreactor - INFO - Heat-only PID [trim]: setpoint=27.00C current=27.00C error=+0.00C rate=+0.15C/min ff=8.4 duty=6.9%
2026-09-15 11:57:05,977 - Bioreactor - INFO - Reading temperature from sensor 0
2026-09-15 11:57:06,784 - Bioreactor - INFO - Temperature: 26.937
2026-09-15 11:57:06,784 - Bioreactor - INFO - Peltier set to 7.5% duty, direction reverse
2026-09-15 11:57:06,785 - Bioreactor - INFO - Heat-only PID [trim]: setpoint=27.00C current=26.94C error=+0.06C rate=+0.00C/min ff=8.4 duty=7.5%
2026-09-15 11:57:10,977 - Bioreactor - INFO - Reading temperature from sensor 0
2026-09-15 11:57:11,776 - Bioreactor - INFO - Temperature: 26.937
2026-09-15 11:57:11,776 - Bioreactor - INFO - Peltier set to 7.5% duty, direction reverse
2026-09-15 11:57:11,777 - Bioreactor - INFO - Heat-only PID [trim]: setpoint=27.00C current=26.94C error=+0.06C rate=+0.00C/min ff=8.4 duty=7.5%
2026-09-15 11:57:15,977 - Bioreactor - INFO - Reading temperature from sensor 0
2026-09-15 11:57:16,768 - Bioreactor - INFO - Temperature: 26.937
2026-09-15 11:57:16,768 - Bioreactor - INFO - Peltier set to 7.5% duty, direction reverse
2026-09-15 11:57:16,768 - Bioreactor - INFO - Heat-only PID [trim]: setpoint=27.00C current=26.94C error=+0.06C rate=+0.00C/min ff=8.4 duty=7.5%
2026-09-15 11:57:20,978 - Bioreactor - INFO - Peltier PWM stopped.
2026-09-15 11:57:20,978 - Bioreactor - INFO - Stirrer stopped (0% duty).
2026-09-15 11:57:20,978 - Bioreactor - INFO - Cleaning up Bioreactor...
2026-09-15 11:57:20,978 - Bioreactor - INFO - Stop event set for all threads.
2026-09-15 11:57:20,978 - Bioreactor - INFO - Data file closed.
2026-09-15 11:57:20,978 - Bioreactor - INFO - Peltier PWM stopped.
2026-09-15 11:57:20,978 - Bioreactor - INFO - Stirrer stopped (0% duty).
2026-09-15 11:57:20,978 - Bioreactor - INFO - Bioreactor cleanup complete.
